12234
1 2 4 
1 3 4 
1 5 4 
1 7 4 
1 8 4 
1 10 4 
1 2 3 4 
1 2 7 4 
1 2 8 4 
1 3 2 4 
1 3 5 4 
1 3 6 4 
1 5 2 4 
1 5 6 4 
1 5 8 4 
1 5 10 4 
1 7 5 4 
1 7 6 4 
1 7 8 4 
1 8 2 4 
1 8 3 4 
1 8 6 4 
1 8 7 4 
1 8 10 4 
1 9 2 4 
1 9 3 4 
1 9 5 4 
1 9 6 4 
1 9 7 4 
1 9 10 4 
1 10 3 4 
1 10 5 4 
1 10 6 4 
1 10 7 4 
1 10 8 4 
1 2 3 5 4 
1 2 3 6 4 
1 2 7 5 4 
1 2 7 6 4 
1 2 7 8 4 
1 2 8 3 4 
1 2 8 6 4 
1 2 8 7 4 
1 2 8 10 4 
1 2 9 3 4 
1 2 9 5 4 
1 2 9 6 4 
1 2 9 7 4 
1 2 9 10 4 
1 3 2 7 4 
1 3 2 8 4 
1 3 5 2 4 
1 3 5 6 4 
1 3 5 8 4 
1 3 5 10 4 
1 3 6 2 4 
1 3 6 5 4 
1 3 6 7 4 
1 3 6 8 4 
1 3 6 10 4 
1 3 9 2 4 
1 3 9 5 4 
1 3 9 6 4 
1 3 9 7 4 
1 3 9 10 4 
1 5 2 3 4 
1 5 2 7 4 
1 5 2 8 4 
1 5 6 2 4 
1 5 6 3 4 
1 5 6 7 4 
1 5 6 8 4 
1 5 6 10 4 
1 5 8 2 4 
1 5 8 3 4 
1 5 8 6 4 
1 5 8 7 4 
1 5 8 10 4 
1 5 9 2 4 
1 5 9 3 4 
1 5 9 6 4 
1 5 9 7 4 
1 5 9 10 4 
1 5 10 3 4 
1 5 10 6 4 
1 5 10 7 4 
1 5 10 8 4 
1 7 5 2 4 
1 7 5 6 4 
1 7 5 8 4 
1 7 5 10 4 
1 7 6 2 4 
1 7 6 3 4 
1 7 6 5 4 
1 7 6 8 4 
1 7 6 10 4 
1 7 8 2 4 
1 7 8 3 4 
1 7 8 6 4 
1 7 8 10 4 
1 7 9 2 4 
1 7 9 3 4 
1 7 9 5 4 
1 7 9 6 4 
1 7 9 10 4 
1 8 2 3 4 
1 8 2 7 4 
1 8 3 2 4 
1 8 3 5 4 
1 8 3 6 4 
1 8 6 2 4 
1 8 6 3 4 
1 8 6 5 4 
1 8 6 7 4 
1 8 6 10 4 
1 8 7 5 4 
1 8 7 6 4 
1 8 10 3 4 
1 8 10 5 4 
1 8 10 6 4 
1 8 10 7 4 
1 9 2 3 4 
1 9 2 7 4 
1 9 2 8 4 
1 9 3 2 4 
1 9 3 5 4 
1 9 3 6 4 
1 9 5 2 4 
1 9 5 6 4 
1 9 5 8 4 
1 9 5 10 4 
1 9 6 2 4 
1 9 6 3 4 
1 9 6 5 4 
1 9 6 7 4 
1 9 6 8 4 
1 9 6 10 4 
1 9 7 5 4 
1 9 7 6 4 
1 9 7 8 4 
1 9 10 3 4 
1 9 10 5 4 
1 9 10 6 4 
1 9 10 7 4 
1 9 10 8 4 
1 10 3 2 4 
1 10 3 5 4 
1 10 3 6 4 
1 10 5 2 4 
1 10 5 6 4 
1 10 5 8 4 
1 10 6 2 4 
1 10 6 3 4 
1 10 6 5 4 
1 10 6 7 4 
1 10 6 8 4 
1 10 7 5 4 
1 10 7 6 4 
1 10 7 8 4 
1 10 8 2 4 
1 10 8 3 4 
1 10 8 6 4 
1 10 8 7 4 
1 2 3 5 6 4 
1 2 3 5 8 4 
1 2 3 5 10 4 
1 2 3 6 5 4 
1 2 3 6 7 4 
1 2 3 6 8 4 
1 2 3 6 10 4 
1 2 3 9 5 4 
1 2 3 9 6 4 
1 2 3 9 7 4 
1 2 3 9 10 4 
1 2 7 5 6 4 
1 2 7 5 8 4 
1 2 7 5 10 4 
1 2 7 6 3 4 
1 2 7 6 5 4 
1 2 7 6 8 4 
1 2 7 6 10 4 
1 2 7 8 3 4 
1 2 7 8 6 4 
1 2 7 8 10 4 
1 2 7 9 3 4 
1 2 7 9 5 4 
1 2 7 9 6 4 
1 2 7 9 10 4 
1 2 8 3 5 4 
1 2 8 3 6 4 
1 2 8 6 3 4 
1 2 8 6 5 4 
1 2 8 6 7 4 
1 2 8 6 10 4 
1 2 8 7 5 4 
1 2 8 7 6 4 
1 2 8 10 3 4 
1 2 8 10 5 4 
1 2 8 10 6 4 
1 2 8 10 7 4 
1 2 9 3 5 4 
1 2 9 3 6 4 
1 2 9 5 6 4 
1 2 9 5 8 4 
1 2 9 5 10 4 
1 2 9 6 3 4 
1 2 9 6 5 4 
1 2 9 6 7 4 
1 2 9 6 8 4 
1 2 9 6 10 4 
1 2 9 7 5 4 
1 2 9 7 6 4 
1 2 9 7 8 4 
1 2 9 10 3 4 
1 2 9 10 5 4 
1 2 9 10 6 4 
1 2 9 10 7 4 
1 2 9 10 8 4 
1 3 2 7 5 4 
1 3 2 7 6 4 
1 3 2 7 8 4 
1 3 2 8 6 4 
1 3 2 8 7 4 
1 3 2 8 10 4 
1 3 2 9 5 4 
1 3 2 9 6 4 
1 3 2 9 7 4 
1 3 2 9 10 4 
1 3 5 2 7 4 
1 3 5 2 8 4 
1 3 5 6 2 4 
1 3 5 6 7 4 
1 3 5 6 8 4 
1 3 5 6 10 4 
1 3 5 8 2 4 
1 3 5 8 6 4 
1 3 5 8 7 4 
1 3 5 8 10 4 
1 3 5 9 2 4 
1 3 5 9 6 4 
1 3 5 9 7 4 
1 3 5 9 10 4 
1 3 5 10 6 4 
1 3 5 10 7 4 
1 3 5 10 8 4 
1 3 6 2 7 4 
1 3 6 2 8 4 
1 3 6 5 2 4 
1 3 6 5 8 4 
1 3 6 5 10 4 
1 3 6 7 5 4 
1 3 6 7 8 4 
1 3 6 8 2 4 
1 3 6 8 7 4 
1 3 6 8 10 4 
1 3 6 9 2 4 
1 3 6 9 5 4 
1 3 6 9 7 4 
1 3 6 9 10 4 
1 3 6 10 5 4 
1 3 6 10 7 4 
1 3 6 10 8 4 
1 3 9 2 7 4 
1 3 9 2 8 4 
1 3 9 5 2 4 
1 3 9 5 6 4 
1 3 9 5 8 4 
1 3 9 5 10 4 
1 3 9 6 2 4 
1 3 9 6 5 4 
1 3 9 6 7 4 
1 3 9 6 8 4 
1 3 9 6 10 4 
1 3 9 7 5 4 
1 3 9 7 6 4 
1 3 9 7 8 4 
1 3 9 10 5 4 
1 3 9 10 6 4 
1 3 9 10 7 4 
1 3 9 10 8 4 
1 5 2 3 6 4 
1 5 2 7 6 4 
1 5 2 7 8 4 
1 5 2 8 3 4 
1 5 2 8 6 4 
1 5 2 8 7 4 
1 5 2 8 10 4 
1 5 2 9 3 4 
1 5 2 9 6 4 
1 5 2 9 7 4 
1 5 2 9 10 4 
1 5 6 2 3 4 
1 5 6 2 7 4 
1 5 6 2 8 4 
1 5 6 3 2 4 
1 5 6 7 8 4 
1 5 6 8 2 4 
1 5 6 8 3 4 
1 5 6 8 7 4 
1 5 6 8 10 4 
1 5 6 9 2 4 
1 5 6 9 3 4 
1 5 6 9 7 4 
1 5 6 9 10 4 
1 5 6 10 3 4 
1 5 6 10 7 4 
1 5 6 10 8 4 
1 5 8 2 3 4 
1 5 8 2 7 4 
1 5 8 3 2 4 
1 5 8 3 6 4 
1 5 8 6 2 4 
1 5 8 6 3 4 
1 5 8 6 7 4 
1 5 8 6 10 4 
1 5 8 7 6 4 
1 5 8 10 3 4 
1 5 8 10 6 4 
1 5 8 10 7 4 
1 5 9 2 3 4 
1 5 9 2 7 4 
1 5 9 2 8 4 
1 5 9 3 2 4 
1 5 9 3 6 4 
1 5 9 6 2 4 
1 5 9 6 3 4 
1 5 9 6 7 4 
1 5 9 6 8 4 
1 5 9 6 10 4 
1 5 9 7 6 4 
1 5 9 7 8 4 
1 5 9 10 3 4 
1 5 9 10 6 4 
1 5 9 10 7 4 
1 5 9 10 8 4 
1 5 10 3 2 4 
1 5 10 3 6 4 
1 5 10 6 2 4 
1 5 10 6 3 4 
1 5 10 6 7 4 
1 5 10 6 8 4 
1 5 10 7 6 4 
1 5 10 7 8 4 
1 5 10 8 2 4 
1 5 10 8 3 4 
1 5 10 8 6 4 
1 5 10 8 7 4 
1 7 5 2 3 4 
1 7 5 2 8 4 
1 7 5 6 2 4 
1 7 5 6 3 4 
1 7 5 6 8 4 
1 7 5 6 10 4 
1 7 5 8 2 4 
1 7 5 8 3 4 
1 7 5 8 6 4 
1 7 5 8 10 4 
1 7 5 9 2 4 
1 7 5 9 3 4 
1 7 5 9 6 4 
1 7 5 9 10 4 
1 7 5 10 3 4 
1 7 5 10 6 4 
1 7 5 10 8 4 
1 7 6 2 3 4 
1 7 6 2 8 4 
1 7 6 3 2 4 
1 7 6 3 5 4 
1 7 6 5 2 4 
1 7 6 5 8 4 
1 7 6 5 10 4 
1 7 6 8 2 4 
1 7 6 8 3 4 
1 7 6 8 10 4 
1 7 6 9 2 4 
1 7 6 9 3 4 
1 7 6 9 5 4 
1 7 6 9 10 4 
1 7 6 10 3 4 
1 7 6 10 5 4 
1 7 6 10 8 4 
1 7 8 2 3 4 
1 7 8 3 2 4 
1 7 8 3 5 4 
1 7 8 3 6 4 
1 7 8 6 2 4 
1 7 8 6 3 4 
1 7 8 6 5 4 
1 7 8 6 10 4 
1 7 8 10 3 4 
1 7 8 10 5 4 
1 7 8 10 6 4 
1 7 9 2 3 4 
1 7 9 2 8 4 
1 7 9 3 2 4 
1 7 9 3 5 4 
1 7 9 3 6 4 
1 7 9 5 2 4 
1 7 9 5 6 4 
1 7 9 5 8 4 
1 7 9 5 10 4 
1 7 9 6 2 4 
1 7 9 6 3 4 
1 7 9 6 5 4 
1 7 9 6 8 4 
1 7 9 6 10 4 
1 7 9 10 3 4 
1 7 9 10 5 4 
1 7 9 10 6 4 
1 7 9 10 8 4 
1 8 2 3 5 4 
1 8 2 3 6 4 
1 8 2 7 5 4 
1 8 2 7 6 4 
1 8 2 9 3 4 
1 8 2 9 5 4 
1 8 2 9 6 4 
1 8 2 9 7 4 
1 8 2 9 10 4 
1 8 3 2 7 4 
1 8 3 5 2 4 
1 8 3 5 6 4 
1 8 3 5 10 4 
1 8 3 6 2 4 
1 8 3 6 5 4 
1 8 3 6 7 4 
1 8 3 6 10 4 
1 8 3 9 2 4 
1 8 3 9 5 4 
1 8 3 9 6 4 
1 8 3 9 7 4 
1 8 3 9 10 4 
1 8 6 2 3 4 
1 8 6 2 7 4 
1 8 6 3 2 4 
1 8 6 3 5 4 
1 8 6 5 2 4 
1 8 6 5 10 4 
1 8 6 7 5 4 
1 8 6 9 2 4 
1 8 6 9 3 4 
1 8 6 9 5 4 
1 8 6 9 7 4 
1 8 6 9 10 4 
1 8 6 10 3 4 
1 8 6 10 5 4 
1 8 6 10 7 4 
1 8 7 5 2 4 
1 8 7 5 6 4 
1 8 7 5 10 4 
1 8 7 6 2 4 
1 8 7 6 3 4 
1 8 7 6 5 4 
1 8 7 6 10 4 
1 8 7 9 2 4 
1 8 7 9 3 4 
1 8 7 9 5 4 
1 8 7 9 6 4 
1 8 7 9 10 4 
1 8 10 3 2 4 
1 8 10 3 5 4 
1 8 10 3 6 4 
1 8 10 5 2 4 
1 8 10 5 6 4 
1 8 10 6 2 4 
1 8 10 6 3 4 
1 8 10 6 5 4 
1 8 10 6 7 4 
1 8 10 7 5 4 
1 8 10 7 6 4 
1 9 2 3 5 4 
1 9 2 3 6 4 
1 9 2 7 5 4 
1 9 2 7 6 4 
1 9 2 7 8 4 
1 9 2 8 3 4 
1 9 2 8 6 4 
1 9 2 8 7 4 
1 9 2 8 10 4 
1 9 3 2 7 4 
1 9 3 2 8 4 
1 9 3 5 2 4 
1 9 3 5 6 4 
1 9 3 5 8 4 
1 9 3 5 10 4 
1 9 3 6 2 4 
1 9 3 6 5 4 
1 9 3 6 7 4 
1 9 3 6 8 4 
1 9 3 6 10 4 
1 9 5 2 3 4 
1 9 5 2 7 4 
1 9 5 2 8 4 
1 9 5 6 2 4 
1 9 5 6 3 4 
1 9 5 6 7 4 
1 9 5 6 8 4 
1 9 5 6 10 4 
1 9 5 8 2 4 
1 9 5 8 3 4 
1 9 5 8 6 4 
1 9 5 8 7 4 
1 9 5 8 10 4 
1 9 5 10 3 4 
1 9 5 10 6 4 
1 9 5 10 7 4 
1 9 5 10 8 4 
1 9 6 2 3 4 
1 9 6 2 7 4 
1 9 6 2 8 4 
1 9 6 3 2 4 
1 9 6 3 5 4 
1 9 6 5 2 4 
1 9 6 5 8 4 
1 9 6 5 10 4 
1 9 6 7 5 4 
1 9 6 7 8 4 
1 9 6 8 2 4 
1 9 6 8 3 4 
1 9 6 8 7 4 
1 9 6 8 10 4 
1 9 6 10 3 4 
1 9 6 10 5 4 
1 9 6 10 7 4 
1 9 6 10 8 4 
1 9 7 5 2 4 
1 9 7 5 6 4 
1 9 7 5 8 4 
1 9 7 5 10 4 
1 9 7 6 2 4 
1 9 7 6 3 4 
1 9 7 6 5 4 
1 9 7 6 8 4 
1 9 7 6 10 4 
1 9 7 8 2 4 
1 9 7 8 3 4 
1 9 7 8 6 4 
1 9 7 8 10 4 
1 9 10 3 2 4 
1 9 10 3 5 4 
1 9 10 3 6 4 
1 9 10 5 2 4 
1 9 10 5 6 4 
1 9 10 5 8 4 
1 9 10 6 2 4 
1 9 10 6 3 4 
1 9 10 6 5 4 
1 9 10 6 7 4 
1 9 10 6 8 4 
1 9 10 7 5 4 
1 9 10 7 6 4 
1 9 10 7 8 4 
1 9 10 8 2 4 
1 9 10 8 3 4 
1 9 10 8 6 4 
1 9 10 8 7 4 
1 10 3 2 7 4 
1 10 3 2 8 4 
1 10 3 5 2 4 
1 10 3 5 6 4 
1 10 3 5 8 4 
1 10 3 6 2 4 
1 10 3 6 5 4 
1 10 3 6 7 4 
1 10 3 6 8 4 
1 10 3 9 2 4 
1 10 3 9 5 4 
1 10 3 9 6 4 
1 10 3 9 7 4 
1 10 5 2 3 4 
1 10 5 2 7 4 
1 10 5 2 8 4 
1 10 5 6 2 4 
1 10 5 6 3 4 
1 10 5 6 7 4 
1 10 5 6 8 4 
1 10 5 8 2 4 
1 10 5 8 3 4 
1 10 5 8 6 4 
1 10 5 8 7 4 
1 10 5 9 2 4 
1 10 5 9 3 4 
1 10 5 9 6 4 
1 10 5 9 7 4 
1 10 6 2 3 4 
1 10 6 2 7 4 
1 10 6 2 8 4 
1 10 6 3 2 4 
1 10 6 3 5 4 
1 10 6 5 2 4 
1 10 6 5 8 4 
1 10 6 7 5 4 
1 10 6 7 8 4 
1 10 6 8 2 4 
1 10 6 8 3 4 
1 10 6 8 7 4 
1 10 6 9 2 4 
1 10 6 9 3 4 
1 10 6 9 5 4 
1 10 6 9 7 4 
1 10 7 5 2 4 
1 10 7 5 6 4 
1 10 7 5 8 4 
1 10 7 6 2 4 
1 10 7 6 3 4 
1 10 7 6 5 4 
1 10 7 6 8 4 
1 10 7 8 2 4 
1 10 7 8 3 4 
1 10 7 8 6 4 
1 10 7 9 2 4 
1 10 7 9 3 4 
1 10 7 9 5 4 
1 10 7 9 6 4 
1 10 8 2 3 4 
1 10 8 2 7 4 
1 10 8 3 2 4 
1 10 8 3 5 4 
1 10 8 3 6 4 
1 10 8 6 2 4 
1 10 8 6 3 4 
1 10 8 6 5 4 
1 10 8 6 7 4 
1 10 8 7 5 4 
1 10 8 7 6 4 
1 2 3 5 6 7 4 
1 2 3 5 6 8 4 
1 2 3 5 6 10 4 
1 2 3 5 8 6 4 
1 2 3 5 8 7 4 
1 2 3 5 8 10 4 
1 2 3 5 9 6 4 
1 2 3 5 9 7 4 
1 2 3 5 9 10 4 
1 2 3 5 10 6 4 
1 2 3 5 10 7 4 
1 2 3 5 10 8 4 
1 2 3 6 5 8 4 
1 2 3 6 5 10 4 
1 2 3 6 7 5 4 
1 2 3 6 7 8 4 
1 2 3 6 8 7 4 
1 2 3 6 8 10 4 
1 2 3 6 9 5 4 
1 2 3 6 9 7 4 
1 2 3 6 9 10 4 
1 2 3 6 10 5 4 
1 2 3 6 10 7 4 
1 2 3 6 10 8 4 
1 2 3 9 5 6 4 
1 2 3 9 5 8 4 
1 2 3 9 5 10 4 
1 2 3 9 6 5 4 
1 2 3 9 6 7 4 
1 2 3 9 6 8 4 
1 2 3 9 6 10 4 
1 2 3 9 7 5 4 
1 2 3 9 7 6 4 
1 2 3 9 7 8 4 
1 2 3 9 10 5 4 
1 2 3 9 10 6 4 
1 2 3 9 10 7 4 
1 2 3 9 10 8 4 
1 2 7 5 6 3 4 
1 2 7 5 6 8 4 
1 2 7 5 6 10 4 
1 2 7 5 8 3 4 
1 2 7 5 8 6 4 
1 2 7 5 8 10 4 
1 2 7 5 9 3 4 
1 2 7 5 9 6 4 
1 2 7 5 9 10 4 
1 2 7 5 10 3 4 
1 2 7 5 10 6 4 
1 2 7 5 10 8 4 
1 2 7 6 3 5 4 
1 2 7 6 5 8 4 
1 2 7 6 5 10 4 
1 2 7 6 8 3 4 
1 2 7 6 8 10 4 
1 2 7 6 9 3 4 
1 2 7 6 9 5 4 
1 2 7 6 9 10 4 
1 2 7 6 10 3 4 
1 2 7 6 10 5 4 
1 2 7 6 10 8 4 
1 2 7 8 3 5 4 
1 2 7 8 3 6 4 
1 2 7 8 6 3 4 
1 2 7 8 6 5 4 
1 2 7 8 6 10 4 
1 2 7 8 10 3 4 
1 2 7 8 10 5 4 
1 2 7 8 10 6 4 
1 2 7 9 3 5 4 
1 2 7 9 3 6 4 
1 2 7 9 5 6 4 
1 2 7 9 5 8 4 
1 2 7 9 5 10 4 
1 2 7 9 6 3 4 
1 2 7 9 6 5 4 
1 2 7 9 6 8 4 
1 2 7 9 6 10 4 
1 2 7 9 10 3 4 
1 2 7 9 10 5 4 
1 2 7 9 10 6 4 
1 2 7 9 10 8 4 
1 2 8 3 5 6 4 
1 2 8 3 5 10 4 
1 2 8 3 6 5 4 
1 2 8 3 6 7 4 
1 2 8 3 6 10 4 
1 2 8 3 9 5 4 
1 2 8 3 9 6 4 
1 2 8 3 9 7 4 
1 2 8 3 9 10 4 
1 2 8 6 3 5 4 
1 2 8 6 5 10 4 
1 2 8 6 7 5 4 
1 2 8 6 9 3 4 
1 2 8 6 9 5 4 
1 2 8 6 9 7 4 
1 2 8 6 9 10 4 
1 2 8 6 10 3 4 
1 2 8 6 10 5 4 
1 2 8 6 10 7 4 
1 2 8 7 5 6 4 
1 2 8 7 5 10 4 
1 2 8 7 6 3 4 
1 2 8 7 6 5 4 
1 2 8 7 6 10 4 
1 2 8 7 9 3 4 
1 2 8 7 9 5 4 
1 2 8 7 9 6 4 
1 2 8 7 9 10 4 
1 2 8 10 3 5 4 
1 2 8 10 3 6 4 
1 2 8 10 5 6 4 
1 2 8 10 6 3 4 
1 2 8 10 6 5 4 
1 2 8 10 6 7 4 
1 2 8 10 7 5 4 
1 2 8 10 7 6 4 
1 2 9 3 5 6 4 
1 2 9 3 5 8 4 
1 2 9 3 5 10 4 
1 2 9 3 6 5 4 
1 2 9 3 6 7 4 
1 2 9 3 6 8 4 
1 2 9 3 6 10 4 
1 2 9 5 6 3 4 
1 2 9 5 6 7 4 
1 2 9 5 6 8 4 
1 2 9 5 6 10 4 
1 2 9 5 8 3 4 
1 2 9 5 8 6 4 
1 2 9 5 8 7 4 
1 2 9 5 8 10 4 
1 2 9 5 10 3 4 
1 2 9 5 10 6 4 
1 2 9 5 10 7 4 
1 2 9 5 10 8 4 
1 2 9 6 3 5 4 
1 2 9 6 5 8 4 
1 2 9 6 5 10 4 
1 2 9 6 7 5 4 
1 2 9 6 7 8 4 
1 2 9 6 8 3 4 
1 2 9 6 8 7 4 
1 2 9 6 8 10 4 
1 2 9 6 10 3 4 
1 2 9 6 10 5 4 
1 2 9 6 10 7 4 
1 2 9 6 10 8 4 
1 2 9 7 5 6 4 
1 2 9 7 5 8 4 
1 2 9 7 5 10 4 
1 2 9 7 6 3 4 
1 2 9 7 6 5 4 
1 2 9 7 6 8 4 
1 2 9 7 6 10 4 
1 2 9 7 8 3 4 
1 2 9 7 8 6 4 
1 2 9 7 8 10 4 
1 2 9 10 3 5 4 
1 2 9 10 3 6 4 
1 2 9 10 5 6 4 
1 2 9 10 5 8 4 
1 2 9 10 6 3 4 
1 2 9 10 6 5 4 
1 2 9 10 6 7 4 
1 2 9 10 6 8 4 
1 2 9 10 7 5 4 
1 2 9 10 7 6 4 
1 2 9 10 7 8 4 
1 2 9 10 8 3 4 
1 2 9 10 8 6 4 
1 2 9 10 8 7 4 
1 3 2 7 5 6 4 
1 3 2 7 5 8 4 
1 3 2 7 5 10 4 
1 3 2 7 6 5 4 
1 3 2 7 6 8 4 
1 3 2 7 6 10 4 
1 3 2 7 8 6 4 
1 3 2 7 8 10 4 
1 3 2 7 9 5 4 
1 3 2 7 9 6 4 
1 3 2 7 9 10 4 
1 3 2 8 6 5 4 
1 3 2 8 6 7 4 
1 3 2 8 6 10 4 
1 3 2 8 7 5 4 
1 3 2 8 7 6 4 
1 3 2 8 10 5 4 
1 3 2 8 10 6 4 
1 3 2 8 10 7 4 
1 3 2 9 5 6 4 
1 3 2 9 5 8 4 
1 3 2 9 5 10 4 
1 3 2 9 6 5 4 
1 3 2 9 6 7 4 
1 3 2 9 6 8 4 
1 3 2 9 6 10 4 
1 3 2 9 7 5 4 
1 3 2 9 7 6 4 
1 3 2 9 7 8 4 
1 3 2 9 10 5 4 
1 3 2 9 10 6 4 
1 3 2 9 10 7 4 
1 3 2 9 10 8 4 
1 3 5 2 7 6 4 
1 3 5 2 7 8 4 
1 3 5 2 8 6 4 
1 3 5 2 8 7 4 
1 3 5 2 8 10 4 
1 3 5 2 9 6 4 
1 3 5 2 9 7 4 
1 3 5 2 9 10 4 
1 3 5 6 2 7 4 
1 3 5 6 2 8 4 
1 3 5 6 7 8 4 
1 3 5 6 8 2 4 
1 3 5 6 8 7 4 
1 3 5 6 8 10 4 
1 3 5 6 9 2 4 
1 3 5 6 9 7 4 
1 3 5 6 9 10 4 
1 3 5 6 10 7 4 
1 3 5 6 10 8 4 
1 3 5 8 2 7 4 
1 3 5 8 6 2 4 
1 3 5 8 6 7 4 
1 3 5 8 6 10 4 
1 3 5 8 7 6 4 
1 3 5 8 10 6 4 
1 3 5 8 10 7 4 
1 3 5 9 2 7 4 
1 3 5 9 2 8 4 
1 3 5 9 6 2 4 
1 3 5 9 6 7 4 
1 3 5 9 6 8 4 
1 3 5 9 6 10 4 
1 3 5 9 7 6 4 
1 3 5 9 7 8 4 
1 3 5 9 10 6 4 
1 3 5 9 10 7 4 
1 3 5 9 10 8 4 
1 3 5 10 6 2 4 
1 3 5 10 6 7 4 
1 3 5 10 6 8 4 
1 3 5 10 7 6 4 
1 3 5 10 7 8 4 
1 3 5 10 8 2 4 
1 3 5 10 8 6 4 
1 3 5 10 8 7 4 
1 3 6 2 7 5 4 
1 3 6 2 7 8 4 
1 3 6 2 8 7 4 
1 3 6 2 8 10 4 
1 3 6 2 9 5 4 
1 3 6 2 9 7 4 
1 3 6 2 9 10 4 
1 3 6 5 2 7 4 
1 3 6 5 2 8 4 
1 3 6 5 8 2 4 
1 3 6 5 8 7 4 
1 3 6 5 8 10 4 
1 3 6 5 9 2 4 
1 3 6 5 9 7 4 
1 3 6 5 9 10 4 
1 3 6 5 10 7 4 
1 3 6 5 10 8 4 
1 3 6 7 5 2 4 
1 3 6 7 5 8 4 
1 3 6 7 5 10 4 
1 3 6 7 8 2 4 
1 3 6 7 8 10 4 
1 3 6 7 9 2 4 
1 3 6 7 9 5 4 
1 3 6 7 9 10 4 
1 3 6 8 2 7 4 
1 3 6 8 7 5 4 
1 3 6 8 10 5 4 
1 3 6 8 10 7 4 
1 3 6 9 2 7 4 
1 3 6 9 2 8 4 
1 3 6 9 5 2 4 
1 3 6 9 5 8 4 
1 3 6 9 5 10 4 
1 3 6 9 7 5 4 
1 3 6 9 7 8 4 
1 3 6 9 10 5 4 
1 3 6 9 10 7 4 
1 3 6 9 10 8 4 
1 3 6 10 5 2 4 
1 3 6 10 5 8 4 
1 3 6 10 7 5 4 
1 3 6 10 7 8 4 
1 3 6 10 8 2 4 
1 3 6 10 8 7 4 
1 3 9 2 7 5 4 
1 3 9 2 7 6 4 
1 3 9 2 7 8 4 
1 3 9 2 8 6 4 
1 3 9 2 8 7 4 
1 3 9 2 8 10 4 
1 3 9 5 2 7 4 
1 3 9 5 2 8 4 
1 3 9 5 6 2 4 
1 3 9 5 6 7 4 
1 3 9 5 6 8 4 
1 3 9 5 6 10 4 
1 3 9 5 8 2 4 
1 3 9 5 8 6 4 
1 3 9 5 8 7 4 
1 3 9 5 8 10 4 
1 3 9 5 10 6 4 
1 3 9 5 10 7 4 
1 3 9 5 10 8 4 
1 3 9 6 2 7 4 
1 3 9 6 2 8 4 
1 3 9 6 5 2 4 
1 3 9 6 5 8 4 
1 3 9 6 5 10 4 
1 3 9 6 7 5 4 
1 3 9 6 7 8 4 
1 3 9 6 8 2 4 
1 3 9 6 8 7 4 
1 3 9 6 8 10 4 
1 3 9 6 10 5 4 
1 3 9 6 10 7 4 
1 3 9 6 10 8 4 
1 3 9 7 5 2 4 
1 3 9 7 5 6 4 
1 3 9 7 5 8 4 
1 3 9 7 5 10 4 
1 3 9 7 6 2 4 
1 3 9 7 6 5 4 
1 3 9 7 6 8 4 
1 3 9 7 6 10 4 
1 3 9 7 8 2 4 
1 3 9 7 8 6 4 
1 3 9 7 8 10 4 
1 3 9 10 5 2 4 
1 3 9 10 5 6 4 
1 3 9 10 5 8 4 
1 3 9 10 6 2 4 
1 3 9 10 6 5 4 
1 3 9 10 6 7 4 
1 3 9 10 6 8 4 
1 3 9 10 7 5 4 
1 3 9 10 7 6 4 
1 3 9 10 7 8 4 
1 3 9 10 8 2 4 
1 3 9 10 8 6 4 
1 3 9 10 8 7 4 
1 5 2 3 6 7 4 
1 5 2 3 6 8 4 
1 5 2 3 6 10 4 
1 5 2 3 9 6 4 
1 5 2 3 9 7 4 
1 5 2 3 9 10 4 
1 5 2 7 6 3 4 
1 5 2 7 6 8 4 
1 5 2 7 6 10 4 
1 5 2 7 8 3 4 
1 5 2 7 8 6 4 
1 5 2 7 8 10 4 
1 5 2 7 9 3 4 
1 5 2 7 9 6 4 
1 5 2 7 9 10 4 
1 5 2 8 3 6 4 
1 5 2 8 6 3 4 
1 5 2 8 6 7 4 
1 5 2 8 6 10 4 
1 5 2 8 7 6 4 
1 5 2 8 10 3 4 
1 5 2 8 10 6 4 
1 5 2 8 10 7 4 
1 5 2 9 3 6 4 
1 5 2 9 6 3 4 
1 5 2 9 6 7 4 
1 5 2 9 6 8 4 
1 5 2 9 6 10 4 
1 5 2 9 7 6 4 
1 5 2 9 7 8 4 
1 5 2 9 10 3 4 
1 5 2 9 10 6 4 
1 5 2 9 10 7 4 
1 5 2 9 10 8 4 
1 5 6 2 7 8 4 
1 5 6 2 8 3 4 
1 5 6 2 8 7 4 
1 5 6 2 8 10 4 
1 5 6 2 9 3 4 
1 5 6 2 9 7 4 
1 5 6 2 9 10 4 
1 5 6 3 2 7 4 
1 5 6 3 2 8 4 
1 5 6 3 9 2 4 
1 5 6 3 9 7 4 
1 5 6 3 9 10 4 
1 5 6 7 8 2 4 
1 5 6 7 8 3 4 
1 5 6 7 8 10 4 
1 5 6 7 9 2 4 
1 5 6 7 9 3 4 
1 5 6 7 9 10 4 
1 5 6 8 2 3 4 
1 5 6 8 2 7 4 
1 5 6 8 3 2 4 
1 5 6 8 10 3 4 
1 5 6 8 10 7 4 
1 5 6 9 2 3 4 
1 5 6 9 2 7 4 
1 5 6 9 2 8 4 
1 5 6 9 3 2 4 
1 5 6 9 7 8 4 
1 5 6 9 10 3 4 
1 5 6 9 10 7 4 
1 5 6 9 10 8 4 
1 5 6 10 3 2 4 
1 5 6 10 7 8 4 
1 5 6 10 8 2 4 
1 5 6 10 8 3 4 
1 5 6 10 8 7 4 
1 5 8 2 3 6 4 
1 5 8 2 7 6 4 
1 5 8 2 9 3 4 
1 5 8 2 9 6 4 
1 5 8 2 9 7 4 
1 5 8 2 9 10 4 
1 5 8 3 2 7 4 
1 5 8 3 6 2 4 
1 5 8 3 6 7 4 
1 5 8 3 6 10 4 
1 5 8 3 9 2 4 
1 5 8 3 9 6 4 
1 5 8 3 9 7 4 
1 5 8 3 9 10 4 
1 5 8 6 2 3 4 
1 5 8 6 2 7 4 
1 5 8 6 3 2 4 
1 5 8 6 9 2 4 
1 5 8 6 9 3 4 
1 5 8 6 9 7 4 
1 5 8 6 9 10 4 
1 5 8 6 10 3 4 
1 5 8 6 10 7 4 
1 5 8 7 6 2 4 
1 5 8 7 6 3 4 
1 5 8 7 6 10 4 
1 5 8 7 9 2 4 
1 5 8 7 9 3 4 
1 5 8 7 9 6 4 
1 5 8 7 9 10 4 
1 5 8 10 3 2 4 
1 5 8 10 3 6 4 
1 5 8 10 6 2 4 
1 5 8 10 6 3 4 
1 5 8 10 6 7 4 
1 5 8 10 7 6 4 
1 5 9 2 3 6 4 
1 5 9 2 7 6 4 
1 5 9 2 7 8 4 
1 5 9 2 8 3 4 
1 5 9 2 8 6 4 
1 5 9 2 8 7 4 
1 5 9 2 8 10 4 
1 5 9 3 2 7 4 
1 5 9 3 2 8 4 
1 5 9 3 6 2 4 
1 5 9 3 6 7 4 
1 5 9 3 6 8 4 
1 5 9 3 6 10 4 
1 5 9 6 2 3 4 
1 5 9 6 2 7 4 
1 5 9 6 2 8 4 
1 5 9 6 3 2 4 
1 5 9 6 7 8 4 
1 5 9 6 8 2 4 
1 5 9 6 8 3 4 
1 5 9 6 8 7 4 
1 5 9 6 8 10 4 
1 5 9 6 10 3 4 
1 5 9 6 10 7 4 
1 5 9 6 10 8 4 
1 5 9 7 6 2 4 
1 5 9 7 6 3 4 
1 5 9 7 6 8 4 
1 5 9 7 6 10 4 
1 5 9 7 8 2 4 
1 5 9 7 8 3 4 
1 5 9 7 8 6 4 
1 5 9 7 8 10 4 
1 5 9 10 3 2 4 
1 5 9 10 3 6 4 
1 5 9 10 6 2 4 
1 5 9 10 6 3 4 
1 5 9 10 6 7 4 
1 5 9 10 6 8 4 
1 5 9 10 7 6 4 
1 5 9 10 7 8 4 
1 5 9 10 8 2 4 
1 5 9 10 8 3 4 
1 5 9 10 8 6 4 
1 5 9 10 8 7 4 
1 5 10 3 2 7 4 
1 5 10 3 2 8 4 
1 5 10 3 6 2 4 
1 5 10 3 6 7 4 
1 5 10 3 6 8 4 
1 5 10 3 9 2 4 
1 5 10 3 9 6 4 
1 5 10 3 9 7 4 
1 5 10 6 2 3 4 
1 5 10 6 2 7 4 
1 5 10 6 2 8 4 
1 5 10 6 3 2 4 
1 5 10 6 7 8 4 
1 5 10 6 8 2 4 
1 5 10 6 8 3 4 
1 5 10 6 8 7 4 
1 5 10 6 9 2 4 
1 5 10 6 9 3 4 
1 5 10 6 9 7 4 
1 5 10 7 6 2 4 
1 5 10 7 6 3 4 
1 5 10 7 6 8 4 
1 5 10 7 8 2 4 
1 5 10 7 8 3 4 
1 5 10 7 8 6 4 
1 5 10 7 9 2 4 
1 5 10 7 9 3 4 
1 5 10 7 9 6 4 
1 5 10 8 2 3 4 
1 5 10 8 2 7 4 
1 5 10 8 3 2 4 
1 5 10 8 3 6 4 
1 5 10 8 6 2 4 
1 5 10 8 6 3 4 
1 5 10 8 6 7 4 
1 5 10 8 7 6 4 
1 7 5 2 3 6 4 
1 7 5 2 8 3 4 
1 7 5 2 8 6 4 
1 7 5 2 8 10 4 
1 7 5 2 9 3 4 
1 7 5 2 9 6 4 
1 7 5 2 9 10 4 
1 7 5 6 2 3 4 
1 7 5 6 2 8 4 
1 7 5 6 3 2 4 
1 7 5 6 8 2 4 
1 7 5 6 8 3 4 
1 7 5 6 8 10 4 
1 7 5 6 9 2 4 
1 7 5 6 9 3 4 
1 7 5 6 9 10 4 
1 7 5 6 10 3 4 
1 7 5 6 10 8 4 
1 7 5 8 2 3 4 
1 7 5 8 3 2 4 
1 7 5 8 3 6 4 
1 7 5 8 6 2 4 
1 7 5 8 6 3 4 
1 7 5 8 6 10 4 
1 7 5 8 10 3 4 
1 7 5 8 10 6 4 
1 7 5 9 2 3 4 
1 7 5 9 2 8 4 
1 7 5 9 3 2 4 
1 7 5 9 3 6 4 
1 7 5 9 6 2 4 
1 7 5 9 6 3 4 
1 7 5 9 6 8 4 
1 7 5 9 6 10 4 
1 7 5 9 10 3 4 
1 7 5 9 10 6 4 
1 7 5 9 10 8 4 
1 7 5 10 3 2 4 
1 7 5 10 3 6 4 
1 7 5 10 6 2 4 
1 7 5 10 6 3 4 
1 7 5 10 6 8 4 
1 7 5 10 8 2 4 
1 7 5 10 8 3 4 
1 7 5 10 8 6 4 
1 7 6 2 3 5 4 
1 7 6 2 8 3 4 
1 7 6 2 8 10 4 
1 7 6 2 9 3 4 
1 7 6 2 9 5 4 
1 7 6 2 9 10 4 
1 7 6 3 2 8 4 
1 7 6 3 5 2 4 
1 7 6 3 5 8 4 
1 7 6 3 5 10 4 
1 7 6 3 9 2 4 
1 7 6 3 9 5 4 
1 7 6 3 9 10 4 
1 7 6 5 2 3 4 
1 7 6 5 2 8 4 
1 7 6 5 8 2 4 
1 7 6 5 8 3 4 
1 7 6 5 8 10 4 
1 7 6 5 9 2 4 
1 7 6 5 9 3 4 
1 7 6 5 9 10 4 
1 7 6 5 10 3 4 
1 7 6 5 10 8 4 
1 7 6 8 2 3 4 
1 7 6 8 3 2 4 
1 7 6 8 3 5 4 
1 7 6 8 10 3 4 
1 7 6 8 10 5 4 
1 7 6 9 2 3 4 
1 7 6 9 2 8 4 
1 7 6 9 3 2 4 
1 7 6 9 3 5 4 
1 7 6 9 5 2 4 
1 7 6 9 5 8 4 
1 7 6 9 5 10 4 
1 7 6 9 10 3 4 
1 7 6 9 10 5 4 
1 7 6 9 10 8 4 
1 7 6 10 3 2 4 
1 7 6 10 3 5 4 
1 7 6 10 5 2 4 
1 7 6 10 5 8 4 
1 7 6 10 8 2 4 
1 7 6 10 8 3 4 
1 7 8 2 3 5 4 
1 7 8 2 3 6 4 
1 7 8 2 9 3 4 
1 7 8 2 9 5 4 
1 7 8 2 9 6 4 
1 7 8 2 9 10 4 
1 7 8 3 5 2 4 
1 7 8 3 5 6 4 
1 7 8 3 5 10 4 
1 7 8 3 6 2 4 
1 7 8 3 6 5 4 
1 7 8 3 6 10 4 
1 7 8 3 9 2 4 
1 7 8 3 9 5 4 
1 7 8 3 9 6 4 
1 7 8 3 9 10 4 
1 7 8 6 2 3 4 
1 7 8 6 3 2 4 
1 7 8 6 3 5 4 
1 7 8 6 5 2 4 
1 7 8 6 5 10 4 
1 7 8 6 9 2 4 
1 7 8 6 9 3 4 
1 7 8 6 9 5 4 
1 7 8 6 9 10 4 
1 7 8 6 10 3 4 
1 7 8 6 10 5 4 
1 7 8 10 3 2 4 
1 7 8 10 3 5 4 
1 7 8 10 3 6 4 
1 7 8 10 5 2 4 
1 7 8 10 5 6 4 
1 7 8 10 6 2 4 
1 7 8 10 6 3 4 
1 7 8 10 6 5 4 
1 7 9 2 3 5 4 
1 7 9 2 3 6 4 
1 7 9 2 8 3 4 
1 7 9 2 8 6 4 
1 7 9 2 8 10 4 
1 7 9 3 2 8 4 
1 7 9 3 5 2 4 
1 7 9 3 5 6 4 
1 7 9 3 5 8 4 
1 7 9 3 5 10 4 
1 7 9 3 6 2 4 
1 7 9 3 6 5 4 
1 7 9 3 6 8 4 
1 7 9 3 6 10 4 
1 7 9 5 2 3 4 
1 7 9 5 2 8 4 
1 7 9 5 6 2 4 
1 7 9 5 6 3 4 
1 7 9 5 6 8 4 
1 7 9 5 6 10 4 
1 7 9 5 8 2 4 
1 7 9 5 8 3 4 
1 7 9 5 8 6 4 
1 7 9 5 8 10 4 
1 7 9 5 10 3 4 
1 7 9 5 10 6 4 
1 7 9 5 10 8 4 
1 7 9 6 2 3 4 
1 7 9 6 2 8 4 
1 7 9 6 3 2 4 
1 7 9 6 3 5 4 
1 7 9 6 5 2 4 
1 7 9 6 5 8 4 
1 7 9 6 5 10 4 
1 7 9 6 8 2 4 
1 7 9 6 8 3 4 
1 7 9 6 8 10 4 
1 7 9 6 10 3 4 
1 7 9 6 10 5 4 
1 7 9 6 10 8 4 
1 7 9 10 3 2 4 
1 7 9 10 3 5 4 
1 7 9 10 3 6 4 
1 7 9 10 5 2 4 
1 7 9 10 5 6 4 
1 7 9 10 5 8 4 
1 7 9 10 6 2 4 
1 7 9 10 6 3 4 
1 7 9 10 6 5 4 
1 7 9 10 6 8 4 
1 7 9 10 8 2 4 
1 7 9 10 8 3 4 
1 7 9 10 8 6 4 
1 8 2 3 5 6 4 
1 8 2 3 5 10 4 
1 8 2 3 6 5 4 
1 8 2 3 6 7 4 
1 8 2 3 6 10 4 
1 8 2 3 9 5 4 
1 8 2 3 9 6 4 
1 8 2 3 9 7 4 
1 8 2 3 9 10 4 
1 8 2 7 5 6 4 
1 8 2 7 5 10 4 
1 8 2 7 6 3 4 
1 8 2 7 6 5 4 
1 8 2 7 6 10 4 
1 8 2 7 9 3 4 
1 8 2 7 9 5 4 
1 8 2 7 9 6 4 
1 8 2 7 9 10 4 
1 8 2 9 3 5 4 
1 8 2 9 3 6 4 
1 8 2 9 5 6 4 
1 8 2 9 5 10 4 
1 8 2 9 6 3 4 
1 8 2 9 6 5 4 
1 8 2 9 6 7 4 
1 8 2 9 6 10 4 
1 8 2 9 7 5 4 
1 8 2 9 7 6 4 
1 8 2 9 10 3 4 
1 8 2 9 10 5 4 
1 8 2 9 10 6 4 
1 8 2 9 10 7 4 
1 8 3 2 7 5 4 
1 8 3 2 7 6 4 
1 8 3 2 9 5 4 
1 8 3 2 9 6 4 
1 8 3 2 9 7 4 
1 8 3 2 9 10 4 
1 8 3 5 2 7 4 
1 8 3 5 6 2 4 
1 8 3 5 6 7 4 
1 8 3 5 6 10 4 
1 8 3 5 9 2 4 
1 8 3 5 9 6 4 
1 8 3 5 9 7 4 
1 8 3 5 9 10 4 
1 8 3 5 10 6 4 
1 8 3 5 10 7 4 
1 8 3 6 2 7 4 
1 8 3 6 5 2 4 
1 8 3 6 5 10 4 
1 8 3 6 7 5 4 
1 8 3 6 9 2 4 
1 8 3 6 9 5 4 
1 8 3 6 9 7 4 
1 8 3 6 9 10 4 
1 8 3 6 10 5 4 
1 8 3 6 10 7 4 
1 8 3 9 2 7 4 
1 8 3 9 5 2 4 
1 8 3 9 5 6 4 
1 8 3 9 5 10 4 
1 8 3 9 6 2 4 
1 8 3 9 6 5 4 
1 8 3 9 6 7 4 
1 8 3 9 6 10 4 
1 8 3 9 7 5 4 
1 8 3 9 7 6 4 
1 8 3 9 10 5 4 
1 8 3 9 10 6 4 
1 8 3 9 10 7 4 
1 8 6 2 3 5 4 
1 8 6 2 7 5 4 
1 8 6 2 9 3 4 
1 8 6 2 9 5 4 
1 8 6 2 9 7 4 
1 8 6 2 9 10 4 
1 8 6 3 2 7 4 
1 8 6 3 5 2 4 
1 8 6 3 5 10 4 
1 8 6 3 9 2 4 
1 8 6 3 9 5 4 
1 8 6 3 9 7 4 
1 8 6 3 9 10 4 
1 8 6 5 2 3 4 
1 8 6 5 2 7 4 
1 8 6 5 9 2 4 
1 8 6 5 9 3 4 
1 8 6 5 9 7 4 
1 8 6 5 9 10 4 
1 8 6 5 10 3 4 
1 8 6 5 10 7 4 
1 8 6 7 5 2 4 
1 8 6 7 5 10 4 
1 8 6 7 9 2 4 
1 8 6 7 9 3 4 
1 8 6 7 9 5 4 
1 8 6 7 9 10 4 
1 8 6 9 2 3 4 
1 8 6 9 2 7 4 
1 8 6 9 3 2 4 
1 8 6 9 3 5 4 
1 8 6 9 5 2 4 
1 8 6 9 5 10 4 
1 8 6 9 7 5 4 
1 8 6 9 10 3 4 
1 8 6 9 10 5 4 
1 8 6 9 10 7 4 
1 8 6 10 3 2 4 
1 8 6 10 3 5 4 
1 8 6 10 5 2 4 
1 8 6 10 7 5 4 
1 8 7 5 2 3 4 
1 8 7 5 6 2 4 
1 8 7 5 6 3 4 
1 8 7 5 6 10 4 
1 8 7 5 9 2 4 
1 8 7 5 9 3 4 
1 8 7 5 9 6 4 
1 8 7 5 9 10 4 
1 8 7 5 10 3 4 
1 8 7 5 10 6 4 
1 8 7 6 2 3 4 
1 8 7 6 3 2 4 
1 8 7 6 3 5 4 
1 8 7 6 5 2 4 
1 8 7 6 5 10 4 
1 8 7 6 9 2 4 
1 8 7 6 9 3 4 
1 8 7 6 9 5 4 
1 8 7 6 9 10 4 
1 8 7 6 10 3 4 
1 8 7 6 10 5 4 
1 8 7 9 2 3 4 
1 8 7 9 3 2 4 
1 8 7 9 3 5 4 
1 8 7 9 3 6 4 
1 8 7 9 5 2 4 
1 8 7 9 5 6 4 
1 8 7 9 5 10 4 
1 8 7 9 6 2 4 
1 8 7 9 6 3 4 
1 8 7 9 6 5 4 
1 8 7 9 6 10 4 
1 8 7 9 10 3 4 
1 8 7 9 10 5 4 
1 8 7 9 10 6 4 
1 8 10 3 2 7 4 
1 8 10 3 5 2 4 
1 8 10 3 5 6 4 
1 8 10 3 6 2 4 
1 8 10 3 6 5 4 
1 8 10 3 6 7 4 
1 8 10 3 9 2 4 
1 8 10 3 9 5 4 
1 8 10 3 9 6 4 
1 8 10 3 9 7 4 
1 8 10 5 2 3 4 
1 8 10 5 2 7 4 
1 8 10 5 6 2 4 
1 8 10 5 6 3 4 
1 8 10 5 6 7 4 
1 8 10 5 9 2 4 
1 8 10 5 9 3 4 
1 8 10 5 9 6 4 
1 8 10 5 9 7 4 
1 8 10 6 2 3 4 
1 8 10 6 2 7 4 
1 8 10 6 3 2 4 
1 8 10 6 3 5 4 
1 8 10 6 5 2 4 
1 8 10 6 7 5 4 
1 8 10 6 9 2 4 
1 8 10 6 9 3 4 
1 8 10 6 9 5 4 
1 8 10 6 9 7 4 
1 8 10 7 5 2 4 
1 8 10 7 5 6 4 
1 8 10 7 6 2 4 
1 8 10 7 6 3 4 
1 8 10 7 6 5 4 
1 8 10 7 9 2 4 
1 8 10 7 9 3 4 
1 8 10 7 9 5 4 
1 8 10 7 9 6 4 
1 9 2 3 5 6 4 
1 9 2 3 5 8 4 
1 9 2 3 5 10 4 
1 9 2 3 6 5 4 
1 9 2 3 6 7 4 
1 9 2 3 6 8 4 
1 9 2 3 6 10 4 
1 9 2 7 5 6 4 
1 9 2 7 5 8 4 
1 9 2 7 5 10 4 
1 9 2 7 6 3 4 
1 9 2 7 6 5 4 
1 9 2 7 6 8 4 
1 9 2 7 6 10 4 
1 9 2 7 8 3 4 
1 9 2 7 8 6 4 
1 9 2 7 8 10 4 
1 9 2 8 3 5 4 
1 9 2 8 3 6 4 
1 9 2 8 6 3 4 
1 9 2 8 6 5 4 
1 9 2 8 6 7 4 
1 9 2 8 6 10 4 
1 9 2 8 7 5 4 
1 9 2 8 7 6 4 
1 9 2 8 10 3 4 
1 9 2 8 10 5 4 
1 9 2 8 10 6 4 
1 9 2 8 10 7 4 
1 9 3 2 7 5 4 
1 9 3 2 7 6 4 
1 9 3 2 7 8 4 
1 9 3 2 8 6 4 
1 9 3 2 8 7 4 
1 9 3 2 8 10 4 
1 9 3 5 2 7 4 
1 9 3 5 2 8 4 
1 9 3 5 6 2 4 
1 9 3 5 6 7 4 
1 9 3 5 6 8 4 
1 9 3 5 6 10 4 
1 9 3 5 8 2 4 
1 9 3 5 8 6 4 
1 9 3 5 8 7 4 
1 9 3 5 8 10 4 
1 9 3 5 10 6 4 
1 9 3 5 10 7 4 
1 9 3 5 10 8 4 
1 9 3 6 2 7 4 
1 9 3 6 2 8 4 
1 9 3 6 5 2 4 
1 9 3 6 5 8 4 
1 9 3 6 5 10 4 
1 9 3 6 7 5 4 
1 9 3 6 7 8 4 
1 9 3 6 8 2 4 
1 9 3 6 8 7 4 
1 9 3 6 8 10 4 
1 9 3 6 10 5 4 
1 9 3 6 10 7 4 
1 9 3 6 10 8 4 
1 9 5 2 3 6 4 
1 9 5 2 7 6 4 
1 9 5 2 7 8 4 
1 9 5 2 8 3 4 
1 9 5 2 8 6 4 
1 9 5 2 8 7 4 
1 9 5 2 8 10 4 
1 9 5 6 2 3 4 
1 9 5 6 2 7 4 
1 9 5 6 2 8 4 
1 9 5 6 3 2 4 
1 9 5 6 7 8 4 
1 9 5 6 8 2 4 
1 9 5 6 8 3 4 
1 9 5 6 8 7 4 
1 9 5 6 8 10 4 
1 9 5 6 10 3 4 
1 9 5 6 10 7 4 
1 9 5 6 10 8 4 
1 9 5 8 2 3 4 
1 9 5 8 2 7 4 
1 9 5 8 3 2 4 
1 9 5 8 3 6 4 
1 9 5 8 6 2 4 
1 9 5 8 6 3 4 
1 9 5 8 6 7 4 
1 9 5 8 6 10 4 
1 9 5 8 7 6 4 
1 9 5 8 10 3 4 
1 9 5 8 10 6 4 
1 9 5 8 10 7 4 
1 9 5 10 3 2 4 
1 9 5 10 3 6 4 
1 9 5 10 6 2 4 
1 9 5 10 6 3 4 
1 9 5 10 6 7 4 
1 9 5 10 6 8 4 
1 9 5 10 7 6 4 
1 9 5 10 7 8 4 
1 9 5 10 8 2 4 
1 9 5 10 8 3 4 
1 9 5 10 8 6 4 
1 9 5 10 8 7 4 
1 9 6 2 3 5 4 
1 9 6 2 7 5 4 
1 9 6 2 7 8 4 
1 9 6 2 8 3 4 
1 9 6 2 8 7 4 
1 9 6 2 8 10 4 
1 9 6 3 2 7 4 
1 9 6 3 2 8 4 
1 9 6 3 5 2 4 
1 9 6 3 5 8 4 
1 9 6 3 5 10 4 
1 9 6 5 2 3 4 
1 9 6 5 2 7 4 
1 9 6 5 2 8 4 
1 9 6 5 8 2 4 
1 9 6 5 8 3 4 
1 9 6 5 8 7 4 
1 9 6 5 8 10 4 
1 9 6 5 10 3 4 
1 9 6 5 10 7 4 
1 9 6 5 10 8 4 
1 9 6 7 5 2 4 
1 9 6 7 5 8 4 
1 9 6 7 5 10 4 
1 9 6 7 8 2 4 
1 9 6 7 8 3 4 
1 9 6 7 8 10 4 
1 9 6 8 2 3 4 
1 9 6 8 2 7 4 
1 9 6 8 3 2 4 
1 9 6 8 3 5 4 
1 9 6 8 7 5 4 
1 9 6 8 10 3 4 
1 9 6 8 10 5 4 
1 9 6 8 10 7 4 
1 9 6 10 3 2 4 
1 9 6 10 3 5 4 
1 9 6 10 5 2 4 
1 9 6 10 5 8 4 
1 9 6 10 7 5 4 
1 9 6 10 7 8 4 
1 9 6 10 8 2 4 
1 9 6 10 8 3 4 
1 9 6 10 8 7 4 
1 9 7 5 2 3 4 
1 9 7 5 2 8 4 
1 9 7 5 6 2 4 
1 9 7 5 6 3 4 
1 9 7 5 6 8 4 
1 9 7 5 6 10 4 
1 9 7 5 8 2 4 
1 9 7 5 8 3 4 
1 9 7 5 8 6 4 
1 9 7 5 8 10 4 
1 9 7 5 10 3 4 
1 9 7 5 10 6 4 
1 9 7 5 10 8 4 
1 9 7 6 2 3 4 
1 9 7 6 2 8 4 
1 9 7 6 3 2 4 
1 9 7 6 3 5 4 
1 9 7 6 5 2 4 
1 9 7 6 5 8 4 
1 9 7 6 5 10 4 
1 9 7 6 8 2 4 
1 9 7 6 8 3 4 
1 9 7 6 8 10 4 
1 9 7 6 10 3 4 
1 9 7 6 10 5 4 
1 9 7 6 10 8 4 
1 9 7 8 2 3 4 
1 9 7 8 3 2 4 
1 9 7 8 3 5 4 
1 9 7 8 3 6 4 
1 9 7 8 6 2 4 
1 9 7 8 6 3 4 
1 9 7 8 6 5 4 
1 9 7 8 6 10 4 
1 9 7 8 10 3 4 
1 9 7 8 10 5 4 
1 9 7 8 10 6 4 
1 9 10 3 2 7 4 
1 9 10 3 2 8 4 
1 9 10 3 5 2 4 
1 9 10 3 5 6 4 
1 9 10 3 5 8 4 
1 9 10 3 6 2 4 
1 9 10 3 6 5 4 
1 9 10 3 6 7 4 
1 9 10 3 6 8 4 
1 9 10 5 2 3 4 
1 9 10 5 2 7 4 
1 9 10 5 2 8 4 
1 9 10 5 6 2 4 
1 9 10 5 6 3 4 
1 9 10 5 6 7 4 
1 9 10 5 6 8 4 
1 9 10 5 8 2 4 
1 9 10 5 8 3 4 
1 9 10 5 8 6 4 
1 9 10 5 8 7 4 
1 9 10 6 2 3 4 
1 9 10 6 2 7 4 
1 9 10 6 2 8 4 
1 9 10 6 3 2 4 
1 9 10 6 3 5 4 
1 9 10 6 5 2 4 
1 9 10 6 5 8 4 
1 9 10 6 7 5 4 
1 9 10 6 7 8 4 
1 9 10 6 8 2 4 
1 9 10 6 8 3 4 
1 9 10 6 8 7 4 
1 9 10 7 5 2 4 
1 9 10 7 5 6 4 
1 9 10 7 5 8 4 
1 9 10 7 6 2 4 
1 9 10 7 6 3 4 
1 9 10 7 6 5 4 
1 9 10 7 6 8 4 
1 9 10 7 8 2 4 
1 9 10 7 8 3 4 
1 9 10 7 8 6 4 
1 9 10 8 2 3 4 
1 9 10 8 2 7 4 
1 9 10 8 3 2 4 
1 9 10 8 3 5 4 
1 9 10 8 3 6 4 
1 9 10 8 6 2 4 
1 9 10 8 6 3 4 
1 9 10 8 6 5 4 
1 9 10 8 6 7 4 
1 9 10 8 7 5 4 
1 9 10 8 7 6 4 
1 10 3 2 7 5 4 
1 10 3 2 7 6 4 
1 10 3 2 7 8 4 
1 10 3 2 8 6 4 
1 10 3 2 8 7 4 
1 10 3 2 9 5 4 
1 10 3 2 9 6 4 
1 10 3 2 9 7 4 
1 10 3 5 2 7 4 
1 10 3 5 2 8 4 
1 10 3 5 6 2 4 
1 10 3 5 6 7 4 
1 10 3 5 6 8 4 
1 10 3 5 8 2 4 
1 10 3 5 8 6 4 
1 10 3 5 8 7 4 
1 10 3 5 9 2 4 
1 10 3 5 9 6 4 
1 10 3 5 9 7 4 
1 10 3 6 2 7 4 
1 10 3 6 2 8 4 
1 10 3 6 5 2 4 
1 10 3 6 5 8 4 
1 10 3 6 7 5 4 
1 10 3 6 7 8 4 
1 10 3 6 8 2 4 
1 10 3 6 8 7 4 
1 10 3 6 9 2 4 
1 10 3 6 9 5 4 
1 10 3 6 9 7 4 
1 10 3 9 2 7 4 
1 10 3 9 2 8 4 
1 10 3 9 5 2 4 
1 10 3 9 5 6 4 
1 10 3 9 5 8 4 
1 10 3 9 6 2 4 
1 10 3 9 6 5 4 
1 10 3 9 6 7 4 
1 10 3 9 6 8 4 
1 10 3 9 7 5 4 
1 10 3 9 7 6 4 
1 10 3 9 7 8 4 
1 10 5 2 3 6 4 
1 10 5 2 7 6 4 
1 10 5 2 7 8 4 
1 10 5 2 8 3 4 
1 10 5 2 8 6 4 
1 10 5 2 8 7 4 
1 10 5 2 9 3 4 
1 10 5 2 9 6 4 
1 10 5 2 9 7 4 
1 10 5 6 2 3 4 
1 10 5 6 2 7 4 
1 10 5 6 2 8 4 
1 10 5 6 3 2 4 
1 10 5 6 7 8 4 
1 10 5 6 8 2 4 
1 10 5 6 8 3 4 
1 10 5 6 8 7 4 
1 10 5 6 9 2 4 
1 10 5 6 9 3 4 
1 10 5 6 9 7 4 
1 10 5 8 2 3 4 
1 10 5 8 2 7 4 
1 10 5 8 3 2 4 
1 10 5 8 3 6 4 
1 10 5 8 6 2 4 
1 10 5 8 6 3 4 
1 10 5 8 6 7 4 
1 10 5 8 7 6 4 
1 10 5 9 2 3 4 
1 10 5 9 2 7 4 
1 10 5 9 2 8 4 
1 10 5 9 3 2 4 
1 10 5 9 3 6 4 
1 10 5 9 6 2 4 
1 10 5 9 6 3 4 
1 10 5 9 6 7 4 
1 10 5 9 6 8 4 
1 10 5 9 7 6 4 
1 10 5 9 7 8 4 
1 10 6 2 3 5 4 
1 10 6 2 7 5 4 
1 10 6 2 7 8 4 
1 10 6 2 8 3 4 
1 10 6 2 8 7 4 
1 10 6 2 9 3 4 
1 10 6 2 9 5 4 
1 10 6 2 9 7 4 
1 10 6 3 2 7 4 
1 10 6 3 2 8 4 
1 10 6 3 5 2 4 
1 10 6 3 5 8 4 
1 10 6 3 9 2 4 
1 10 6 3 9 5 4 
1 10 6 3 9 7 4 
1 10 6 5 2 3 4 
1 10 6 5 2 7 4 
1 10 6 5 2 8 4 
1 10 6 5 8 2 4 
1 10 6 5 8 3 4 
1 10 6 5 8 7 4 
1 10 6 5 9 2 4 
1 10 6 5 9 3 4 
1 10 6 5 9 7 4 
1 10 6 7 5 2 4 
1 10 6 7 5 8 4 
1 10 6 7 8 2 4 
1 10 6 7 8 3 4 
1 10 6 7 9 2 4 
1 10 6 7 9 3 4 
1 10 6 7 9 5 4 
1 10 6 8 2 3 4 
1 10 6 8 2 7 4 
1 10 6 8 3 2 4 
1 10 6 8 3 5 4 
1 10 6 8 7 5 4 
1 10 6 9 2 3 4 
1 10 6 9 2 7 4 
1 10 6 9 2 8 4 
1 10 6 9 3 2 4 
1 10 6 9 3 5 4 
1 10 6 9 5 2 4 
1 10 6 9 5 8 4 
1 10 6 9 7 5 4 
1 10 6 9 7 8 4 
1 10 7 5 2 3 4 
1 10 7 5 2 8 4 
1 10 7 5 6 2 4 
1 10 7 5 6 3 4 
1 10 7 5 6 8 4 
1 10 7 5 8 2 4 
1 10 7 5 8 3 4 
1 10 7 5 8 6 4 
1 10 7 5 9 2 4 
1 10 7 5 9 3 4 
1 10 7 5 9 6 4 
1 10 7 6 2 3 4 
1 10 7 6 2 8 4 
1 10 7 6 3 2 4 
1 10 7 6 3 5 4 
1 10 7 6 5 2 4 
1 10 7 6 5 8 4 
1 10 7 6 8 2 4 
1 10 7 6 8 3 4 
1 10 7 6 9 2 4 
1 10 7 6 9 3 4 
1 10 7 6 9 5 4 
1 10 7 8 2 3 4 
1 10 7 8 3 2 4 
1 10 7 8 3 5 4 
1 10 7 8 3 6 4 
1 10 7 8 6 2 4 
1 10 7 8 6 3 4 
1 10 7 8 6 5 4 
1 10 7 9 2 3 4 
1 10 7 9 2 8 4 
1 10 7 9 3 2 4 
1 10 7 9 3 5 4 
1 10 7 9 3 6 4 
1 10 7 9 5 2 4 
1 10 7 9 5 6 4 
1 10 7 9 5 8 4 
1 10 7 9 6 2 4 
1 10 7 9 6 3 4 
1 10 7 9 6 5 4 
1 10 7 9 6 8 4 
1 10 8 2 3 5 4 
1 10 8 2 3 6 4 
1 10 8 2 7 5 4 
1 10 8 2 7 6 4 
1 10 8 2 9 3 4 
1 10 8 2 9 5 4 
1 10 8 2 9 6 4 
1 10 8 2 9 7 4 
1 10 8 3 2 7 4 
1 10 8 3 5 2 4 
1 10 8 3 5 6 4 
1 10 8 3 6 2 4 
1 10 8 3 6 5 4 
1 10 8 3 6 7 4 
1 10 8 3 9 2 4 
1 10 8 3 9 5 4 
1 10 8 3 9 6 4 
1 10 8 3 9 7 4 
1 10 8 6 2 3 4 
1 10 8 6 2 7 4 
1 10 8 6 3 2 4 
1 10 8 6 3 5 4 
1 10 8 6 5 2 4 
1 10 8 6 7 5 4 
1 10 8 6 9 2 4 
1 10 8 6 9 3 4 
1 10 8 6 9 5 4 
1 10 8 6 9 7 4 
1 10 8 7 5 2 4 
1 10 8 7 5 6 4 
1 10 8 7 6 2 4 
1 10 8 7 6 3 4 
1 10 8 7 6 5 4 
1 10 8 7 9 2 4 
1 10 8 7 9 3 4 
1 10 8 7 9 5 4 
1 10 8 7 9 6 4 
1 2 3 5 6 7 8 4 
1 2 3 5 6 8 7 4 
1 2 3 5 6 8 10 4 
1 2 3 5 6 9 7 4 
1 2 3 5 6 9 10 4 
1 2 3 5 6 10 7 4 
1 2 3 5 6 10 8 4 
1 2 3 5 8 6 7 4 
1 2 3 5 8 6 10 4 
1 2 3 5 8 7 6 4 
1 2 3 5 8 10 6 4 
1 2 3 5 8 10 7 4 
1 2 3 5 9 6 7 4 
1 2 3 5 9 6 8 4 
1 2 3 5 9 6 10 4 
1 2 3 5 9 7 6 4 
1 2 3 5 9 7 8 4 
1 2 3 5 9 10 6 4 
1 2 3 5 9 10 7 4 
1 2 3 5 9 10 8 4 
1 2 3 5 10 6 7 4 
1 2 3 5 10 6 8 4 
1 2 3 5 10 7 6 4 
1 2 3 5 10 7 8 4 
1 2 3 5 10 8 6 4 
1 2 3 5 10 8 7 4 
1 2 3 6 5 8 7 4 
1 2 3 6 5 8 10 4 
1 2 3 6 5 9 7 4 
1 2 3 6 5 9 10 4 
1 2 3 6 5 10 7 4 
1 2 3 6 5 10 8 4 
1 2 3 6 7 5 8 4 
1 2 3 6 7 5 10 4 
1 2 3 6 7 8 10 4 
1 2 3 6 7 9 5 4 
1 2 3 6 7 9 10 4 
1 2 3 6 8 7 5 4 
1 2 3 6 8 10 5 4 
1 2 3 6 8 10 7 4 
1 2 3 6 9 5 8 4 
1 2 3 6 9 5 10 4 
1 2 3 6 9 7 5 4 
1 2 3 6 9 7 8 4 
1 2 3 6 9 10 5 4 
1 2 3 6 9 10 7 4 
1 2 3 6 9 10 8 4 
1 2 3 6 10 5 8 4 
1 2 3 6 10 7 5 4 
1 2 3 6 10 7 8 4 
1 2 3 6 10 8 7 4 
1 2 3 9 5 6 7 4 
1 2 3 9 5 6 8 4 
1 2 3 9 5 6 10 4 
1 2 3 9 5 8 6 4 
1 2 3 9 5 8 7 4 
1 2 3 9 5 8 10 4 
1 2 3 9 5 10 6 4 
1 2 3 9 5 10 7 4 
1 2 3 9 5 10 8 4 
1 2 3 9 6 5 8 4 
1 2 3 9 6 5 10 4 
1 2 3 9 6 7 5 4 
1 2 3 9 6 7 8 4 
1 2 3 9 6 8 7 4 
1 2 3 9 6 8 10 4 
1 2 3 9 6 10 5 4 
1 2 3 9 6 10 7 4 
1 2 3 9 6 10 8 4 
1 2 3 9 7 5 6 4 
1 2 3 9 7 5 8 4 
1 2 3 9 7 5 10 4 
1 2 3 9 7 6 5 4 
1 2 3 9 7 6 8 4 
1 2 3 9 7 6 10 4 
1 2 3 9 7 8 6 4 
1 2 3 9 7 8 10 4 
1 2 3 9 10 5 6 4 
1 2 3 9 10 5 8 4 
1 2 3 9 10 6 5 4 
1 2 3 9 10 6 7 4 
1 2 3 9 10 6 8 4 
1 2 3 9 10 7 5 4 
1 2 3 9 10 7 6 4 
1 2 3 9 10 7 8 4 
1 2 3 9 10 8 6 4 
1 2 3 9 10 8 7 4 
1 2 7 5 6 8 3 4 
1 2 7 5 6 8 10 4 
1 2 7 5 6 9 3 4 
1 2 7 5 6 9 10 4 
1 2 7 5 6 10 3 4 
1 2 7 5 6 10 8 4 
1 2 7 5 8 3 6 4 
1 2 7 5 8 6 3 4 
1 2 7 5 8 6 10 4 
1 2 7 5 8 10 3 4 
1 2 7 5 8 10 6 4 
1 2 7 5 9 3 6 4 
1 2 7 5 9 6 3 4 
1 2 7 5 9 6 8 4 
1 2 7 5 9 6 10 4 
1 2 7 5 9 10 3 4 
1 2 7 5 9 10 6 4 
1 2 7 5 9 10 8 4 
1 2 7 5 10 3 6 4 
1 2 7 5 10 6 3 4 
1 2 7 5 10 6 8 4 
1 2 7 5 10 8 3 4 
1 2 7 5 10 8 6 4 
1 2 7 6 3 5 8 4 
1 2 7 6 3 5 10 4 
1 2 7 6 3 9 5 4 
1 2 7 6 3 9 10 4 
1 2 7 6 5 8 3 4 
1 2 7 6 5 8 10 4 
1 2 7 6 5 9 3 4 
1 2 7 6 5 9 10 4 
1 2 7 6 5 10 3 4 
1 2 7 6 5 10 8 4 
1 2 7 6 8 3 5 4 
1 2 7 6 8 10 3 4 
1 2 7 6 8 10 5 4 
1 2 7 6 9 3 5 4 
1 2 7 6 9 5 8 4 
1 2 7 6 9 5 10 4 
1 2 7 6 9 10 3 4 
1 2 7 6 9 10 5 4 
1 2 7 6 9 10 8 4 
1 2 7 6 10 3 5 4 
1 2 7 6 10 5 8 4 
1 2 7 6 10 8 3 4 
1 2 7 8 3 5 6 4 
1 2 7 8 3 5 10 4 
1 2 7 8 3 6 5 4 
1 2 7 8 3 6 10 4 
1 2 7 8 3 9 5 4 
1 2 7 8 3 9 6 4 
1 2 7 8 3 9 10 4 
1 2 7 8 6 3 5 4 
1 2 7 8 6 5 10 4 
1 2 7 8 6 9 3 4 
1 2 7 8 6 9 5 4 
1 2 7 8 6 9 10 4 
1 2 7 8 6 10 3 4 
1 2 7 8 6 10 5 4 
1 2 7 8 10 3 5 4 
1 2 7 8 10 3 6 4 
1 2 7 8 10 5 6 4 
1 2 7 8 10 6 3 4 
1 2 7 8 10 6 5 4 
1 2 7 9 3 5 6 4 
1 2 7 9 3 5 8 4 
1 2 7 9 3 5 10 4 
1 2 7 9 3 6 5 4 
1 2 7 9 3 6 8 4 
1 2 7 9 3 6 10 4 
1 2 7 9 5 6 3 4 
1 2 7 9 5 6 8 4 
1 2 7 9 5 6 10 4 
1 2 7 9 5 8 3 4 
1 2 7 9 5 8 6 4 
1 2 7 9 5 8 10 4 
1 2 7 9 5 10 3 4 
1 2 7 9 5 10 6 4 
1 2 7 9 5 10 8 4 
1 2 7 9 6 3 5 4 
1 2 7 9 6 5 8 4 
1 2 7 9 6 5 10 4 
1 2 7 9 6 8 3 4 
1 2 7 9 6 8 10 4 
1 2 7 9 6 10 3 4 
1 2 7 9 6 10 5 4 
1 2 7 9 6 10 8 4 
1 2 7 9 10 3 5 4 
1 2 7 9 10 3 6 4 
1 2 7 9 10 5 6 4 
1 2 7 9 10 5 8 4 
1 2 7 9 10 6 3 4 
1 2 7 9 10 6 5 4 
1 2 7 9 10 6 8 4 
1 2 7 9 10 8 3 4 
1 2 7 9 10 8 6 4 
1 2 8 3 5 6 7 4 
1 2 8 3 5 6 10 4 
1 2 8 3 5 9 6 4 
1 2 8 3 5 9 7 4 
1 2 8 3 5 9 10 4 
1 2 8 3 5 10 6 4 
1 2 8 3 5 10 7 4 
1 2 8 3 6 5 10 4 
1 2 8 3 6 7 5 4 
1 2 8 3 6 9 5 4 
1 2 8 3 6 9 7 4 
1 2 8 3 6 9 10 4 
1 2 8 3 6 10 5 4 
1 2 8 3 6 10 7 4 
1 2 8 3 9 5 6 4 
1 2 8 3 9 5 10 4 
1 2 8 3 9 6 5 4 
1 2 8 3 9 6 7 4 
1 2 8 3 9 6 10 4 
1 2 8 3 9 7 5 4 
1 2 8 3 9 7 6 4 
1 2 8 3 9 10 5 4 
1 2 8 3 9 10 6 4 
1 2 8 3 9 10 7 4 
1 2 8 6 3 5 10 4 
1 2 8 6 3 9 5 4 
1 2 8 6 3 9 7 4 
1 2 8 6 3 9 10 4 
1 2 8 6 5 9 3 4 
1 2 8 6 5 9 7 4 
1 2 8 6 5 9 10 4 
1 2 8 6 5 10 3 4 
1 2 8 6 5 10 7 4 
1 2 8 6 7 5 10 4 
1 2 8 6 7 9 3 4 
1 2 8 6 7 9 5 4 
1 2 8 6 7 9 10 4 
1 2 8 6 9 3 5 4 
1 2 8 6 9 5 10 4 
1 2 8 6 9 7 5 4 
1 2 8 6 9 10 3 4 
1 2 8 6 9 10 5 4 
1 2 8 6 9 10 7 4 
1 2 8 6 10 3 5 4 
1 2 8 6 10 7 5 4 
1 2 8 7 5 6 3 4 
1 2 8 7 5 6 10 4 
1 2 8 7 5 9 3 4 
1 2 8 7 5 9 6 4 
1 2 8 7 5 9 10 4 
1 2 8 7 5 10 3 4 
1 2 8 7 5 10 6 4 
1 2 8 7 6 3 5 4 
1 2 8 7 6 5 10 4 
1 2 8 7 6 9 3 4 
1 2 8 7 6 9 5 4 
1 2 8 7 6 9 10 4 
1 2 8 7 6 10 3 4 
1 2 8 7 6 10 5 4 
1 2 8 7 9 3 5 4 
1 2 8 7 9 3 6 4 
1 2 8 7 9 5 6 4 
1 2 8 7 9 5 10 4 
1 2 8 7 9 6 3 4 
1 2 8 7 9 6 5 4 
1 2 8 7 9 6 10 4 
1 2 8 7 9 10 3 4 
1 2 8 7 9 10 5 4 
1 2 8 7 9 10 6 4 
1 2 8 10 3 5 6 4 
1 2 8 10 3 6 5 4 
1 2 8 10 3 6 7 4 
1 2 8 10 3 9 5 4 
1 2 8 10 3 9 6 4 
1 2 8 10 3 9 7 4 
1 2 8 10 5 6 3 4 
1 2 8 10 5 6 7 4 
1 2 8 10 5 9 3 4 
1 2 8 10 5 9 6 4 
1 2 8 10 5 9 7 4 
1 2 8 10 6 3 5 4 
1 2 8 10 6 7 5 4 
1 2 8 10 6 9 3 4 
1 2 8 10 6 9 5 4 
1 2 8 10 6 9 7 4 
1 2 8 10 7 5 6 4 
1 2 8 10 7 6 3 4 
1 2 8 10 7 6 5 4 
1 2 8 10 7 9 3 4 
1 2 8 10 7 9 5 4 
1 2 8 10 7 9 6 4 
1 2 9 3 5 6 7 4 
1 2 9 3 5 6 8 4 
1 2 9 3 5 6 10 4 
1 2 9 3 5 8 6 4 
1 2 9 3 5 8 7 4 
1 2 9 3 5 8 10 4 
1 2 9 3 5 10 6 4 
1 2 9 3 5 10 7 4 
1 2 9 3 5 10 8 4 
1 2 9 3 6 5 8 4 
1 2 9 3 6 5 10 4 
1 2 9 3 6 7 5 4 
1 2 9 3 6 7 8 4 
1 2 9 3 6 8 7 4 
1 2 9 3 6 8 10 4 
1 2 9 3 6 10 5 4 
1 2 9 3 6 10 7 4 
1 2 9 3 6 10 8 4 
1 2 9 5 6 7 8 4 
1 2 9 5 6 8 3 4 
1 2 9 5 6 8 7 4 
1 2 9 5 6 8 10 4 
1 2 9 5 6 10 3 4 
1 2 9 5 6 10 7 4 
1 2 9 5 6 10 8 4 
1 2 9 5 8 3 6 4 
1 2 9 5 8 6 3 4 
1 2 9 5 8 6 7 4 
1 2 9 5 8 6 10 4 
1 2 9 5 8 7 6 4 
1 2 9 5 8 10 3 4 
1 2 9 5 8 10 6 4 
1 2 9 5 8 10 7 4 
1 2 9 5 10 3 6 4 
1 2 9 5 10 6 3 4 
1 2 9 5 10 6 7 4 
1 2 9 5 10 6 8 4 
1 2 9 5 10 7 6 4 
1 2 9 5 10 7 8 4 
1 2 9 5 10 8 3 4 
1 2 9 5 10 8 6 4 
1 2 9 5 10 8 7 4 
1 2 9 6 3 5 8 4 
1 2 9 6 3 5 10 4 
1 2 9 6 5 8 3 4 
1 2 9 6 5 8 7 4 
1 2 9 6 5 8 10 4 
1 2 9 6 5 10 3 4 
1 2 9 6 5 10 7 4 
1 2 9 6 5 10 8 4 
1 2 9 6 7 5 8 4 
1 2 9 6 7 5 10 4 
1 2 9 6 7 8 3 4 
1 2 9 6 7 8 10 4 
1 2 9 6 8 3 5 4 
1 2 9 6 8 7 5 4 
1 2 9 6 8 10 3 4 
1 2 9 6 8 10 5 4 
1 2 9 6 8 10 7 4 
1 2 9 6 10 3 5 4 
1 2 9 6 10 5 8 4 
1 2 9 6 10 7 5 4 
1 2 9 6 10 7 8 4 
1 2 9 6 10 8 3 4 
1 2 9 6 10 8 7 4 
1 2 9 7 5 6 3 4 
1 2 9 7 5 6 8 4 
1 2 9 7 5 6 10 4 
1 2 9 7 5 8 3 4 
1 2 9 7 5 8 6 4 
1 2 9 7 5 8 10 4 
1 2 9 7 5 10 3 4 
1 2 9 7 5 10 6 4 
1 2 9 7 5 10 8 4 
1 2 9 7 6 3 5 4 
1 2 9 7 6 5 8 4 
1 2 9 7 6 5 10 4 
1 2 9 7 6 8 3 4 
1 2 9 7 6 8 10 4 
1 2 9 7 6 10 3 4 
1 2 9 7 6 10 5 4 
1 2 9 7 6 10 8 4 
1 2 9 7 8 3 5 4 
1 2 9 7 8 3 6 4 
1 2 9 7 8 6 3 4 
1 2 9 7 8 6 5 4 
1 2 9 7 8 6 10 4 
1 2 9 7 8 10 3 4 
1 2 9 7 8 10 5 4 
1 2 9 7 8 10 6 4 
1 2 9 10 3 5 6 4 
1 2 9 10 3 5 8 4 
1 2 9 10 3 6 5 4 
1 2 9 10 3 6 7 4 
1 2 9 10 3 6 8 4 
1 2 9 10 5 6 3 4 
1 2 9 10 5 6 7 4 
1 2 9 10 5 6 8 4 
1 2 9 10 5 8 3 4 
1 2 9 10 5 8 6 4 
1 2 9 10 5 8 7 4 
1 2 9 10 6 3 5 4 
1 2 9 10 6 5 8 4 
1 2 9 10 6 7 5 4 
1 2 9 10 6 7 8 4 
1 2 9 10 6 8 3 4 
1 2 9 10 6 8 7 4 
1 2 9 10 7 5 6 4 
1 2 9 10 7 5 8 4 
1 2 9 10 7 6 3 4 
1 2 9 10 7 6 5 4 
1 2 9 10 7 6 8 4 
1 2 9 10 7 8 3 4 
1 2 9 10 7 8 6 4 
1 2 9 10 8 3 5 4 
1 2 9 10 8 3 6 4 
1 2 9 10 8 6 3 4 
1 2 9 10 8 6 5 4 
1 2 9 10 8 6 7 4 
1 2 9 10 8 7 5 4 
1 2 9 10 8 7 6 4 
1 3 2 7 5 6 8 4 
1 3 2 7 5 6 10 4 
1 3 2 7 5 8 6 4 
1 3 2 7 5 8 10 4 
1 3 2 7 5 9 6 4 
1 3 2 7 5 9 10 4 
1 3 2 7 5 10 6 4 
1 3 2 7 5 10 8 4 
1 3 2 7 6 5 8 4 
1 3 2 7 6 5 10 4 
1 3 2 7 6 8 10 4 
1 3 2 7 6 9 5 4 
1 3 2 7 6 9 10 4 
1 3 2 7 6 10 5 4 
1 3 2 7 6 10 8 4 
1 3 2 7 8 6 5 4 
1 3 2 7 8 6 10 4 
1 3 2 7 8 10 5 4 
1 3 2 7 8 10 6 4 
1 3 2 7 9 5 6 4 
1 3 2 7 9 5 8 4 
1 3 2 7 9 5 10 4 
1 3 2 7 9 6 5 4 
1 3 2 7 9 6 8 4 
1 3 2 7 9 6 10 4 
1 3 2 7 9 10 5 4 
1 3 2 7 9 10 6 4 
1 3 2 7 9 10 8 4 
1 3 2 8 6 5 10 4 
1 3 2 8 6 7 5 4 
1 3 2 8 6 9 5 4 
1 3 2 8 6 9 7 4 
1 3 2 8 6 9 10 4 
1 3 2 8 6 10 5 4 
1 3 2 8 6 10 7 4 
1 3 2 8 7 5 6 4 
1 3 2 8 7 5 10 4 
1 3 2 8 7 6 5 4 
1 3 2 8 7 6 10 4 
1 3 2 8 7 9 5 4 
1 3 2 8 7 9 6 4 
1 3 2 8 7 9 10 4 
1 3 2 8 10 5 6 4 
1 3 2 8 10 6 5 4 
1 3 2 8 10 6 7 4 
1 3 2 8 10 7 5 4 
1 3 2 8 10 7 6 4 
1 3 2 9 5 6 7 4 
1 3 2 9 5 6 8 4 
1 3 2 9 5 6 10 4 
1 3 2 9 5 8 6 4 
1 3 2 9 5 8 7 4 
1 3 2 9 5 8 10 4 
1 3 2 9 5 10 6 4 
1 3 2 9 5 10 7 4 
1 3 2 9 5 10 8 4 
1 3 2 9 6 5 8 4 
1 3 2 9 6 5 10 4 
1 3 2 9 6 7 5 4 
1 3 2 9 6 7 8 4 
1 3 2 9 6 8 7 4 
1 3 2 9 6 8 10 4 
1 3 2 9 6 10 5 4 
1 3 2 9 6 10 7 4 
1 3 2 9 6 10 8 4 
1 3 2 9 7 5 6 4 
1 3 2 9 7 5 8 4 
1 3 2 9 7 5 10 4 
1 3 2 9 7 6 5 4 
1 3 2 9 7 6 8 4 
1 3 2 9 7 6 10 4 
1 3 2 9 7 8 6 4 
1 3 2 9 7 8 10 4 
1 3 2 9 10 5 6 4 
1 3 2 9 10 5 8 4 
1 3 2 9 10 6 5 4 
1 3 2 9 10 6 7 4 
1 3 2 9 10 6 8 4 
1 3 2 9 10 7 5 4 
1 3 2 9 10 7 6 4 
1 3 2 9 10 7 8 4 
1 3 2 9 10 8 6 4 
1 3 2 9 10 8 7 4 
1 3 5 2 7 6 8 4 
1 3 5 2 7 6 10 4 
1 3 5 2 7 8 6 4 
1 3 5 2 7 8 10 4 
1 3 5 2 7 9 6 4 
1 3 5 2 7 9 10 4 
1 3 5 2 8 6 7 4 
1 3 5 2 8 6 10 4 
1 3 5 2 8 7 6 4 
1 3 5 2 8 10 6 4 
1 3 5 2 8 10 7 4 
1 3 5 2 9 6 7 4 
1 3 5 2 9 6 8 4 
1 3 5 2 9 6 10 4 
1 3 5 2 9 7 6 4 
1 3 5 2 9 7 8 4 
1 3 5 2 9 10 6 4 
1 3 5 2 9 10 7 4 
1 3 5 2 9 10 8 4 
1 3 5 6 2 7 8 4 
1 3 5 6 2 8 7 4 
1 3 5 6 2 8 10 4 
1 3 5 6 2 9 7 4 
1 3 5 6 2 9 10 4 
1 3 5 6 7 8 2 4 
1 3 5 6 7 8 10 4 
1 3 5 6 7 9 2 4 
1 3 5 6 7 9 10 4 
1 3 5 6 8 2 7 4 
1 3 5 6 8 10 7 4 
1 3 5 6 9 2 7 4 
1 3 5 6 9 2 8 4 
1 3 5 6 9 7 8 4 
1 3 5 6 9 10 7 4 
1 3 5 6 9 10 8 4 
1 3 5 6 10 7 8 4 
1 3 5 6 10 8 2 4 
1 3 5 6 10 8 7 4 
1 3 5 8 2 7 6 4 
1 3 5 8 2 9 6 4 
1 3 5 8 2 9 7 4 
1 3 5 8 2 9 10 4 
1 3 5 8 6 2 7 4 
1 3 5 8 6 9 2 4 
1 3 5 8 6 9 7 4 
1 3 5 8 6 9 10 4 
1 3 5 8 6 10 7 4 
1 3 5 8 7 6 2 4 
1 3 5 8 7 6 10 4 
1 3 5 8 7 9 2 4 
1 3 5 8 7 9 6 4 
1 3 5 8 7 9 10 4 
1 3 5 8 10 6 2 4 
1 3 5 8 10 6 7 4 
1 3 5 8 10 7 6 4 
1 3 5 9 2 7 6 4 
1 3 5 9 2 7 8 4 
1 3 5 9 2 8 6 4 
1 3 5 9 2 8 7 4 
1 3 5 9 2 8 10 4 
1 3 5 9 6 2 7 4 
1 3 5 9 6 2 8 4 
1 3 5 9 6 7 8 4 
1 3 5 9 6 8 2 4 
1 3 5 9 6 8 7 4 
1 3 5 9 6 8 10 4 
1 3 5 9 6 10 7 4 
1 3 5 9 6 10 8 4 
1 3 5 9 7 6 2 4 
1 3 5 9 7 6 8 4 
1 3 5 9 7 6 10 4 
1 3 5 9 7 8 2 4 
1 3 5 9 7 8 6 4 
1 3 5 9 7 8 10 4 
1 3 5 9 10 6 2 4 
1 3 5 9 10 6 7 4 
1 3 5 9 10 6 8 4 
1 3 5 9 10 7 6 4 
1 3 5 9 10 7 8 4 
1 3 5 9 10 8 2 4 
1 3 5 9 10 8 6 4 
1 3 5 9 10 8 7 4 
1 3 5 10 6 2 7 4 
1 3 5 10 6 2 8 4 
1 3 5 10 6 7 8 4 
1 3 5 10 6 8 2 4 
1 3 5 10 6 8 7 4 
1 3 5 10 6 9 2 4 
1 3 5 10 6 9 7 4 
1 3 5 10 7 6 2 4 
1 3 5 10 7 6 8 4 
1 3 5 10 7 8 2 4 
1 3 5 10 7 8 6 4 
1 3 5 10 7 9 2 4 
1 3 5 10 7 9 6 4 
1 3 5 10 8 2 7 4 
1 3 5 10 8 6 2 4 
1 3 5 10 8 6 7 4 
1 3 5 10 8 7 6 4 
1 3 6 2 7 5 8 4 
1 3 6 2 7 5 10 4 
1 3 6 2 7 8 10 4 
1 3 6 2 7 9 5 4 
1 3 6 2 7 9 10 4 
1 3 6 2 8 7 5 4 
1 3 6 2 8 10 5 4 
1 3 6 2 8 10 7 4 
1 3 6 2 9 5 8 4 
1 3 6 2 9 5 10 4 
1 3 6 2 9 7 5 4 
1 3 6 2 9 7 8 4 
1 3 6 2 9 10 5 4 
1 3 6 2 9 10 7 4 
1 3 6 2 9 10 8 4 
1 3 6 5 2 7 8 4 
1 3 6 5 2 8 7 4 
1 3 6 5 2 8 10 4 
1 3 6 5 2 9 7 4 
1 3 6 5 2 9 10 4 
1 3 6 5 8 2 7 4 
1 3 6 5 8 10 7 4 
1 3 6 5 9 2 7 4 
1 3 6 5 9 2 8 4 
1 3 6 5 9 7 8 4 
1 3 6 5 9 10 7 4 
1 3 6 5 9 10 8 4 
1 3 6 5 10 7 8 4 
1 3 6 5 10 8 2 4 
1 3 6 5 10 8 7 4 
1 3 6 7 5 2 8 4 
1 3 6 7 5 8 2 4 
1 3 6 7 5 8 10 4 
1 3 6 7 5 9 2 4 
1 3 6 7 5 9 10 4 
1 3 6 7 5 10 8 4 
1 3 6 7 8 10 5 4 
1 3 6 7 9 2 8 4 
1 3 6 7 9 5 2 4 
1 3 6 7 9 5 8 4 
1 3 6 7 9 5 10 4 
1 3 6 7 9 10 5 4 
1 3 6 7 9 10 8 4 
1 3 6 8 2 7 5 4 
1 3 6 8 2 9 5 4 
1 3 6 8 2 9 7 4 
1 3 6 8 2 9 10 4 
1 3 6 8 7 5 2 4 
1 3 6 8 7 5 10 4 
1 3 6 8 7 9 2 4 
1 3 6 8 7 9 5 4 
1 3 6 8 7 9 10 4 
1 3 6 8 10 5 2 4 
1 3 6 8 10 7 5 4 
1 3 6 9 2 7 5 4 
1 3 6 9 2 7 8 4 
1 3 6 9 2 8 7 4 
1 3 6 9 2 8 10 4 
1 3 6 9 5 2 7 4 
1 3 6 9 5 2 8 4 
1 3 6 9 5 8 2 4 
1 3 6 9 5 8 7 4 
1 3 6 9 5 8 10 4 
1 3 6 9 5 10 7 4 
1 3 6 9 5 10 8 4 
1 3 6 9 7 5 2 4 
1 3 6 9 7 5 8 4 
1 3 6 9 7 5 10 4 
1 3 6 9 7 8 2 4 
1 3 6 9 7 8 10 4 
1 3 6 9 10 5 2 4 
1 3 6 9 10 5 8 4 
1 3 6 9 10 7 5 4 
1 3 6 9 10 7 8 4 
1 3 6 9 10 8 2 4 
1 3 6 9 10 8 7 4 
1 3 6 10 5 2 7 4 
1 3 6 10 5 2 8 4 
1 3 6 10 5 8 2 4 
1 3 6 10 5 8 7 4 
1 3 6 10 5 9 2 4 
1 3 6 10 5 9 7 4 
1 3 6 10 7 5 2 4 
1 3 6 10 7 5 8 4 
1 3 6 10 7 8 2 4 
1 3 6 10 7 9 2 4 
1 3 6 10 7 9 5 4 
1 3 6 10 8 2 7 4 
1 3 6 10 8 7 5 4 
1 3 9 2 7 5 6 4 
1 3 9 2 7 5 8 4 
1 3 9 2 7 5 10 4 
1 3 9 2 7 6 5 4 
1 3 9 2 7 6 8 4 
1 3 9 2 7 6 10 4 
1 3 9 2 7 8 6 4 
1 3 9 2 7 8 10 4 
1 3 9 2 8 6 5 4 
1 3 9 2 8 6 7 4 
1 3 9 2 8 6 10 4 
1 3 9 2 8 7 5 4 
1 3 9 2 8 7 6 4 
1 3 9 2 8 10 5 4 
1 3 9 2 8 10 6 4 
1 3 9 2 8 10 7 4 
1 3 9 5 2 7 6 4 
1 3 9 5 2 7 8 4 
1 3 9 5 2 8 6 4 
1 3 9 5 2 8 7 4 
1 3 9 5 2 8 10 4 
1 3 9 5 6 2 7 4 
1 3 9 5 6 2 8 4 
1 3 9 5 6 7 8 4 
1 3 9 5 6 8 2 4 
1 3 9 5 6 8 7 4 
1 3 9 5 6 8 10 4 
1 3 9 5 6 10 7 4 
1 3 9 5 6 10 8 4 
1 3 9 5 8 2 7 4 
1 3 9 5 8 6 2 4 
1 3 9 5 8 6 7 4 
1 3 9 5 8 6 10 4 
1 3 9 5 8 7 6 4 
1 3 9 5 8 10 6 4 
1 3 9 5 8 10 7 4 
1 3 9 5 10 6 2 4 
1 3 9 5 10 6 7 4 
1 3 9 5 10 6 8 4 
1 3 9 5 10 7 6 4 
1 3 9 5 10 7 8 4 
1 3 9 5 10 8 2 4 
1 3 9 5 10 8 6 4 
1 3 9 5 10 8 7 4 
1 3 9 6 2 7 5 4 
1 3 9 6 2 7 8 4 
1 3 9 6 2 8 7 4 
1 3 9 6 2 8 10 4 
1 3 9 6 5 2 7 4 
1 3 9 6 5 2 8 4 
1 3 9 6 5 8 2 4 
1 3 9 6 5 8 7 4 
1 3 9 6 5 8 10 4 
1 3 9 6 5 10 7 4 
1 3 9 6 5 10 8 4 
1 3 9 6 7 5 2 4 
1 3 9 6 7 5 8 4 
1 3 9 6 7 5 10 4 
1 3 9 6 7 8 2 4 
1 3 9 6 7 8 10 4 
1 3 9 6 8 2 7 4 
1 3 9 6 8 7 5 4 
1 3 9 6 8 10 5 4 
1 3 9 6 8 10 7 4 
1 3 9 6 10 5 2 4 
1 3 9 6 10 5 8 4 
1 3 9 6 10 7 5 4 
1 3 9 6 10 7 8 4 
1 3 9 6 10 8 2 4 
1 3 9 6 10 8 7 4 
1 3 9 7 5 2 8 4 
1 3 9 7 5 6 2 4 
1 3 9 7 5 6 8 4 
1 3 9 7 5 6 10 4 
1 3 9 7 5 8 2 4 
1 3 9 7 5 8 6 4 
1 3 9 7 5 8 10 4 
1 3 9 7 5 10 6 4 
1 3 9 7 5 10 8 4 
1 3 9 7 6 2 8 4 
1 3 9 7 6 5 2 4 
1 3 9 7 6 5 8 4 
1 3 9 7 6 5 10 4 
1 3 9 7 6 8 2 4 
1 3 9 7 6 8 10 4 
1 3 9 7 6 10 5 4 
1 3 9 7 6 10 8 4 
1 3 9 7 8 6 2 4 
1 3 9 7 8 6 5 4 
1 3 9 7 8 6 10 4 
1 3 9 7 8 10 5 4 
1 3 9 7 8 10 6 4 
1 3 9 10 5 2 7 4 
1 3 9 10 5 2 8 4 
1 3 9 10 5 6 2 4 
1 3 9 10 5 6 7 4 
1 3 9 10 5 6 8 4 
1 3 9 10 5 8 2 4 
1 3 9 10 5 8 6 4 
1 3 9 10 5 8 7 4 
1 3 9 10 6 2 7 4 
1 3 9 10 6 2 8 4 
1 3 9 10 6 5 2 4 
1 3 9 10 6 5 8 4 
1 3 9 10 6 7 5 4 
1 3 9 10 6 7 8 4 
1 3 9 10 6 8 2 4 
1 3 9 10 6 8 7 4 
1 3 9 10 7 5 2 4 
1 3 9 10 7 5 6 4 
1 3 9 10 7 5 8 4 
1 3 9 10 7 6 2 4 
1 3 9 10 7 6 5 4 
1 3 9 10 7 6 8 4 
1 3 9 10 7 8 2 4 
1 3 9 10 7 8 6 4 
1 3 9 10 8 2 7 4 
1 3 9 10 8 6 2 4 
1 3 9 10 8 6 5 4 
1 3 9 10 8 6 7 4 
1 3 9 10 8 7 5 4 
1 3 9 10 8 7 6 4 
1 5 2 3 6 7 8 4 
1 5 2 3 6 8 7 4 
1 5 2 3 6 8 10 4 
1 5 2 3 6 9 7 4 
1 5 2 3 6 9 10 4 
1 5 2 3 6 10 7 4 
1 5 2 3 6 10 8 4 
1 5 2 3 9 6 7 4 
1 5 2 3 9 6 8 4 
1 5 2 3 9 6 10 4 
1 5 2 3 9 7 6 4 
1 5 2 3 9 7 8 4 
1 5 2 3 9 10 6 4 
1 5 2 3 9 10 7 4 
1 5 2 3 9 10 8 4 
1 5 2 7 6 8 3 4 
1 5 2 7 6 8 10 4 
1 5 2 7 6 9 3 4 
1 5 2 7 6 9 10 4 
1 5 2 7 6 10 3 4 
1 5 2 7 6 10 8 4 
1 5 2 7 8 3 6 4 
1 5 2 7 8 6 3 4 
1 5 2 7 8 6 10 4 
1 5 2 7 8 10 3 4 
1 5 2 7 8 10 6 4 
1 5 2 7 9 3 6 4 
1 5 2 7 9 6 3 4 
1 5 2 7 9 6 8 4 
1 5 2 7 9 6 10 4 
1 5 2 7 9 10 3 4 
1 5 2 7 9 10 6 4 
1 5 2 7 9 10 8 4 
1 5 2 8 3 6 7 4 
1 5 2 8 3 6 10 4 
1 5 2 8 3 9 6 4 
1 5 2 8 3 9 7 4 
1 5 2 8 3 9 10 4 
1 5 2 8 6 9 3 4 
1 5 2 8 6 9 7 4 
1 5 2 8 6 9 10 4 
1 5 2 8 6 10 3 4 
1 5 2 8 6 10 7 4 
1 5 2 8 7 6 3 4 
1 5 2 8 7 6 10 4 
1 5 2 8 7 9 3 4 
1 5 2 8 7 9 6 4 
1 5 2 8 7 9 10 4 
1 5 2 8 10 3 6 4 
1 5 2 8 10 6 3 4 
1 5 2 8 10 6 7 4 
1 5 2 8 10 7 6 4 
1 5 2 9 3 6 7 4 
1 5 2 9 3 6 8 4 
1 5 2 9 3 6 10 4 
1 5 2 9 6 7 8 4 
1 5 2 9 6 8 3 4 
1 5 2 9 6 8 7 4 
1 5 2 9 6 8 10 4 
1 5 2 9 6 10 3 4 
1 5 2 9 6 10 7 4 
1 5 2 9 6 10 8 4 
1 5 2 9 7 6 3 4 
1 5 2 9 7 6 8 4 
1 5 2 9 7 6 10 4 
1 5 2 9 7 8 3 4 
1 5 2 9 7 8 6 4 
1 5 2 9 7 8 10 4 
1 5 2 9 10 3 6 4 
1 5 2 9 10 6 3 4 
1 5 2 9 10 6 7 4 
1 5 2 9 10 6 8 4 
1 5 2 9 10 7 6 4 
1 5 2 9 10 7 8 4 
1 5 2 9 10 8 3 4 
1 5 2 9 10 8 6 4 
1 5 2 9 10 8 7 4 
1 5 6 2 3 9 7 4 
1 5 6 2 3 9 10 4 
1 5 6 2 7 8 3 4 
1 5 6 2 7 8 10 4 
1 5 6 2 7 9 3 4 
1 5 6 2 7 9 10 4 
1 5 6 2 8 10 3 4 
1 5 6 2 8 10 7 4 
1 5 6 2 9 7 8 4 
1 5 6 2 9 10 3 4 
1 5 6 2 9 10 7 4 
1 5 6 2 9 10 8 4 
1 5 6 3 2 7 8 4 
1 5 6 3 2 8 7 4 
1 5 6 3 2 8 10 4 
1 5 6 3 2 9 7 4 
1 5 6 3 2 9 10 4 
1 5 6 3 9 2 7 4 
1 5 6 3 9 2 8 4 
1 5 6 3 9 7 8 4 
1 5 6 3 9 10 7 4 
1 5 6 3 9 10 8 4 
1 5 6 7 8 2 3 4 
1 5 6 7 8 3 2 4 
1 5 6 7 8 10 3 4 
1 5 6 7 9 2 3 4 
1 5 6 7 9 2 8 4 
1 5 6 7 9 3 2 4 
1 5 6 7 9 10 3 4 
1 5 6 7 9 10 8 4 
1 5 6 8 2 9 3 4 
1 5 6 8 2 9 7 4 
1 5 6 8 2 9 10 4 
1 5 6 8 3 2 7 4 
1 5 6 8 3 9 2 4 
1 5 6 8 3 9 7 4 
1 5 6 8 3 9 10 4 
1 5 6 8 7 9 2 4 
1 5 6 8 7 9 3 4 
1 5 6 8 7 9 10 4 
1 5 6 8 10 3 2 4 
1 5 6 9 2 7 8 4 
1 5 6 9 2 8 3 4 
1 5 6 9 2 8 7 4 
1 5 6 9 2 8 10 4 
1 5 6 9 3 2 7 4 
1 5 6 9 3 2 8 4 
1 5 6 9 7 8 2 4 
1 5 6 9 7 8 3 4 
1 5 6 9 7 8 10 4 
1 5 6 9 10 3 2 4 
1 5 6 9 10 7 8 4 
1 5 6 9 10 8 2 4 
1 5 6 9 10 8 3 4 
1 5 6 9 10 8 7 4 
1 5 6 10 3 2 7 4 
1 5 6 10 3 2 8 4 
1 5 6 10 3 9 2 4 
1 5 6 10 3 9 7 4 
1 5 6 10 7 8 2 4 
1 5 6 10 7 8 3 4 
1 5 6 10 7 9 2 4 
1 5 6 10 7 9 3 4 
1 5 6 10 8 2 3 4 
1 5 6 10 8 2 7 4 
1 5 6 10 8 3 2 4 
1 5 8 2 3 6 7 4 
1 5 8 2 3 6 10 4 
1 5 8 2 3 9 6 4 
1 5 8 2 3 9 7 4 
1 5 8 2 3 9 10 4 
1 5 8 2 7 6 3 4 
1 5 8 2 7 6 10 4 
1 5 8 2 7 9 3 4 
1 5 8 2 7 9 6 4 
1 5 8 2 7 9 10 4 
1 5 8 2 9 3 6 4 
1 5 8 2 9 6 3 4 
1 5 8 2 9 6 7 4 
1 5 8 2 9 6 10 4 
1 5 8 2 9 7 6 4 
1 5 8 2 9 10 3 4 
1 5 8 2 9 10 6 4 
1 5 8 2 9 10 7 4 
1 5 8 3 2 7 6 4 
1 5 8 3 2 9 6 4 
1 5 8 3 2 9 7 4 
1 5 8 3 2 9 10 4 
1 5 8 3 6 2 7 4 
1 5 8 3 6 9 2 4 
1 5 8 3 6 9 7 4 
1 5 8 3 6 9 10 4 
1 5 8 3 6 10 7 4 
1 5 8 3 9 2 7 4 
1 5 8 3 9 6 2 4 
1 5 8 3 9 6 7 4 
1 5 8 3 9 6 10 4 
1 5 8 3 9 7 6 4 
1 5 8 3 9 10 6 4 
1 5 8 3 9 10 7 4 
1 5 8 6 2 9 3 4 
1 5 8 6 2 9 7 4 
1 5 8 6 2 9 10 4 
1 5 8 6 3 2 7 4 
1 5 8 6 3 9 2 4 
1 5 8 6 3 9 7 4 
1 5 8 6 3 9 10 4 
1 5 8 6 7 9 2 4 
1 5 8 6 7 9 3 4 
1 5 8 6 7 9 10 4 
1 5 8 6 9 2 3 4 
1 5 8 6 9 2 7 4 
1 5 8 6 9 3 2 4 
1 5 8 6 9 10 3 4 
1 5 8 6 9 10 7 4 
1 5 8 6 10 3 2 4 
1 5 8 7 6 2 3 4 
1 5 8 7 6 3 2 4 
1 5 8 7 6 9 2 4 
1 5 8 7 6 9 3 4 
1 5 8 7 6 9 10 4 
1 5 8 7 6 10 3 4 
1 5 8 7 9 2 3 4 
1 5 8 7 9 3 2 4 
1 5 8 7 9 3 6 4 
1 5 8 7 9 6 2 4 
1 5 8 7 9 6 3 4 
1 5 8 7 9 6 10 4 
1 5 8 7 9 10 3 4 
1 5 8 7 9 10 6 4 
1 5 8 10 3 2 7 4 
1 5 8 10 3 6 2 4 
1 5 8 10 3 6 7 4 
1 5 8 10 3 9 2 4 
1 5 8 10 3 9 6 4 
1 5 8 10 3 9 7 4 
1 5 8 10 6 2 3 4 
1 5 8 10 6 2 7 4 
1 5 8 10 6 3 2 4 
1 5 8 10 6 9 2 4 
1 5 8 10 6 9 3 4 
1 5 8 10 6 9 7 4 
1 5 8 10 7 6 2 4 
1 5 8 10 7 6 3 4 
1 5 8 10 7 9 2 4 
1 5 8 10 7 9 3 4 
1 5 8 10 7 9 6 4 
1 5 9 2 3 6 7 4 
1 5 9 2 3 6 8 4 
1 5 9 2 3 6 10 4 
1 5 9 2 7 6 3 4 
1 5 9 2 7 6 8 4 
1 5 9 2 7 6 10 4 
1 5 9 2 7 8 3 4 
1 5 9 2 7 8 6 4 
1 5 9 2 7 8 10 4 
1 5 9 2 8 3 6 4 
1 5 9 2 8 6 3 4 
1 5 9 2 8 6 7 4 
1 5 9 2 8 6 10 4 
1 5 9 2 8 7 6 4 
1 5 9 2 8 10 3 4 
1 5 9 2 8 10 6 4 
1 5 9 2 8 10 7 4 
1 5 9 3 2 7 6 4 
1 5 9 3 2 7 8 4 
1 5 9 3 2 8 6 4 
1 5 9 3 2 8 7 4 
1 5 9 3 2 8 10 4 
1 5 9 3 6 2 7 4 
1 5 9 3 6 2 8 4 
1 5 9 3 6 7 8 4 
1 5 9 3 6 8 2 4 
1 5 9 3 6 8 7 4 
1 5 9 3 6 8 10 4 
1 5 9 3 6 10 7 4 
1 5 9 3 6 10 8 4 
1 5 9 6 2 7 8 4 
1 5 9 6 2 8 3 4 
1 5 9 6 2 8 7 4 
1 5 9 6 2 8 10 4 
1 5 9 6 3 2 7 4 
1 5 9 6 3 2 8 4 
1 5 9 6 7 8 2 4 
1 5 9 6 7 8 3 4 
1 5 9 6 7 8 10 4 
1 5 9 6 8 2 3 4 
1 5 9 6 8 2 7 4 
1 5 9 6 8 3 2 4 
1 5 9 6 8 10 3 4 
1 5 9 6 8 10 7 4 
1 5 9 6 10 3 2 4 
1 5 9 6 10 7 8 4 
1 5 9 6 10 8 2 4 
1 5 9 6 10 8 3 4 
1 5 9 6 10 8 7 4 
1 5 9 7 6 2 3 4 
1 5 9 7 6 2 8 4 
1 5 9 7 6 3 2 4 
1 5 9 7 6 8 2 4 
1 5 9 7 6 8 3 4 
1 5 9 7 6 8 10 4 
1 5 9 7 6 10 3 4 
1 5 9 7 6 10 8 4 
1 5 9 7 8 2 3 4 
1 5 9 7 8 3 2 4 
1 5 9 7 8 3 6 4 
1 5 9 7 8 6 2 4 
1 5 9 7 8 6 3 4 
1 5 9 7 8 6 10 4 
1 5 9 7 8 10 3 4 
1 5 9 7 8 10 6 4 
1 5 9 10 3 2 7 4 
1 5 9 10 3 2 8 4 
1 5 9 10 3 6 2 4 
1 5 9 10 3 6 7 4 
1 5 9 10 3 6 8 4 
1 5 9 10 6 2 3 4 
1 5 9 10 6 2 7 4 
1 5 9 10 6 2 8 4 
1 5 9 10 6 3 2 4 
1 5 9 10 6 7 8 4 
1 5 9 10 6 8 2 4 
1 5 9 10 6 8 3 4 
1 5 9 10 6 8 7 4 
1 5 9 10 7 6 2 4 
1 5 9 10 7 6 3 4 
1 5 9 10 7 6 8 4 
1 5 9 10 7 8 2 4 
1 5 9 10 7 8 3 4 
1 5 9 10 7 8 6 4 
1 5 9 10 8 2 3 4 
1 5 9 10 8 2 7 4 
1 5 9 10 8 3 2 4 
1 5 9 10 8 3 6 4 
1 5 9 10 8 6 2 4 
1 5 9 10 8 6 3 4 
1 5 9 10 8 6 7 4 
1 5 9 10 8 7 6 4 
1 5 10 3 2 7 6 4 
1 5 10 3 2 7 8 4 
1 5 10 3 2 8 6 4 
1 5 10 3 2 8 7 4 
1 5 10 3 2 9 6 4 
1 5 10 3 2 9 7 4 
1 5 10 3 6 2 7 4 
1 5 10 3 6 2 8 4 
1 5 10 3 6 7 8 4 
1 5 10 3 6 8 2 4 
1 5 10 3 6 8 7 4 
1 5 10 3 6 9 2 4 
1 5 10 3 6 9 7 4 
1 5 10 3 9 2 7 4 
1 5 10 3 9 2 8 4 
1 5 10 3 9 6 2 4 
1 5 10 3 9 6 7 4 
1 5 10 3 9 6 8 4 
1 5 10 3 9 7 6 4 
1 5 10 3 9 7 8 4 
1 5 10 6 2 7 8 4 
1 5 10 6 2 8 3 4 
1 5 10 6 2 8 7 4 
1 5 10 6 2 9 3 4 
1 5 10 6 2 9 7 4 
1 5 10 6 3 2 7 4 
1 5 10 6 3 2 8 4 
1 5 10 6 3 9 2 4 
1 5 10 6 3 9 7 4 
1 5 10 6 7 8 2 4 
1 5 10 6 7 8 3 4 
1 5 10 6 7 9 2 4 
1 5 10 6 7 9 3 4 
1 5 10 6 8 2 3 4 
1 5 10 6 8 2 7 4 
1 5 10 6 8 3 2 4 
1 5 10 6 9 2 3 4 
1 5 10 6 9 2 7 4 
1 5 10 6 9 2 8 4 
1 5 10 6 9 3 2 4 
1 5 10 6 9 7 8 4 
1 5 10 7 6 2 3 4 
1 5 10 7 6 2 8 4 
1 5 10 7 6 3 2 4 
1 5 10 7 6 8 2 4 
1 5 10 7 6 8 3 4 
1 5 10 7 6 9 2 4 
1 5 10 7 6 9 3 4 
1 5 10 7 8 2 3 4 
1 5 10 7 8 3 2 4 
1 5 10 7 8 3 6 4 
1 5 10 7 8 6 2 4 
1 5 10 7 8 6 3 4 
1 5 10 7 9 2 3 4 
1 5 10 7 9 2 8 4 
1 5 10 7 9 3 2 4 
1 5 10 7 9 3 6 4 
1 5 10 7 9 6 2 4 
1 5 10 7 9 6 3 4 
1 5 10 7 9 6 8 4 
1 5 10 8 2 3 6 4 
1 5 10 8 2 7 6 4 
1 5 10 8 2 9 3 4 
1 5 10 8 2 9 6 4 
1 5 10 8 2 9 7 4 
1 5 10 8 3 2 7 4 
1 5 10 8 3 6 2 4 
1 5 10 8 3 6 7 4 
1 5 10 8 3 9 2 4 
1 5 10 8 3 9 6 4 
1 5 10 8 3 9 7 4 
1 5 10 8 6 2 3 4 
1 5 10 8 6 2 7 4 
1 5 10 8 6 3 2 4 
1 5 10 8 6 9 2 4 
1 5 10 8 6 9 3 4 
1 5 10 8 6 9 7 4 
1 5 10 8 7 6 2 4 
1 5 10 8 7 6 3 4 
1 5 10 8 7 9 2 4 
1 5 10 8 7 9 3 4 
1 5 10 8 7 9 6 4 
1 7 5 2 3 6 8 4 
1 7 5 2 3 6 10 4 
1 7 5 2 3 9 6 4 
1 7 5 2 3 9 10 4 
1 7 5 2 8 3 6 4 
1 7 5 2 8 6 3 4 
1 7 5 2 8 6 10 4 
1 7 5 2 8 10 3 4 
1 7 5 2 8 10 6 4 
1 7 5 2 9 3 6 4 
1 7 5 2 9 6 3 4 
1 7 5 2 9 6 8 4 
1 7 5 2 9 6 10 4 
1 7 5 2 9 10 3 4 
1 7 5 2 9 10 6 4 
1 7 5 2 9 10 8 4 
1 7 5 6 2 8 3 4 
1 7 5 6 2 8 10 4 
1 7 5 6 2 9 3 4 
1 7 5 6 2 9 10 4 
1 7 5 6 3 2 8 4 
1 7 5 6 3 9 2 4 
1 7 5 6 3 9 10 4 
1 7 5 6 8 2 3 4 
1 7 5 6 8 3 2 4 
1 7 5 6 8 10 3 4 
1 7 5 6 9 2 3 4 
1 7 5 6 9 2 8 4 
1 7 5 6 9 3 2 4 
1 7 5 6 9 10 3 4 
1 7 5 6 9 10 8 4 
1 7 5 6 10 3 2 4 
1 7 5 6 10 8 2 4 
1 7 5 6 10 8 3 4 
1 7 5 8 2 3 6 4 
1 7 5 8 2 9 3 4 
1 7 5 8 2 9 6 4 
1 7 5 8 2 9 10 4 
1 7 5 8 3 6 2 4 
1 7 5 8 3 6 10 4 
1 7 5 8 3 9 2 4 
1 7 5 8 3 9 6 4 
1 7 5 8 3 9 10 4 
1 7 5 8 6 2 3 4 
1 7 5 8 6 3 2 4 
1 7 5 8 6 9 2 4 
1 7 5 8 6 9 3 4 
1 7 5 8 6 9 10 4 
1 7 5 8 6 10 3 4 
1 7 5 8 10 3 2 4 
1 7 5 8 10 3 6 4 
1 7 5 8 10 6 2 4 
1 7 5 8 10 6 3 4 
1 7 5 9 2 3 6 4 
1 7 5 9 2 8 3 4 
1 7 5 9 2 8 6 4 
1 7 5 9 2 8 10 4 
1 7 5 9 3 2 8 4 
1 7 5 9 3 6 2 4 
1 7 5 9 3 6 8 4 
1 7 5 9 3 6 10 4 
1 7 5 9 6 2 3 4 
1 7 5 9 6 2 8 4 
1 7 5 9 6 3 2 4 
1 7 5 9 6 8 2 4 
1 7 5 9 6 8 3 4 
1 7 5 9 6 8 10 4 
1 7 5 9 6 10 3 4 
1 7 5 9 6 10 8 4 
1 7 5 9 10 3 2 4 
1 7 5 9 10 3 6 4 
1 7 5 9 10 6 2 4 
1 7 5 9 10 6 3 4 
1 7 5 9 10 6 8 4 
1 7 5 9 10 8 2 4 
1 7 5 9 10 8 3 4 
1 7 5 9 10 8 6 4 
1 7 5 10 3 2 8 4 
1 7 5 10 3 6 2 4 
1 7 5 10 3 6 8 4 
1 7 5 10 3 9 2 4 
1 7 5 10 3 9 6 4 
1 7 5 10 6 2 3 4 
1 7 5 10 6 2 8 4 
1 7 5 10 6 3 2 4 
1 7 5 10 6 8 2 4 
1 7 5 10 6 8 3 4 
1 7 5 10 6 9 2 4 
1 7 5 10 6 9 3 4 
1 7 5 10 8 2 3 4 
1 7 5 10 8 3 2 4 
1 7 5 10 8 3 6 4 
1 7 5 10 8 6 2 4 
1 7 5 10 8 6 3 4 
1 7 6 2 3 5 8 4 
1 7 6 2 3 5 10 4 
1 7 6 2 3 9 5 4 
1 7 6 2 3 9 10 4 
1 7 6 2 8 3 5 4 
1 7 6 2 8 10 3 4 
1 7 6 2 8 10 5 4 
1 7 6 2 9 3 5 4 
1 7 6 2 9 5 8 4 
1 7 6 2 9 5 10 4 
1 7 6 2 9 10 3 4 
1 7 6 2 9 10 5 4 
1 7 6 2 9 10 8 4 
1 7 6 3 2 8 10 4 
1 7 6 3 2 9 5 4 
1 7 6 3 2 9 10 4 
1 7 6 3 5 2 8 4 
1 7 6 3 5 8 2 4 
1 7 6 3 5 8 10 4 
1 7 6 3 5 9 2 4 
1 7 6 3 5 9 10 4 
1 7 6 3 5 10 8 4 
1 7 6 3 9 2 8 4 
1 7 6 3 9 5 2 4 
1 7 6 3 9 5 8 4 
1 7 6 3 9 5 10 4 
1 7 6 3 9 10 5 4 
1 7 6 3 9 10 8 4 
1 7 6 5 2 8 3 4 
1 7 6 5 2 8 10 4 
1 7 6 5 2 9 3 4 
1 7 6 5 2 9 10 4 
1 7 6 5 8 2 3 4 
1 7 6 5 8 3 2 4 
1 7 6 5 8 10 3 4 
1 7 6 5 9 2 3 4 
1 7 6 5 9 2 8 4 
1 7 6 5 9 3 2 4 
1 7 6 5 9 10 3 4 
1 7 6 5 9 10 8 4 
1 7 6 5 10 3 2 4 
1 7 6 5 10 8 2 4 
1 7 6 5 10 8 3 4 
1 7 6 8 2 3 5 4 
1 7 6 8 2 9 3 4 
1 7 6 8 2 9 5 4 
1 7 6 8 2 9 10 4 
1 7 6 8 3 5 2 4 
1 7 6 8 3 5 10 4 
1 7 6 8 3 9 2 4 
1 7 6 8 3 9 5 4 
1 7 6 8 3 9 10 4 
1 7 6 8 10 3 2 4 
1 7 6 8 10 3 5 4 
1 7 6 8 10 5 2 4 
1 7 6 9 2 3 5 4 
1 7 6 9 2 8 3 4 
1 7 6 9 2 8 10 4 
1 7 6 9 3 2 8 4 
1 7 6 9 3 5 2 4 
1 7 6 9 3 5 8 4 
1 7 6 9 3 5 10 4 
1 7 6 9 5 2 3 4 
1 7 6 9 5 2 8 4 
1 7 6 9 5 8 2 4 
1 7 6 9 5 8 3 4 
1 7 6 9 5 8 10 4 
1 7 6 9 5 10 3 4 
1 7 6 9 5 10 8 4 
1 7 6 9 10 3 2 4 
1 7 6 9 10 3 5 4 
1 7 6 9 10 5 2 4 
1 7 6 9 10 5 8 4 
1 7 6 9 10 8 2 4 
1 7 6 9 10 8 3 4 
1 7 6 10 3 2 8 4 
1 7 6 10 3 5 2 4 
1 7 6 10 3 5 8 4 
1 7 6 10 3 9 2 4 
1 7 6 10 3 9 5 4 
1 7 6 10 5 2 3 4 
1 7 6 10 5 2 8 4 
1 7 6 10 5 8 2 4 
1 7 6 10 5 8 3 4 
1 7 6 10 5 9 2 4 
1 7 6 10 5 9 3 4 
1 7 6 10 8 2 3 4 
1 7 6 10 8 3 2 4 
1 7 6 10 8 3 5 4 
1 7 8 2 3 5 6 4 
1 7 8 2 3 5 10 4 
1 7 8 2 3 6 5 4 
1 7 8 2 3 6 10 4 
1 7 8 2 3 9 5 4 
1 7 8 2 3 9 6 4 
1 7 8 2 3 9 10 4 
1 7 8 2 9 3 5 4 
1 7 8 2 9 3 6 4 
1 7 8 2 9 5 6 4 
1 7 8 2 9 5 10 4 
1 7 8 2 9 6 3 4 
1 7 8 2 9 6 5 4 
1 7 8 2 9 6 10 4 
1 7 8 2 9 10 3 4 
1 7 8 2 9 10 5 4 
1 7 8 2 9 10 6 4 
1 7 8 3 2 9 5 4 
1 7 8 3 2 9 6 4 
1 7 8 3 2 9 10 4 
1 7 8 3 5 6 2 4 
1 7 8 3 5 6 10 4 
1 7 8 3 5 9 2 4 
1 7 8 3 5 9 6 4 
1 7 8 3 5 9 10 4 
1 7 8 3 5 10 6 4 
1 7 8 3 6 5 2 4 
1 7 8 3 6 5 10 4 
1 7 8 3 6 9 2 4 
1 7 8 3 6 9 5 4 
1 7 8 3 6 9 10 4 
1 7 8 3 6 10 5 4 
1 7 8 3 9 5 2 4 
1 7 8 3 9 5 6 4 
1 7 8 3 9 5 10 4 
1 7 8 3 9 6 2 4 
1 7 8 3 9 6 5 4 
1 7 8 3 9 6 10 4 
1 7 8 3 9 10 5 4 
1 7 8 3 9 10 6 4 
1 7 8 6 2 3 5 4 
1 7 8 6 2 9 3 4 
1 7 8 6 2 9 5 4 
1 7 8 6 2 9 10 4 
1 7 8 6 3 5 2 4 
1 7 8 6 3 5 10 4 
1 7 8 6 3 9 2 4 
1 7 8 6 3 9 5 4 
1 7 8 6 3 9 10 4 
1 7 8 6 5 2 3 4 
1 7 8 6 5 9 2 4 
1 7 8 6 5 9 3 4 
1 7 8 6 5 9 10 4 
1 7 8 6 5 10 3 4 
1 7 8 6 9 2 3 4 
1 7 8 6 9 3 2 4 
1 7 8 6 9 3 5 4 
1 7 8 6 9 5 2 4 
1 7 8 6 9 5 10 4 
1 7 8 6 9 10 3 4 
1 7 8 6 9 10 5 4 
1 7 8 6 10 3 2 4 
1 7 8 6 10 3 5 4 
1 7 8 6 10 5 2 4 
1 7 8 10 3 5 2 4 
1 7 8 10 3 5 6 4 
1 7 8 10 3 6 2 4 
1 7 8 10 3 6 5 4 
1 7 8 10 3 9 2 4 
1 7 8 10 3 9 5 4 
1 7 8 10 3 9 6 4 
1 7 8 10 5 2 3 4 
1 7 8 10 5 6 2 4 
1 7 8 10 5 6 3 4 
1 7 8 10 5 9 2 4 
1 7 8 10 5 9 3 4 
1 7 8 10 5 9 6 4 
1 7 8 10 6 2 3 4 
1 7 8 10 6 3 2 4 
1 7 8 10 6 3 5 4 
1 7 8 10 6 5 2 4 
1 7 8 10 6 9 2 4 
1 7 8 10 6 9 3 4 
1 7 8 10 6 9 5 4 
1 7 9 2 3 5 6 4 
1 7 9 2 3 5 8 4 
1 7 9 2 3 5 10 4 
1 7 9 2 3 6 5 4 
1 7 9 2 3 6 8 4 
1 7 9 2 3 6 10 4 
1 7 9 2 8 3 5 4 
1 7 9 2 8 3 6 4 
1 7 9 2 8 6 3 4 
1 7 9 2 8 6 5 4 
1 7 9 2 8 6 10 4 
1 7 9 2 8 10 3 4 
1 7 9 2 8 10 5 4 
1 7 9 2 8 10 6 4 
1 7 9 3 2 8 6 4 
1 7 9 3 2 8 10 4 
1 7 9 3 5 2 8 4 
1 7 9 3 5 6 2 4 
1 7 9 3 5 6 8 4 
1 7 9 3 5 6 10 4 
1 7 9 3 5 8 2 4 
1 7 9 3 5 8 6 4 
1 7 9 3 5 8 10 4 
1 7 9 3 5 10 6 4 
1 7 9 3 5 10 8 4 
1 7 9 3 6 2 8 4 
1 7 9 3 6 5 2 4 
1 7 9 3 6 5 8 4 
1 7 9 3 6 5 10 4 
1 7 9 3 6 8 2 4 
1 7 9 3 6 8 10 4 
1 7 9 3 6 10 5 4 
1 7 9 3 6 10 8 4 
1 7 9 5 2 3 6 4 
1 7 9 5 2 8 3 4 
1 7 9 5 2 8 6 4 
1 7 9 5 2 8 10 4 
1 7 9 5 6 2 3 4 
1 7 9 5 6 2 8 4 
1 7 9 5 6 3 2 4 
1 7 9 5 6 8 2 4 
1 7 9 5 6 8 3 4 
1 7 9 5 6 8 10 4 
1 7 9 5 6 10 3 4 
1 7 9 5 6 10 8 4 
1 7 9 5 8 2 3 4 
1 7 9 5 8 3 2 4 
1 7 9 5 8 3 6 4 
1 7 9 5 8 6 2 4 
1 7 9 5 8 6 3 4 
1 7 9 5 8 6 10 4 
1 7 9 5 8 10 3 4 
1 7 9 5 8 10 6 4 
1 7 9 5 10 3 2 4 
1 7 9 5 10 3 6 4 
1 7 9 5 10 6 2 4 
1 7 9 5 10 6 3 4 
1 7 9 5 10 6 8 4 
1 7 9 5 10 8 2 4 
1 7 9 5 10 8 3 4 
1 7 9 5 10 8 6 4 
1 7 9 6 2 3 5 4 
1 7 9 6 2 8 3 4 
1 7 9 6 2 8 10 4 
1 7 9 6 3 2 8 4 
1 7 9 6 3 5 2 4 
1 7 9 6 3 5 8 4 
1 7 9 6 3 5 10 4 
1 7 9 6 5 2 3 4 
1 7 9 6 5 2 8 4 
1 7 9 6 5 8 2 4 
1 7 9 6 5 8 3 4 
1 7 9 6 5 8 10 4 
1 7 9 6 5 10 3 4 
1 7 9 6 5 10 8 4 
1 7 9 6 8 2 3 4 
1 7 9 6 8 3 2 4 
1 7 9 6 8 3 5 4 
1 7 9 6 8 10 3 4 
1 7 9 6 8 10 5 4 
1 7 9 6 10 3 2 4 
1 7 9 6 10 3 5 4 
1 7 9 6 10 5 2 4 
1 7 9 6 10 5 8 4 
1 7 9 6 10 8 2 4 
1 7 9 6 10 8 3 4 
1 7 9 10 3 2 8 4 
1 7 9 10 3 5 2 4 
1 7 9 10 3 5 6 4 
1 7 9 10 3 5 8 4 
1 7 9 10 3 6 2 4 
1 7 9 10 3 6 5 4 
1 7 9 10 3 6 8 4 
1 7 9 10 5 2 3 4 
1 7 9 10 5 2 8 4 
1 7 9 10 5 6 2 4 
1 7 9 10 5 6 3 4 
1 7 9 10 5 6 8 4 
1 7 9 10 5 8 2 4 
1 7 9 10 5 8 3 4 
1 7 9 10 5 8 6 4 
1 7 9 10 6 2 3 4 
1 7 9 10 6 2 8 4 
1 7 9 10 6 3 2 4 
1 7 9 10 6 3 5 4 
1 7 9 10 6 5 2 4 
1 7 9 10 6 5 8 4 
1 7 9 10 6 8 2 4 
1 7 9 10 6 8 3 4 
1 7 9 10 8 2 3 4 
1 7 9 10 8 3 2 4 
1 7 9 10 8 3 5 4 
1 7 9 10 8 3 6 4 
1 7 9 10 8 6 2 4 
1 7 9 10 8 6 3 4 
1 7 9 10 8 6 5 4 
1 8 2 3 5 6 7 4 
1 8 2 3 5 6 10 4 
1 8 2 3 5 9 6 4 
1 8 2 3 5 9 7 4 
1 8 2 3 5 9 10 4 
1 8 2 3 5 10 6 4 
1 8 2 3 5 10 7 4 
1 8 2 3 6 5 10 4 
1 8 2 3 6 7 5 4 
1 8 2 3 6 9 5 4 
1 8 2 3 6 9 7 4 
1 8 2 3 6 9 10 4 
1 8 2 3 6 10 5 4 
1 8 2 3 6 10 7 4 
1 8 2 3 9 5 6 4 
1 8 2 3 9 5 10 4 
1 8 2 3 9 6 5 4 
1 8 2 3 9 6 7 4 
1 8 2 3 9 6 10 4 
1 8 2 3 9 7 5 4 
1 8 2 3 9 7 6 4 
1 8 2 3 9 10 5 4 
1 8 2 3 9 10 6 4 
1 8 2 3 9 10 7 4 
1 8 2 7 5 6 3 4 
1 8 2 7 5 6 10 4 
1 8 2 7 5 9 3 4 
1 8 2 7 5 9 6 4 
1 8 2 7 5 9 10 4 
1 8 2 7 5 10 3 4 
1 8 2 7 5 10 6 4 
1 8 2 7 6 3 5 4 
1 8 2 7 6 5 10 4 
1 8 2 7 6 9 3 4 
1 8 2 7 6 9 5 4 
1 8 2 7 6 9 10 4 
1 8 2 7 6 10 3 4 
1 8 2 7 6 10 5 4 
1 8 2 7 9 3 5 4 
1 8 2 7 9 3 6 4 
1 8 2 7 9 5 6 4 
1 8 2 7 9 5 10 4 
1 8 2 7 9 6 3 4 
1 8 2 7 9 6 5 4 
1 8 2 7 9 6 10 4 
1 8 2 7 9 10 3 4 
1 8 2 7 9 10 5 4 
1 8 2 7 9 10 6 4 
1 8 2 9 3 5 6 4 
1 8 2 9 3 5 10 4 
1 8 2 9 3 6 5 4 
1 8 2 9 3 6 7 4 
1 8 2 9 3 6 10 4 
1 8 2 9 5 6 3 4 
1 8 2 9 5 6 7 4 
1 8 2 9 5 6 10 4 
1 8 2 9 5 10 3 4 
1 8 2 9 5 10 6 4 
1 8 2 9 5 10 7 4 
1 8 2 9 6 3 5 4 
1 8 2 9 6 5 10 4 
1 8 2 9 6 7 5 4 
1 8 2 9 6 10 3 4 
1 8 2 9 6 10 5 4 
1 8 2 9 6 10 7 4 
1 8 2 9 7 5 6 4 
1 8 2 9 7 5 10 4 
1 8 2 9 7 6 3 4 
1 8 2 9 7 6 5 4 
1 8 2 9 7 6 10 4 
1 8 2 9 10 3 5 4 
1 8 2 9 10 3 6 4 
1 8 2 9 10 5 6 4 
1 8 2 9 10 6 3 4 
1 8 2 9 10 6 5 4 
1 8 2 9 10 6 7 4 
1 8 2 9 10 7 5 4 
1 8 2 9 10 7 6 4 
1 8 3 2 7 5 6 4 
1 8 3 2 7 5 10 4 
1 8 3 2 7 6 5 4 
1 8 3 2 7 6 10 4 
1 8 3 2 7 9 5 4 
1 8 3 2 7 9 6 4 
1 8 3 2 7 9 10 4 
1 8 3 2 9 5 6 4 
1 8 3 2 9 5 10 4 
1 8 3 2 9 6 5 4 
1 8 3 2 9 6 7 4 
1 8 3 2 9 6 10 4 
1 8 3 2 9 7 5 4 
1 8 3 2 9 7 6 4 
1 8 3 2 9 10 5 4 
1 8 3 2 9 10 6 4 
1 8 3 2 9 10 7 4 
1 8 3 5 2 7 6 4 
1 8 3 5 2 9 6 4 
1 8 3 5 2 9 7 4 
1 8 3 5 2 9 10 4 
1 8 3 5 6 2 7 4 
1 8 3 5 6 9 2 4 
1 8 3 5 6 9 7 4 
1 8 3 5 6 9 10 4 
1 8 3 5 6 10 7 4 
1 8 3 5 9 2 7 4 
1 8 3 5 9 6 2 4 
1 8 3 5 9 6 7 4 
1 8 3 5 9 6 10 4 
1 8 3 5 9 7 6 4 
1 8 3 5 9 10 6 4 
1 8 3 5 9 10 7 4 
1 8 3 5 10 6 2 4 
1 8 3 5 10 6 7 4 
1 8 3 5 10 7 6 4 
1 8 3 6 2 7 5 4 
1 8 3 6 2 9 5 4 
1 8 3 6 2 9 7 4 
1 8 3 6 2 9 10 4 
1 8 3 6 5 2 7 4 
1 8 3 6 5 9 2 4 
1 8 3 6 5 9 7 4 
1 8 3 6 5 9 10 4 
1 8 3 6 5 10 7 4 
1 8 3 6 7 5 2 4 
1 8 3 6 7 5 10 4 
1 8 3 6 7 9 2 4 
1 8 3 6 7 9 5 4 
1 8 3 6 7 9 10 4 
1 8 3 6 9 2 7 4 
1 8 3 6 9 5 2 4 
1 8 3 6 9 5 10 4 
1 8 3 6 9 7 5 4 
1 8 3 6 9 10 5 4 
1 8 3 6 9 10 7 4 
1 8 3 6 10 5 2 4 
1 8 3 6 10 7 5 4 
1 8 3 9 2 7 5 4 
1 8 3 9 2 7 6 4 
1 8 3 9 5 2 7 4 
1 8 3 9 5 6 2 4 
1 8 3 9 5 6 7 4 
1 8 3 9 5 6 10 4 
1 8 3 9 5 10 6 4 
1 8 3 9 5 10 7 4 
1 8 3 9 6 2 7 4 
1 8 3 9 6 5 2 4 
1 8 3 9 6 5 10 4 
1 8 3 9 6 7 5 4 
1 8 3 9 6 10 5 4 
1 8 3 9 6 10 7 4 
1 8 3 9 7 5 2 4 
1 8 3 9 7 5 6 4 
1 8 3 9 7 5 10 4 
1 8 3 9 7 6 2 4 
1 8 3 9 7 6 5 4 
1 8 3 9 7 6 10 4 
1 8 3 9 10 5 2 4 
1 8 3 9 10 5 6 4 
1 8 3 9 10 6 2 4 
1 8 3 9 10 6 5 4 
1 8 3 9 10 6 7 4 
1 8 3 9 10 7 5 4 
1 8 3 9 10 7 6 4 
1 8 6 2 3 5 10 4 
1 8 6 2 3 9 5 4 
1 8 6 2 3 9 7 4 
1 8 6 2 3 9 10 4 
1 8 6 2 7 5 10 4 
1 8 6 2 7 9 3 4 
1 8 6 2 7 9 5 4 
1 8 6 2 7 9 10 4 
1 8 6 2 9 3 5 4 
1 8 6 2 9 5 10 4 
1 8 6 2 9 7 5 4 
1 8 6 2 9 10 3 4 
1 8 6 2 9 10 5 4 
1 8 6 2 9 10 7 4 
1 8 6 3 2 7 5 4 
1 8 6 3 2 9 5 4 
1 8 6 3 2 9 7 4 
1 8 6 3 2 9 10 4 
1 8 6 3 5 2 7 4 
1 8 6 3 5 9 2 4 
1 8 6 3 5 9 7 4 
1 8 6 3 5 9 10 4 
1 8 6 3 5 10 7 4 
1 8 6 3 9 2 7 4 
1 8 6 3 9 5 2 4 
1 8 6 3 9 5 10 4 
1 8 6 3 9 7 5 4 
1 8 6 3 9 10 5 4 
1 8 6 3 9 10 7 4 
1 8 6 5 2 9 3 4 
1 8 6 5 2 9 7 4 
1 8 6 5 2 9 10 4 
1 8 6 5 9 2 3 4 
1 8 6 5 9 2 7 4 
1 8 6 5 9 3 2 4 
1 8 6 5 9 10 3 4 
1 8 6 5 9 10 7 4 
1 8 6 5 10 3 2 4 
1 8 6 7 5 2 3 4 
1 8 6 7 5 9 2 4 
1 8 6 7 5 9 3 4 
1 8 6 7 5 9 10 4 
1 8 6 7 5 10 3 4 
1 8 6 7 9 2 3 4 
1 8 6 7 9 3 2 4 
1 8 6 7 9 3 5 4 
1 8 6 7 9 5 2 4 
1 8 6 7 9 5 10 4 
1 8 6 7 9 10 3 4 
1 8 6 7 9 10 5 4 
1 8 6 9 2 3 5 4 
1 8 6 9 2 7 5 4 
1 8 6 9 3 2 7 4 
1 8 6 9 3 5 2 4 
1 8 6 9 3 5 10 4 
1 8 6 9 5 2 3 4 
1 8 6 9 5 2 7 4 
1 8 6 9 5 10 3 4 
1 8 6 9 5 10 7 4 
1 8 6 9 7 5 2 4 
1 8 6 9 7 5 10 4 
1 8 6 9 10 3 2 4 
1 8 6 9 10 3 5 4 
1 8 6 9 10 5 2 4 
1 8 6 9 10 7 5 4 
1 8 6 10 3 2 7 4 
1 8 6 10 3 5 2 4 
1 8 6 10 3 9 2 4 
1 8 6 10 3 9 5 4 
1 8 6 10 3 9 7 4 
1 8 6 10 5 2 3 4 
1 8 6 10 5 2 7 4 
1 8 6 10 5 9 2 4 
1 8 6 10 5 9 3 4 
1 8 6 10 5 9 7 4 
1 8 6 10 7 5 2 4 
1 8 6 10 7 9 2 4 
1 8 6 10 7 9 3 4 
1 8 6 10 7 9 5 4 
1 8 7 5 2 3 6 4 
1 8 7 5 2 9 3 4 
1 8 7 5 2 9 6 4 
1 8 7 5 2 9 10 4 
1 8 7 5 6 2 3 4 
1 8 7 5 6 3 2 4 
1 8 7 5 6 9 2 4 
1 8 7 5 6 9 3 4 
1 8 7 5 6 9 10 4 
1 8 7 5 6 10 3 4 
1 8 7 5 9 2 3 4 
1 8 7 5 9 3 2 4 
1 8 7 5 9 3 6 4 
1 8 7 5 9 6 2 4 
1 8 7 5 9 6 3 4 
1 8 7 5 9 6 10 4 
1 8 7 5 9 10 3 4 
1 8 7 5 9 10 6 4 
1 8 7 5 10 3 2 4 
1 8 7 5 10 3 6 4 
1 8 7 5 10 6 2 4 
1 8 7 5 10 6 3 4 
1 8 7 6 2 3 5 4 
1 8 7 6 2 9 3 4 
1 8 7 6 2 9 5 4 
1 8 7 6 2 9 10 4 
1 8 7 6 3 5 2 4 
1 8 7 6 3 5 10 4 
1 8 7 6 3 9 2 4 
1 8 7 6 3 9 5 4 
1 8 7 6 3 9 10 4 
1 8 7 6 5 2 3 4 
1 8 7 6 5 9 2 4 
1 8 7 6 5 9 3 4 
1 8 7 6 5 9 10 4 
1 8 7 6 5 10 3 4 
1 8 7 6 9 2 3 4 
1 8 7 6 9 3 2 4 
1 8 7 6 9 3 5 4 
1 8 7 6 9 5 2 4 
1 8 7 6 9 5 10 4 
1 8 7 6 9 10 3 4 
1 8 7 6 9 10 5 4 
1 8 7 6 10 3 2 4 
1 8 7 6 10 3 5 4 
1 8 7 6 10 5 2 4 
1 8 7 9 2 3 5 4 
1 8 7 9 2 3 6 4 
1 8 7 9 3 5 2 4 
1 8 7 9 3 5 6 4 
1 8 7 9 3 5 10 4 
1 8 7 9 3 6 2 4 
1 8 7 9 3 6 5 4 
1 8 7 9 3 6 10 4 
1 8 7 9 5 2 3 4 
1 8 7 9 5 6 2 4 
1 8 7 9 5 6 3 4 
1 8 7 9 5 6 10 4 
1 8 7 9 5 10 3 4 
1 8 7 9 5 10 6 4 
1 8 7 9 6 2 3 4 
1 8 7 9 6 3 2 4 
1 8 7 9 6 3 5 4 
1 8 7 9 6 5 2 4 
1 8 7 9 6 5 10 4 
1 8 7 9 6 10 3 4 
1 8 7 9 6 10 5 4 
1 8 7 9 10 3 2 4 
1 8 7 9 10 3 5 4 
1 8 7 9 10 3 6 4 
1 8 7 9 10 5 2 4 
1 8 7 9 10 5 6 4 
1 8 7 9 10 6 2 4 
1 8 7 9 10 6 3 4 
1 8 7 9 10 6 5 4 
1 8 10 3 2 7 5 4 
1 8 10 3 2 7 6 4 
1 8 10 3 2 9 5 4 
1 8 10 3 2 9 6 4 
1 8 10 3 2 9 7 4 
1 8 10 3 5 2 7 4 
1 8 10 3 5 6 2 4 
1 8 10 3 5 6 7 4 
1 8 10 3 5 9 2 4 
1 8 10 3 5 9 6 4 
1 8 10 3 5 9 7 4 
1 8 10 3 6 2 7 4 
1 8 10 3 6 5 2 4 
1 8 10 3 6 7 5 4 
1 8 10 3 6 9 2 4 
1 8 10 3 6 9 5 4 
1 8 10 3 6 9 7 4 
1 8 10 3 9 2 7 4 
1 8 10 3 9 5 2 4 
1 8 10 3 9 5 6 4 
1 8 10 3 9 6 2 4 
1 8 10 3 9 6 5 4 
1 8 10 3 9 6 7 4 
1 8 10 3 9 7 5 4 
1 8 10 3 9 7 6 4 
1 8 10 5 2 3 6 4 
1 8 10 5 2 7 6 4 
1 8 10 5 2 9 3 4 
1 8 10 5 2 9 6 4 
1 8 10 5 2 9 7 4 
1 8 10 5 6 2 3 4 
1 8 10 5 6 2 7 4 
1 8 10 5 6 3 2 4 
1 8 10 5 6 9 2 4 
1 8 10 5 6 9 3 4 
1 8 10 5 6 9 7 4 
1 8 10 5 9 2 3 4 
1 8 10 5 9 2 7 4 
1 8 10 5 9 3 2 4 
1 8 10 5 9 3 6 4 
1 8 10 5 9 6 2 4 
1 8 10 5 9 6 3 4 
1 8 10 5 9 6 7 4 
1 8 10 5 9 7 6 4 
1 8 10 6 2 3 5 4 
1 8 10 6 2 7 5 4 
1 8 10 6 2 9 3 4 
1 8 10 6 2 9 5 4 
1 8 10 6 2 9 7 4 
1 8 10 6 3 2 7 4 
1 8 10 6 3 5 2 4 
1 8 10 6 3 9 2 4 
1 8 10 6 3 9 5 4 
1 8 10 6 3 9 7 4 
1 8 10 6 5 2 3 4 
1 8 10 6 5 2 7 4 
1 8 10 6 5 9 2 4 
1 8 10 6 5 9 3 4 
1 8 10 6 5 9 7 4 
1 8 10 6 7 5 2 4 
1 8 10 6 7 9 2 4 
1 8 10 6 7 9 3 4 
1 8 10 6 7 9 5 4 
1 8 10 6 9 2 3 4 
1 8 10 6 9 2 7 4 
1 8 10 6 9 3 2 4 
1 8 10 6 9 3 5 4 
1 8 10 6 9 5 2 4 
1 8 10 6 9 7 5 4 
1 8 10 7 5 2 3 4 
1 8 10 7 5 6 2 4 
1 8 10 7 5 6 3 4 
1 8 10 7 5 9 2 4 
1 8 10 7 5 9 3 4 
1 8 10 7 5 9 6 4 
1 8 10 7 6 2 3 4 
1 8 10 7 6 3 2 4 
1 8 10 7 6 3 5 4 
1 8 10 7 6 5 2 4 
1 8 10 7 6 9 2 4 
1 8 10 7 6 9 3 4 
1 8 10 7 6 9 5 4 
1 8 10 7 9 2 3 4 
1 8 10 7 9 3 2 4 
1 8 10 7 9 3 5 4 
1 8 10 7 9 3 6 4 
1 8 10 7 9 5 2 4 
1 8 10 7 9 5 6 4 
1 8 10 7 9 6 2 4 
1 8 10 7 9 6 3 4 
1 8 10 7 9 6 5 4 
1 9 2 3 5 6 7 4 
1 9 2 3 5 6 8 4 
1 9 2 3 5 6 10 4 
1 9 2 3 5 8 6 4 
1 9 2 3 5 8 7 4 
1 9 2 3 5 8 10 4 
1 9 2 3 5 10 6 4 
1 9 2 3 5 10 7 4 
1 9 2 3 5 10 8 4 
1 9 2 3 6 5 8 4 
1 9 2 3 6 5 10 4 
1 9 2 3 6 7 5 4 
1 9 2 3 6 7 8 4 
1 9 2 3 6 8 7 4 
1 9 2 3 6 8 10 4 
1 9 2 3 6 10 5 4 
1 9 2 3 6 10 7 4 
1 9 2 3 6 10 8 4 
1 9 2 7 5 6 3 4 
1 9 2 7 5 6 8 4 
1 9 2 7 5 6 10 4 
1 9 2 7 5 8 3 4 
1 9 2 7 5 8 6 4 
1 9 2 7 5 8 10 4 
1 9 2 7 5 10 3 4 
1 9 2 7 5 10 6 4 
1 9 2 7 5 10 8 4 
1 9 2 7 6 3 5 4 
1 9 2 7 6 5 8 4 
1 9 2 7 6 5 10 4 
1 9 2 7 6 8 3 4 
1 9 2 7 6 8 10 4 
1 9 2 7 6 10 3 4 
1 9 2 7 6 10 5 4 
1 9 2 7 6 10 8 4 
1 9 2 7 8 3 5 4 
1 9 2 7 8 3 6 4 
1 9 2 7 8 6 3 4 
1 9 2 7 8 6 5 4 
1 9 2 7 8 6 10 4 
1 9 2 7 8 10 3 4 
1 9 2 7 8 10 5 4 
1 9 2 7 8 10 6 4 
1 9 2 8 3 5 6 4 
1 9 2 8 3 5 10 4 
1 9 2 8 3 6 5 4 
1 9 2 8 3 6 7 4 
1 9 2 8 3 6 10 4 
1 9 2 8 6 3 5 4 
1 9 2 8 6 5 10 4 
1 9 2 8 6 7 5 4 
1 9 2 8 6 10 3 4 
1 9 2 8 6 10 5 4 
1 9 2 8 6 10 7 4 
1 9 2 8 7 5 6 4 
1 9 2 8 7 5 10 4 
1 9 2 8 7 6 3 4 
1 9 2 8 7 6 5 4 
1 9 2 8 7 6 10 4 
1 9 2 8 10 3 5 4 
1 9 2 8 10 3 6 4 
1 9 2 8 10 5 6 4 
1 9 2 8 10 6 3 4 
1 9 2 8 10 6 5 4 
1 9 2 8 10 6 7 4 
1 9 2 8 10 7 5 4 
1 9 2 8 10 7 6 4 
1 9 3 2 7 5 6 4 
1 9 3 2 7 5 8 4 
1 9 3 2 7 5 10 4 
1 9 3 2 7 6 5 4 
1 9 3 2 7 6 8 4 
1 9 3 2 7 6 10 4 
1 9 3 2 7 8 6 4 
1 9 3 2 7 8 10 4 
1 9 3 2 8 6 5 4 
1 9 3 2 8 6 7 4 
1 9 3 2 8 6 10 4 
1 9 3 2 8 7 5 4 
1 9 3 2 8 7 6 4 
1 9 3 2 8 10 5 4 
1 9 3 2 8 10 6 4 
1 9 3 2 8 10 7 4 
1 9 3 5 2 7 6 4 
1 9 3 5 2 7 8 4 
1 9 3 5 2 8 6 4 
1 9 3 5 2 8 7 4 
1 9 3 5 2 8 10 4 
1 9 3 5 6 2 7 4 
1 9 3 5 6 2 8 4 
1 9 3 5 6 7 8 4 
1 9 3 5 6 8 2 4 
1 9 3 5 6 8 7 4 
1 9 3 5 6 8 10 4 
1 9 3 5 6 10 7 4 
1 9 3 5 6 10 8 4 
1 9 3 5 8 2 7 4 
1 9 3 5 8 6 2 4 
1 9 3 5 8 6 7 4 
1 9 3 5 8 6 10 4 
1 9 3 5 8 7 6 4 
1 9 3 5 8 10 6 4 
1 9 3 5 8 10 7 4 
1 9 3 5 10 6 2 4 
1 9 3 5 10 6 7 4 
1 9 3 5 10 6 8 4 
1 9 3 5 10 7 6 4 
1 9 3 5 10 7 8 4 
1 9 3 5 10 8 2 4 
1 9 3 5 10 8 6 4 
1 9 3 5 10 8 7 4 
1 9 3 6 2 7 5 4 
1 9 3 6 2 7 8 4 
1 9 3 6 2 8 7 4 
1 9 3 6 2 8 10 4 
1 9 3 6 5 2 7 4 
1 9 3 6 5 2 8 4 
1 9 3 6 5 8 2 4 
1 9 3 6 5 8 7 4 
1 9 3 6 5 8 10 4 
1 9 3 6 5 10 7 4 
1 9 3 6 5 10 8 4 
1 9 3 6 7 5 2 4 
1 9 3 6 7 5 8 4 
1 9 3 6 7 5 10 4 
1 9 3 6 7 8 2 4 
1 9 3 6 7 8 10 4 
1 9 3 6 8 2 7 4 
1 9 3 6 8 7 5 4 
1 9 3 6 8 10 5 4 
1 9 3 6 8 10 7 4 
1 9 3 6 10 5 2 4 
1 9 3 6 10 5 8 4 
1 9 3 6 10 7 5 4 
1 9 3 6 10 7 8 4 
1 9 3 6 10 8 2 4 
1 9 3 6 10 8 7 4 
1 9 5 2 3 6 7 4 
1 9 5 2 3 6 8 4 
1 9 5 2 3 6 10 4 
1 9 5 2 7 6 3 4 
1 9 5 2 7 6 8 4 
1 9 5 2 7 6 10 4 
1 9 5 2 7 8 3 4 
1 9 5 2 7 8 6 4 
1 9 5 2 7 8 10 4 
1 9 5 2 8 3 6 4 
1 9 5 2 8 6 3 4 
1 9 5 2 8 6 7 4 
1 9 5 2 8 6 10 4 
1 9 5 2 8 7 6 4 
1 9 5 2 8 10 3 4 
1 9 5 2 8 10 6 4 
1 9 5 2 8 10 7 4 
1 9 5 6 2 7 8 4 
1 9 5 6 2 8 3 4 
1 9 5 6 2 8 7 4 
1 9 5 6 2 8 10 4 
1 9 5 6 3 2 7 4 
1 9 5 6 3 2 8 4 
1 9 5 6 7 8 2 4 
1 9 5 6 7 8 3 4 
1 9 5 6 7 8 10 4 
1 9 5 6 8 2 3 4 
1 9 5 6 8 2 7 4 
1 9 5 6 8 3 2 4 
1 9 5 6 8 10 3 4 
1 9 5 6 8 10 7 4 
1 9 5 6 10 3 2 4 
1 9 5 6 10 7 8 4 
1 9 5 6 10 8 2 4 
1 9 5 6 10 8 3 4 
1 9 5 6 10 8 7 4 
1 9 5 8 2 3 6 4 
1 9 5 8 2 7 6 4 
1 9 5 8 3 2 7 4 
1 9 5 8 3 6 2 4 
1 9 5 8 3 6 7 4 
1 9 5 8 3 6 10 4 
1 9 5 8 6 2 3 4 
1 9 5 8 6 2 7 4 
1 9 5 8 6 3 2 4 
1 9 5 8 6 10 3 4 
1 9 5 8 6 10 7 4 
1 9 5 8 7 6 2 4 
1 9 5 8 7 6 3 4 
1 9 5 8 7 6 10 4 
1 9 5 8 10 3 2 4 
1 9 5 8 10 3 6 4 
1 9 5 8 10 6 2 4 
1 9 5 8 10 6 3 4 
1 9 5 8 10 6 7 4 
1 9 5 8 10 7 6 4 
1 9 5 10 3 2 7 4 
1 9 5 10 3 2 8 4 
1 9 5 10 3 6 2 4 
1 9 5 10 3 6 7 4 
1 9 5 10 3 6 8 4 
1 9 5 10 6 2 3 4 
1 9 5 10 6 2 7 4 
1 9 5 10 6 2 8 4 
1 9 5 10 6 3 2 4 
1 9 5 10 6 7 8 4 
1 9 5 10 6 8 2 4 
1 9 5 10 6 8 3 4 
1 9 5 10 6 8 7 4 
1 9 5 10 7 6 2 4 
1 9 5 10 7 6 3 4 
1 9 5 10 7 6 8 4 
1 9 5 10 7 8 2 4 
1 9 5 10 7 8 3 4 
1 9 5 10 7 8 6 4 
1 9 5 10 8 2 3 4 
1 9 5 10 8 2 7 4 
1 9 5 10 8 3 2 4 
1 9 5 10 8 3 6 4 
1 9 5 10 8 6 2 4 
1 9 5 10 8 6 3 4 
1 9 5 10 8 6 7 4 
1 9 5 10 8 7 6 4 
1 9 6 2 3 5 8 4 
1 9 6 2 3 5 10 4 
1 9 6 2 7 5 8 4 
1 9 6 2 7 5 10 4 
1 9 6 2 7 8 3 4 
1 9 6 2 7 8 10 4 
1 9 6 2 8 3 5 4 
1 9 6 2 8 7 5 4 
1 9 6 2 8 10 3 4 
1 9 6 2 8 10 5 4 
1 9 6 2 8 10 7 4 
1 9 6 3 2 7 5 4 
1 9 6 3 2 7 8 4 
1 9 6 3 2 8 7 4 
1 9 6 3 2 8 10 4 
1 9 6 3 5 2 7 4 
1 9 6 3 5 2 8 4 
1 9 6 3 5 8 2 4 
1 9 6 3 5 8 7 4 
1 9 6 3 5 8 10 4 
1 9 6 3 5 10 7 4 
1 9 6 3 5 10 8 4 
1 9 6 5 2 7 8 4 
1 9 6 5 2 8 3 4 
1 9 6 5 2 8 7 4 
1 9 6 5 2 8 10 4 
1 9 6 5 8 2 3 4 
1 9 6 5 8 2 7 4 
1 9 6 5 8 3 2 4 
1 9 6 5 8 10 3 4 
1 9 6 5 8 10 7 4 
1 9 6 5 10 3 2 4 
1 9 6 5 10 7 8 4 
1 9 6 5 10 8 2 4 
1 9 6 5 10 8 3 4 
1 9 6 5 10 8 7 4 
1 9 6 7 5 2 3 4 
1 9 6 7 5 2 8 4 
1 9 6 7 5 8 2 4 
1 9 6 7 5 8 3 4 
1 9 6 7 5 8 10 4 
1 9 6 7 5 10 3 4 
1 9 6 7 5 10 8 4 
1 9 6 7 8 2 3 4 
1 9 6 7 8 3 2 4 
1 9 6 7 8 3 5 4 
1 9 6 7 8 10 3 4 
1 9 6 7 8 10 5 4 
1 9 6 8 2 3 5 4 
1 9 6 8 2 7 5 4 
1 9 6 8 3 2 7 4 
1 9 6 8 3 5 2 4 
1 9 6 8 3 5 10 4 
1 9 6 8 7 5 2 4 
1 9 6 8 7 5 10 4 
1 9 6 8 10 3 2 4 
1 9 6 8 10 3 5 4 
1 9 6 8 10 5 2 4 
1 9 6 8 10 7 5 4 
1 9 6 10 3 2 7 4 
1 9 6 10 3 2 8 4 
1 9 6 10 3 5 2 4 
1 9 6 10 3 5 8 4 
1 9 6 10 5 2 3 4 
1 9 6 10 5 2 7 4 
1 9 6 10 5 2 8 4 
1 9 6 10 5 8 2 4 
1 9 6 10 5 8 3 4 
1 9 6 10 5 8 7 4 
1 9 6 10 7 5 2 4 
1 9 6 10 7 5 8 4 
1 9 6 10 7 8 2 4 
1 9 6 10 7 8 3 4 
1 9 6 10 8 2 3 4 
1 9 6 10 8 2 7 4 
1 9 6 10 8 3 2 4 
1 9 6 10 8 3 5 4 
1 9 6 10 8 7 5 4 
1 9 7 5 2 3 6 4 
1 9 7 5 2 8 3 4 
1 9 7 5 2 8 6 4 
1 9 7 5 2 8 10 4 
1 9 7 5 6 2 3 4 
1 9 7 5 6 2 8 4 
1 9 7 5 6 3 2 4 
1 9 7 5 6 8 2 4 
1 9 7 5 6 8 3 4 
1 9 7 5 6 8 10 4 
1 9 7 5 6 10 3 4 
1 9 7 5 6 10 8 4 
1 9 7 5 8 2 3 4 
1 9 7 5 8 3 2 4 
1 9 7 5 8 3 6 4 
1 9 7 5 8 6 2 4 
1 9 7 5 8 6 3 4 
1 9 7 5 8 6 10 4 
1 9 7 5 8 10 3 4 
1 9 7 5 8 10 6 4 
1 9 7 5 10 3 2 4 
1 9 7 5 10 3 6 4 
1 9 7 5 10 6 2 4 
1 9 7 5 10 6 3 4 
1 9 7 5 10 6 8 4 
1 9 7 5 10 8 2 4 
1 9 7 5 10 8 3 4 
1 9 7 5 10 8 6 4 
1 9 7 6 2 3 5 4 
1 9 7 6 2 8 3 4 
1 9 7 6 2 8 10 4 
1 9 7 6 3 2 8 4 
1 9 7 6 3 5 2 4 
1 9 7 6 3 5 8 4 
1 9 7 6 3 5 10 4 
1 9 7 6 5 2 3 4 
1 9 7 6 5 2 8 4 
1 9 7 6 5 8 2 4 
1 9 7 6 5 8 3 4 
1 9 7 6 5 8 10 4 
1 9 7 6 5 10 3 4 
1 9 7 6 5 10 8 4 
1 9 7 6 8 2 3 4 
1 9 7 6 8 3 2 4 
1 9 7 6 8 3 5 4 
1 9 7 6 8 10 3 4 
1 9 7 6 8 10 5 4 
1 9 7 6 10 3 2 4 
1 9 7 6 10 3 5 4 
1 9 7 6 10 5 2 4 
1 9 7 6 10 5 8 4 
1 9 7 6 10 8 2 4 
1 9 7 6 10 8 3 4 
1 9 7 8 2 3 5 4 
1 9 7 8 2 3 6 4 
1 9 7 8 3 5 2 4 
1 9 7 8 3 5 6 4 
1 9 7 8 3 5 10 4 
1 9 7 8 3 6 2 4 
1 9 7 8 3 6 5 4 
1 9 7 8 3 6 10 4 
1 9 7 8 6 2 3 4 
1 9 7 8 6 3 2 4 
1 9 7 8 6 3 5 4 
1 9 7 8 6 5 2 4 
1 9 7 8 6 5 10 4 
1 9 7 8 6 10 3 4 
1 9 7 8 6 10 5 4 
1 9 7 8 10 3 2 4 
1 9 7 8 10 3 5 4 
1 9 7 8 10 3 6 4 
1 9 7 8 10 5 2 4 
1 9 7 8 10 5 6 4 
1 9 7 8 10 6 2 4 
1 9 7 8 10 6 3 4 
1 9 7 8 10 6 5 4 
1 9 10 3 2 7 5 4 
1 9 10 3 2 7 6 4 
1 9 10 3 2 7 8 4 
1 9 10 3 2 8 6 4 
1 9 10 3 2 8 7 4 
1 9 10 3 5 2 7 4 
1 9 10 3 5 2 8 4 
1 9 10 3 5 6 2 4 
1 9 10 3 5 6 7 4 
1 9 10 3 5 6 8 4 
1 9 10 3 5 8 2 4 
1 9 10 3 5 8 6 4 
1 9 10 3 5 8 7 4 
1 9 10 3 6 2 7 4 
1 9 10 3 6 2 8 4 
1 9 10 3 6 5 2 4 
1 9 10 3 6 5 8 4 
1 9 10 3 6 7 5 4 
1 9 10 3 6 7 8 4 
1 9 10 3 6 8 2 4 
1 9 10 3 6 8 7 4 
1 9 10 5 2 3 6 4 
1 9 10 5 2 7 6 4 
1 9 10 5 2 7 8 4 
1 9 10 5 2 8 3 4 
1 9 10 5 2 8 6 4 
1 9 10 5 2 8 7 4 
1 9 10 5 6 2 3 4 
1 9 10 5 6 2 7 4 
1 9 10 5 6 2 8 4 
1 9 10 5 6 3 2 4 
1 9 10 5 6 7 8 4 
1 9 10 5 6 8 2 4 
1 9 10 5 6 8 3 4 
1 9 10 5 6 8 7 4 
1 9 10 5 8 2 3 4 
1 9 10 5 8 2 7 4 
1 9 10 5 8 3 2 4 
1 9 10 5 8 3 6 4 
1 9 10 5 8 6 2 4 
1 9 10 5 8 6 3 4 
1 9 10 5 8 6 7 4 
1 9 10 5 8 7 6 4 
1 9 10 6 2 3 5 4 
1 9 10 6 2 7 5 4 
1 9 10 6 2 7 8 4 
1 9 10 6 2 8 3 4 
1 9 10 6 2 8 7 4 
1 9 10 6 3 2 7 4 
1 9 10 6 3 2 8 4 
1 9 10 6 3 5 2 4 
1 9 10 6 3 5 8 4 
1 9 10 6 5 2 3 4 
1 9 10 6 5 2 7 4 
1 9 10 6 5 2 8 4 
1 9 10 6 5 8 2 4 
1 9 10 6 5 8 3 4 
1 9 10 6 5 8 7 4 
1 9 10 6 7 5 2 4 
1 9 10 6 7 5 8 4 
1 9 10 6 7 8 2 4 
1 9 10 6 7 8 3 4 
1 9 10 6 8 2 3 4 
1 9 10 6 8 2 7 4 
1 9 10 6 8 3 2 4 
1 9 10 6 8 3 5 4 
1 9 10 6 8 7 5 4 
1 9 10 7 5 2 3 4 
1 9 10 7 5 2 8 4 
1 9 10 7 5 6 2 4 
1 9 10 7 5 6 3 4 
1 9 10 7 5 6 8 4 
1 9 10 7 5 8 2 4 
1 9 10 7 5 8 3 4 
1 9 10 7 5 8 6 4 
1 9 10 7 6 2 3 4 
1 9 10 7 6 2 8 4 
1 9 10 7 6 3 2 4 
1 9 10 7 6 3 5 4 
1 9 10 7 6 5 2 4 
1 9 10 7 6 5 8 4 
1 9 10 7 6 8 2 4 
1 9 10 7 6 8 3 4 
1 9 10 7 8 2 3 4 
1 9 10 7 8 3 2 4 
1 9 10 7 8 3 5 4 
1 9 10 7 8 3 6 4 
1 9 10 7 8 6 2 4 
1 9 10 7 8 6 3 4 
1 9 10 7 8 6 5 4 
1 9 10 8 2 3 5 4 
1 9 10 8 2 3 6 4 
1 9 10 8 2 7 5 4 
1 9 10 8 2 7 6 4 
1 9 10 8 3 2 7 4 
1 9 10 8 3 5 2 4 
1 9 10 8 3 5 6 4 
1 9 10 8 3 6 2 4 
1 9 10 8 3 6 5 4 
1 9 10 8 3 6 7 4 
1 9 10 8 6 2 3 4 
1 9 10 8 6 2 7 4 
1 9 10 8 6 3 2 4 
1 9 10 8 6 3 5 4 
1 9 10 8 6 5 2 4 
1 9 10 8 6 7 5 4 
1 9 10 8 7 5 2 4 
1 9 10 8 7 5 6 4 
1 9 10 8 7 6 2 4 
1 9 10 8 7 6 3 4 
1 9 10 8 7 6 5 4 
1 10 3 2 7 5 6 4 
1 10 3 2 7 5 8 4 
1 10 3 2 7 6 5 4 
1 10 3 2 7 6 8 4 
1 10 3 2 7 8 6 4 
1 10 3 2 7 9 5 4 
1 10 3 2 7 9 6 4 
1 10 3 2 8 6 5 4 
1 10 3 2 8 6 7 4 
1 10 3 2 8 7 5 4 
1 10 3 2 8 7 6 4 
1 10 3 2 9 5 6 4 
1 10 3 2 9 5 8 4 
1 10 3 2 9 6 5 4 
1 10 3 2 9 6 7 4 
1 10 3 2 9 6 8 4 
1 10 3 2 9 7 5 4 
1 10 3 2 9 7 6 4 
1 10 3 2 9 7 8 4 
1 10 3 5 2 7 6 4 
1 10 3 5 2 7 8 4 
1 10 3 5 2 8 6 4 
1 10 3 5 2 8 7 4 
1 10 3 5 2 9 6 4 
1 10 3 5 2 9 7 4 
1 10 3 5 6 2 7 4 
1 10 3 5 6 2 8 4 
1 10 3 5 6 7 8 4 
1 10 3 5 6 8 2 4 
1 10 3 5 6 8 7 4 
1 10 3 5 6 9 2 4 
1 10 3 5 6 9 7 4 
1 10 3 5 8 2 7 4 
1 10 3 5 8 6 2 4 
1 10 3 5 8 6 7 4 
1 10 3 5 8 7 6 4 
1 10 3 5 9 2 7 4 
1 10 3 5 9 2 8 4 
1 10 3 5 9 6 2 4 
1 10 3 5 9 6 7 4 
1 10 3 5 9 6 8 4 
1 10 3 5 9 7 6 4 
1 10 3 5 9 7 8 4 
1 10 3 6 2 7 5 4 
1 10 3 6 2 7 8 4 
1 10 3 6 2 8 7 4 
1 10 3 6 2 9 5 4 
1 10 3 6 2 9 7 4 
1 10 3 6 5 2 7 4 
1 10 3 6 5 2 8 4 
1 10 3 6 5 8 2 4 
1 10 3 6 5 8 7 4 
1 10 3 6 5 9 2 4 
1 10 3 6 5 9 7 4 
1 10 3 6 7 5 2 4 
1 10 3 6 7 5 8 4 
1 10 3 6 7 8 2 4 
1 10 3 6 7 9 2 4 
1 10 3 6 7 9 5 4 
1 10 3 6 8 2 7 4 
1 10 3 6 8 7 5 4 
1 10 3 6 9 2 7 4 
1 10 3 6 9 2 8 4 
1 10 3 6 9 5 2 4 
1 10 3 6 9 5 8 4 
1 10 3 6 9 7 5 4 
1 10 3 6 9 7 8 4 
1 10 3 9 2 7 5 4 
1 10 3 9 2 7 6 4 
1 10 3 9 2 7 8 4 
1 10 3 9 2 8 6 4 
1 10 3 9 2 8 7 4 
1 10 3 9 5 2 7 4 
1 10 3 9 5 2 8 4 
1 10 3 9 5 6 2 4 
1 10 3 9 5 6 7 4 
1 10 3 9 5 6 8 4 
1 10 3 9 5 8 2 4 
1 10 3 9 5 8 6 4 
1 10 3 9 5 8 7 4 
1 10 3 9 6 2 7 4 
1 10 3 9 6 2 8 4 
1 10 3 9 6 5 2 4 
1 10 3 9 6 5 8 4 
1 10 3 9 6 7 5 4 
1 10 3 9 6 7 8 4 
1 10 3 9 6 8 2 4 
1 10 3 9 6 8 7 4 
1 10 3 9 7 5 2 4 
1 10 3 9 7 5 6 4 
1 10 3 9 7 5 8 4 
1 10 3 9 7 6 2 4 
1 10 3 9 7 6 5 4 
1 10 3 9 7 6 8 4 
1 10 3 9 7 8 2 4 
1 10 3 9 7 8 6 4 
1 10 5 2 3 6 7 4 
1 10 5 2 3 6 8 4 
1 10 5 2 3 9 6 4 
1 10 5 2 3 9 7 4 
1 10 5 2 7 6 3 4 
1 10 5 2 7 6 8 4 
1 10 5 2 7 8 3 4 
1 10 5 2 7 8 6 4 
1 10 5 2 7 9 3 4 
1 10 5 2 7 9 6 4 
1 10 5 2 8 3 6 4 
1 10 5 2 8 6 3 4 
1 10 5 2 8 6 7 4 
1 10 5 2 8 7 6 4 
1 10 5 2 9 3 6 4 
1 10 5 2 9 6 3 4 
1 10 5 2 9 6 7 4 
1 10 5 2 9 6 8 4 
1 10 5 2 9 7 6 4 
1 10 5 2 9 7 8 4 
1 10 5 6 2 7 8 4 
1 10 5 6 2 8 3 4 
1 10 5 6 2 8 7 4 
1 10 5 6 2 9 3 4 
1 10 5 6 2 9 7 4 
1 10 5 6 3 2 7 4 
1 10 5 6 3 2 8 4 
1 10 5 6 3 9 2 4 
1 10 5 6 3 9 7 4 
1 10 5 6 7 8 2 4 
1 10 5 6 7 8 3 4 
1 10 5 6 7 9 2 4 
1 10 5 6 7 9 3 4 
1 10 5 6 8 2 3 4 
1 10 5 6 8 2 7 4 
1 10 5 6 8 3 2 4 
1 10 5 6 9 2 3 4 
1 10 5 6 9 2 7 4 
1 10 5 6 9 2 8 4 
1 10 5 6 9 3 2 4 
1 10 5 6 9 7 8 4 
1 10 5 8 2 3 6 4 
1 10 5 8 2 7 6 4 
1 10 5 8 2 9 3 4 
1 10 5 8 2 9 6 4 
1 10 5 8 2 9 7 4 
1 10 5 8 3 2 7 4 
1 10 5 8 3 6 2 4 
1 10 5 8 3 6 7 4 
1 10 5 8 3 9 2 4 
1 10 5 8 3 9 6 4 
1 10 5 8 3 9 7 4 
1 10 5 8 6 2 3 4 
1 10 5 8 6 2 7 4 
1 10 5 8 6 3 2 4 
1 10 5 8 6 9 2 4 
1 10 5 8 6 9 3 4 
1 10 5 8 6 9 7 4 
1 10 5 8 7 6 2 4 
1 10 5 8 7 6 3 4 
1 10 5 8 7 9 2 4 
1 10 5 8 7 9 3 4 
1 10 5 8 7 9 6 4 
1 10 5 9 2 3 6 4 
1 10 5 9 2 7 6 4 
1 10 5 9 2 7 8 4 
1 10 5 9 2 8 3 4 
1 10 5 9 2 8 6 4 
1 10 5 9 2 8 7 4 
1 10 5 9 3 2 7 4 
1 10 5 9 3 2 8 4 
1 10 5 9 3 6 2 4 
1 10 5 9 3 6 7 4 
1 10 5 9 3 6 8 4 
1 10 5 9 6 2 3 4 
1 10 5 9 6 2 7 4 
1 10 5 9 6 2 8 4 
1 10 5 9 6 3 2 4 
1 10 5 9 6 7 8 4 
1 10 5 9 6 8 2 4 
1 10 5 9 6 8 3 4 
1 10 5 9 6 8 7 4 
1 10 5 9 7 6 2 4 
1 10 5 9 7 6 3 4 
1 10 5 9 7 6 8 4 
1 10 5 9 7 8 2 4 
1 10 5 9 7 8 3 4 
1 10 5 9 7 8 6 4 
1 10 6 2 3 5 8 4 
1 10 6 2 3 9 5 4 
1 10 6 2 3 9 7 4 
1 10 6 2 7 5 8 4 
1 10 6 2 7 8 3 4 
1 10 6 2 7 9 3 4 
1 10 6 2 7 9 5 4 
1 10 6 2 8 3 5 4 
1 10 6 2 8 7 5 4 
1 10 6 2 9 3 5 4 
1 10 6 2 9 5 8 4 
1 10 6 2 9 7 5 4 
1 10 6 2 9 7 8 4 
1 10 6 3 2 7 5 4 
1 10 6 3 2 7 8 4 
1 10 6 3 2 8 7 4 
1 10 6 3 2 9 5 4 
1 10 6 3 2 9 7 4 
1 10 6 3 5 2 7 4 
1 10 6 3 5 2 8 4 
1 10 6 3 5 8 2 4 
1 10 6 3 5 8 7 4 
1 10 6 3 5 9 2 4 
1 10 6 3 5 9 7 4 
1 10 6 3 9 2 7 4 
1 10 6 3 9 2 8 4 
1 10 6 3 9 5 2 4 
1 10 6 3 9 5 8 4 
1 10 6 3 9 7 5 4 
1 10 6 3 9 7 8 4 
1 10 6 5 2 7 8 4 
1 10 6 5 2 8 3 4 
1 10 6 5 2 8 7 4 
1 10 6 5 2 9 3 4 
1 10 6 5 2 9 7 4 
1 10 6 5 8 2 3 4 
1 10 6 5 8 2 7 4 
1 10 6 5 8 3 2 4 
1 10 6 5 9 2 3 4 
1 10 6 5 9 2 7 4 
1 10 6 5 9 2 8 4 
1 10 6 5 9 3 2 4 
1 10 6 5 9 7 8 4 
1 10 6 7 5 2 3 4 
1 10 6 7 5 2 8 4 
1 10 6 7 5 8 2 4 
1 10 6 7 5 8 3 4 
1 10 6 7 5 9 2 4 
1 10 6 7 5 9 3 4 
1 10 6 7 8 2 3 4 
1 10 6 7 8 3 2 4 
1 10 6 7 8 3 5 4 
1 10 6 7 9 2 3 4 
1 10 6 7 9 2 8 4 
1 10 6 7 9 3 2 4 
1 10 6 7 9 3 5 4 
1 10 6 7 9 5 2 4 
1 10 6 7 9 5 8 4 
1 10 6 8 2 3 5 4 
1 10 6 8 2 7 5 4 
1 10 6 8 2 9 3 4 
1 10 6 8 2 9 5 4 
1 10 6 8 2 9 7 4 
1 10 6 8 3 2 7 4 
1 10 6 8 3 5 2 4 
1 10 6 8 3 9 2 4 
1 10 6 8 3 9 5 4 
1 10 6 8 3 9 7 4 
1 10 6 8 7 5 2 4 
1 10 6 8 7 9 2 4 
1 10 6 8 7 9 3 4 
1 10 6 8 7 9 5 4 
1 10 6 9 2 3 5 4 
1 10 6 9 2 7 5 4 
1 10 6 9 2 7 8 4 
1 10 6 9 2 8 3 4 
1 10 6 9 2 8 7 4 
1 10 6 9 3 2 7 4 
1 10 6 9 3 2 8 4 
1 10 6 9 3 5 2 4 
1 10 6 9 3 5 8 4 
1 10 6 9 5 2 3 4 
1 10 6 9 5 2 7 4 
1 10 6 9 5 2 8 4 
1 10 6 9 5 8 2 4 
1 10 6 9 5 8 3 4 
1 10 6 9 5 8 7 4 
1 10 6 9 7 5 2 4 
1 10 6 9 7 5 8 4 
1 10 6 9 7 8 2 4 
1 10 6 9 7 8 3 4 
1 10 7 5 2 3 6 4 
1 10 7 5 2 8 3 4 
1 10 7 5 2 8 6 4 
1 10 7 5 2 9 3 4 
1 10 7 5 2 9 6 4 
1 10 7 5 6 2 3 4 
1 10 7 5 6 2 8 4 
1 10 7 5 6 3 2 4 
1 10 7 5 6 8 2 4 
1 10 7 5 6 8 3 4 
1 10 7 5 6 9 2 4 
1 10 7 5 6 9 3 4 
1 10 7 5 8 2 3 4 
1 10 7 5 8 3 2 4 
1 10 7 5 8 3 6 4 
1 10 7 5 8 6 2 4 
1 10 7 5 8 6 3 4 
1 10 7 5 9 2 3 4 
1 10 7 5 9 2 8 4 
1 10 7 5 9 3 2 4 
1 10 7 5 9 3 6 4 
1 10 7 5 9 6 2 4 
1 10 7 5 9 6 3 4 
1 10 7 5 9 6 8 4 
1 10 7 6 2 3 5 4 
1 10 7 6 2 8 3 4 
1 10 7 6 2 9 3 4 
1 10 7 6 2 9 5 4 
1 10 7 6 3 2 8 4 
1 10 7 6 3 5 2 4 
1 10 7 6 3 5 8 4 
1 10 7 6 3 9 2 4 
1 10 7 6 3 9 5 4 
1 10 7 6 5 2 3 4 
1 10 7 6 5 2 8 4 
1 10 7 6 5 8 2 4 
1 10 7 6 5 8 3 4 
1 10 7 6 5 9 2 4 
1 10 7 6 5 9 3 4 
1 10 7 6 8 2 3 4 
1 10 7 6 8 3 2 4 
1 10 7 6 8 3 5 4 
1 10 7 6 9 2 3 4 
1 10 7 6 9 2 8 4 
1 10 7 6 9 3 2 4 
1 10 7 6 9 3 5 4 
1 10 7 6 9 5 2 4 
1 10 7 6 9 5 8 4 
1 10 7 8 2 3 5 4 
1 10 7 8 2 3 6 4 
1 10 7 8 2 9 3 4 
1 10 7 8 2 9 5 4 
1 10 7 8 2 9 6 4 
1 10 7 8 3 5 2 4 
1 10 7 8 3 5 6 4 
1 10 7 8 3 6 2 4 
1 10 7 8 3 6 5 4 
1 10 7 8 3 9 2 4 
1 10 7 8 3 9 5 4 
1 10 7 8 3 9 6 4 
1 10 7 8 6 2 3 4 
1 10 7 8 6 3 2 4 
1 10 7 8 6 3 5 4 
1 10 7 8 6 5 2 4 
1 10 7 8 6 9 2 4 
1 10 7 8 6 9 3 4 
1 10 7 8 6 9 5 4 
1 10 7 9 2 3 5 4 
1 10 7 9 2 3 6 4 
1 10 7 9 2 8 3 4 
1 10 7 9 2 8 6 4 
1 10 7 9 3 2 8 4 
1 10 7 9 3 5 2 4 
1 10 7 9 3 5 6 4 
1 10 7 9 3 5 8 4 
1 10 7 9 3 6 2 4 
1 10 7 9 3 6 5 4 
1 10 7 9 3 6 8 4 
1 10 7 9 5 2 3 4 
1 10 7 9 5 2 8 4 
1 10 7 9 5 6 2 4 
1 10 7 9 5 6 3 4 
1 10 7 9 5 6 8 4 
1 10 7 9 5 8 2 4 
1 10 7 9 5 8 3 4 
1 10 7 9 5 8 6 4 
1 10 7 9 6 2 3 4 
1 10 7 9 6 2 8 4 
1 10 7 9 6 3 2 4 
1 10 7 9 6 3 5 4 
1 10 7 9 6 5 2 4 
1 10 7 9 6 5 8 4 
1 10 7 9 6 8 2 4 
1 10 7 9 6 8 3 4 
1 10 8 2 3 5 6 4 
1 10 8 2 3 6 5 4 
1 10 8 2 3 6 7 4 
1 10 8 2 3 9 5 4 
1 10 8 2 3 9 6 4 
1 10 8 2 3 9 7 4 
1 10 8 2 7 5 6 4 
1 10 8 2 7 6 3 4 
1 10 8 2 7 6 5 4 
1 10 8 2 7 9 3 4 
1 10 8 2 7 9 5 4 
1 10 8 2 7 9 6 4 
1 10 8 2 9 3 5 4 
1 10 8 2 9 3 6 4 
1 10 8 2 9 5 6 4 
1 10 8 2 9 6 3 4 
1 10 8 2 9 6 5 4 
1 10 8 2 9 6 7 4 
1 10 8 2 9 7 5 4 
1 10 8 2 9 7 6 4 
1 10 8 3 2 7 5 4 
1 10 8 3 2 7 6 4 
1 10 8 3 2 9 5 4 
1 10 8 3 2 9 6 4 
1 10 8 3 2 9 7 4 
1 10 8 3 5 2 7 4 
1 10 8 3 5 6 2 4 
1 10 8 3 5 6 7 4 
1 10 8 3 5 9 2 4 
1 10 8 3 5 9 6 4 
1 10 8 3 5 9 7 4 
1 10 8 3 6 2 7 4 
1 10 8 3 6 5 2 4 
1 10 8 3 6 7 5 4 
1 10 8 3 6 9 2 4 
1 10 8 3 6 9 5 4 
1 10 8 3 6 9 7 4 
1 10 8 3 9 2 7 4 
1 10 8 3 9 5 2 4 
1 10 8 3 9 5 6 4 
1 10 8 3 9 6 2 4 
1 10 8 3 9 6 5 4 
1 10 8 3 9 6 7 4 
1 10 8 3 9 7 5 4 
1 10 8 3 9 7 6 4 
1 10 8 6 2 3 5 4 
1 10 8 6 2 7 5 4 
1 10 8 6 2 9 3 4 
1 10 8 6 2 9 5 4 
1 10 8 6 2 9 7 4 
1 10 8 6 3 2 7 4 
1 10 8 6 3 5 2 4 
1 10 8 6 3 9 2 4 
1 10 8 6 3 9 5 4 
1 10 8 6 3 9 7 4 
1 10 8 6 5 2 3 4 
1 10 8 6 5 2 7 4 
1 10 8 6 5 9 2 4 
1 10 8 6 5 9 3 4 
1 10 8 6 5 9 7 4 
1 10 8 6 7 5 2 4 
1 10 8 6 7 9 2 4 
1 10 8 6 7 9 3 4 
1 10 8 6 7 9 5 4 
1 10 8 6 9 2 3 4 
1 10 8 6 9 2 7 4 
1 10 8 6 9 3 2 4 
1 10 8 6 9 3 5 4 
1 10 8 6 9 5 2 4 
1 10 8 6 9 7 5 4 
1 10 8 7 5 2 3 4 
1 10 8 7 5 6 2 4 
1 10 8 7 5 6 3 4 
1 10 8 7 5 9 2 4 
1 10 8 7 5 9 3 4 
1 10 8 7 5 9 6 4 
1 10 8 7 6 2 3 4 
1 10 8 7 6 3 2 4 
1 10 8 7 6 3 5 4 
1 10 8 7 6 5 2 4 
1 10 8 7 6 9 2 4 
1 10 8 7 6 9 3 4 
1 10 8 7 6 9 5 4 
1 10 8 7 9 2 3 4 
1 10 8 7 9 3 2 4 
1 10 8 7 9 3 5 4 
1 10 8 7 9 3 6 4 
1 10 8 7 9 5 2 4 
1 10 8 7 9 5 6 4 
1 10 8 7 9 6 2 4 
1 10 8 7 9 6 3 4 
1 10 8 7 9 6 5 4 
1 2 3 5 6 7 8 10 4 
1 2 3 5 6 7 9 10 4 
1 2 3 5 6 8 10 7 4 
1 2 3 5 6 9 7 8 4 
1 2 3 5 6 9 10 7 4 
1 2 3 5 6 9 10 8 4 
1 2 3 5 6 10 7 8 4 
1 2 3 5 6 10 8 7 4 
1 2 3 5 8 6 9 7 4 
1 2 3 5 8 6 9 10 4 
1 2 3 5 8 6 10 7 4 
1 2 3 5 8 7 6 10 4 
1 2 3 5 8 7 9 6 4 
1 2 3 5 8 7 9 10 4 
1 2 3 5 8 10 6 7 4 
1 2 3 5 8 10 7 6 4 
1 2 3 5 9 6 7 8 4 
1 2 3 5 9 6 8 7 4 
1 2 3 5 9 6 8 10 4 
1 2 3 5 9 6 10 7 4 
1 2 3 5 9 6 10 8 4 
1 2 3 5 9 7 6 8 4 
1 2 3 5 9 7 6 10 4 
1 2 3 5 9 7 8 6 4 
1 2 3 5 9 7 8 10 4 
1 2 3 5 9 10 6 7 4 
1 2 3 5 9 10 6 8 4 
1 2 3 5 9 10 7 6 4 
1 2 3 5 9 10 7 8 4 
1 2 3 5 9 10 8 6 4 
1 2 3 5 9 10 8 7 4 
1 2 3 5 10 6 7 8 4 
1 2 3 5 10 6 8 7 4 
1 2 3 5 10 6 9 7 4 
1 2 3 5 10 7 6 8 4 
1 2 3 5 10 7 8 6 4 
1 2 3 5 10 7 9 6 4 
1 2 3 5 10 8 6 7 4 
1 2 3 5 10 8 7 6 4 
1 2 3 6 5 8 10 7 4 
1 2 3 6 5 9 7 8 4 
1 2 3 6 5 9 10 7 4 
1 2 3 6 5 9 10 8 4 
1 2 3 6 5 10 7 8 4 
1 2 3 6 5 10 8 7 4 
1 2 3 6 7 5 8 10 4 
1 2 3 6 7 5 9 10 4 
1 2 3 6 7 5 10 8 4 
1 2 3 6 7 8 10 5 4 
1 2 3 6 7 9 5 8 4 
1 2 3 6 7 9 5 10 4 
1 2 3 6 7 9 10 5 4 
1 2 3 6 7 9 10 8 4 
1 2 3 6 8 7 5 10 4 
1 2 3 6 8 7 9 5 4 
1 2 3 6 8 7 9 10 4 
1 2 3 6 8 10 7 5 4 
1 2 3 6 9 5 8 7 4 
1 2 3 6 9 5 8 10 4 
1 2 3 6 9 5 10 7 4 
1 2 3 6 9 5 10 8 4 
1 2 3 6 9 7 5 8 4 
1 2 3 6 9 7 5 10 4 
1 2 3 6 9 7 8 10 4 
1 2 3 6 9 10 5 8 4 
1 2 3 6 9 10 7 5 4 
1 2 3 6 9 10 7 8 4 
1 2 3 6 9 10 8 7 4 
1 2 3 6 10 5 8 7 4 
1 2 3 6 10 5 9 7 4 
1 2 3 6 10 7 5 8 4 
1 2 3 6 10 7 9 5 4 
1 2 3 6 10 8 7 5 4 
1 2 3 9 5 6 7 8 4 
1 2 3 9 5 6 8 7 4 
1 2 3 9 5 6 8 10 4 
1 2 3 9 5 6 10 7 4 
1 2 3 9 5 6 10 8 4 
1 2 3 9 5 8 6 7 4 
1 2 3 9 5 8 6 10 4 
1 2 3 9 5 8 7 6 4 
1 2 3 9 5 8 10 6 4 
1 2 3 9 5 8 10 7 4 
1 2 3 9 5 10 6 7 4 
1 2 3 9 5 10 6 8 4 
1 2 3 9 5 10 7 6 4 
1 2 3 9 5 10 7 8 4 
1 2 3 9 5 10 8 6 4 
1 2 3 9 5 10 8 7 4 
1 2 3 9 6 5 8 7 4 
1 2 3 9 6 5 8 10 4 
1 2 3 9 6 5 10 7 4 
1 2 3 9 6 5 10 8 4 
1 2 3 9 6 7 5 8 4 
1 2 3 9 6 7 5 10 4 
1 2 3 9 6 7 8 10 4 
1 2 3 9 6 8 7 5 4 
1 2 3 9 6 8 10 5 4 
1 2 3 9 6 8 10 7 4 
1 2 3 9 6 10 5 8 4 
1 2 3 9 6 10 7 5 4 
1 2 3 9 6 10 7 8 4 
1 2 3 9 6 10 8 7 4 
1 2 3 9 7 5 6 8 4 
1 2 3 9 7 5 6 10 4 
1 2 3 9 7 5 8 6 4 
1 2 3 9 7 5 8 10 4 
1 2 3 9 7 5 10 6 4 
1 2 3 9 7 5 10 8 4 
1 2 3 9 7 6 5 8 4 
1 2 3 9 7 6 5 10 4 
1 2 3 9 7 6 8 10 4 
1 2 3 9 7 6 10 5 4 
1 2 3 9 7 6 10 8 4 
1 2 3 9 7 8 6 5 4 
1 2 3 9 7 8 6 10 4 
1 2 3 9 7 8 10 5 4 
1 2 3 9 7 8 10 6 4 
1 2 3 9 10 5 6 7 4 
1 2 3 9 10 5 6 8 4 
1 2 3 9 10 5 8 6 4 
1 2 3 9 10 5 8 7 4 
1 2 3 9 10 6 5 8 4 
1 2 3 9 10 6 7 5 4 
1 2 3 9 10 6 7 8 4 
1 2 3 9 10 6 8 7 4 
1 2 3 9 10 7 5 6 4 
1 2 3 9 10 7 5 8 4 
1 2 3 9 10 7 6 5 4 
1 2 3 9 10 7 6 8 4 
1 2 3 9 10 7 8 6 4 
1 2 3 9 10 8 6 5 4 
1 2 3 9 10 8 6 7 4 
1 2 3 9 10 8 7 5 4 
1 2 3 9 10 8 7 6 4 
1 2 7 5 6 3 9 10 4 
1 2 7 5 6 8 10 3 4 
1 2 7 5 6 9 10 3 4 
1 2 7 5 6 9 10 8 4 
1 2 7 5 6 10 8 3 4 
1 2 7 5 8 3 6 10 4 
1 2 7 5 8 3 9 6 4 
1 2 7 5 8 3 9 10 4 
1 2 7 5 8 6 9 3 4 
1 2 7 5 8 6 9 10 4 
1 2 7 5 8 6 10 3 4 
1 2 7 5 8 10 3 6 4 
1 2 7 5 8 10 6 3 4 
1 2 7 5 9 3 6 8 4 
1 2 7 5 9 3 6 10 4 
1 2 7 5 9 6 8 3 4 
1 2 7 5 9 6 8 10 4 
1 2 7 5 9 6 10 3 4 
1 2 7 5 9 6 10 8 4 
1 2 7 5 9 10 3 6 4 
1 2 7 5 9 10 6 3 4 
1 2 7 5 9 10 6 8 4 
1 2 7 5 9 10 8 3 4 
1 2 7 5 9 10 8 6 4 
1 2 7 5 10 3 6 8 4 
1 2 7 5 10 3 9 6 4 
1 2 7 5 10 6 8 3 4 
1 2 7 5 10 6 9 3 4 
1 2 7 5 10 8 3 6 4 
1 2 7 5 10 8 6 3 4 
1 2 7 6 3 5 8 10 4 
1 2 7 6 3 5 9 10 4 
1 2 7 6 3 5 10 8 4 
1 2 7 6 3 9 5 8 4 
1 2 7 6 3 9 5 10 4 
1 2 7 6 3 9 10 5 4 
1 2 7 6 3 9 10 8 4 
1 2 7 6 5 8 10 3 4 
1 2 7 6 5 9 10 3 4 
1 2 7 6 5 9 10 8 4 
1 2 7 6 5 10 8 3 4 
1 2 7 6 8 3 5 10 4 
1 2 7 6 8 3 9 5 4 
1 2 7 6 8 3 9 10 4 
1 2 7 6 8 10 3 5 4 
1 2 7 6 9 3 5 8 4 
1 2 7 6 9 3 5 10 4 
1 2 7 6 9 5 8 3 4 
1 2 7 6 9 5 8 10 4 
1 2 7 6 9 5 10 3 4 
1 2 7 6 9 5 10 8 4 
1 2 7 6 9 10 3 5 4 
1 2 7 6 9 10 5 8 4 
1 2 7 6 9 10 8 3 4 
1 2 7 6 10 3 5 8 4 
1 2 7 6 10 3 9 5 4 
1 2 7 6 10 5 8 3 4 
1 2 7 6 10 5 9 3 4 
1 2 7 6 10 8 3 5 4 
1 2 7 8 3 5 6 10 4 
1 2 7 8 3 5 9 6 4 
1 2 7 8 3 5 9 10 4 
1 2 7 8 3 5 10 6 4 
1 2 7 8 3 6 5 10 4 
1 2 7 8 3 6 9 5 4 
1 2 7 8 3 6 9 10 4 
1 2 7 8 3 6 10 5 4 
1 2 7 8 3 9 5 6 4 
1 2 7 8 3 9 5 10 4 
1 2 7 8 3 9 6 5 4 
1 2 7 8 3 9 6 10 4 
1 2 7 8 3 9 10 5 4 
1 2 7 8 3 9 10 6 4 
1 2 7 8 6 3 5 10 4 
1 2 7 8 6 3 9 5 4 
1 2 7 8 6 3 9 10 4 
1 2 7 8 6 5 9 3 4 
1 2 7 8 6 5 9 10 4 
1 2 7 8 6 5 10 3 4 
1 2 7 8 6 9 3 5 4 
1 2 7 8 6 9 5 10 4 
1 2 7 8 6 9 10 3 4 
1 2 7 8 6 9 10 5 4 
1 2 7 8 6 10 3 5 4 
1 2 7 8 10 3 5 6 4 
1 2 7 8 10 3 6 5 4 
1 2 7 8 10 3 9 5 4 
1 2 7 8 10 3 9 6 4 
1 2 7 8 10 5 6 3 4 
1 2 7 8 10 5 9 3 4 
1 2 7 8 10 5 9 6 4 
1 2 7 8 10 6 3 5 4 
1 2 7 8 10 6 9 3 4 
1 2 7 8 10 6 9 5 4 
1 2 7 9 3 5 6 8 4 
1 2 7 9 3 5 6 10 4 
1 2 7 9 3 5 8 6 4 
1 2 7 9 3 5 8 10 4 
1 2 7 9 3 5 10 6 4 
1 2 7 9 3 5 10 8 4 
1 2 7 9 3 6 5 8 4 
1 2 7 9 3 6 5 10 4 
1 2 7 9 3 6 8 10 4 
1 2 7 9 3 6 10 5 4 
1 2 7 9 3 6 10 8 4 
1 2 7 9 5 6 8 3 4 
1 2 7 9 5 6 8 10 4 
1 2 7 9 5 6 10 3 4 
1 2 7 9 5 6 10 8 4 
1 2 7 9 5 8 3 6 4 
1 2 7 9 5 8 6 3 4 
1 2 7 9 5 8 6 10 4 
1 2 7 9 5 8 10 3 4 
1 2 7 9 5 8 10 6 4 
1 2 7 9 5 10 3 6 4 
1 2 7 9 5 10 6 3 4 
1 2 7 9 5 10 6 8 4 
1 2 7 9 5 10 8 3 4 
1 2 7 9 5 10 8 6 4 
1 2 7 9 6 3 5 8 4 
1 2 7 9 6 3 5 10 4 
1 2 7 9 6 5 8 3 4 
1 2 7 9 6 5 8 10 4 
1 2 7 9 6 5 10 3 4 
1 2 7 9 6 5 10 8 4 
1 2 7 9 6 8 3 5 4 
1 2 7 9 6 8 10 3 4 
1 2 7 9 6 8 10 5 4 
1 2 7 9 6 10 3 5 4 
1 2 7 9 6 10 5 8 4 
1 2 7 9 6 10 8 3 4 
1 2 7 9 10 3 5 6 4 
1 2 7 9 10 3 5 8 4 
1 2 7 9 10 3 6 5 4 
1 2 7 9 10 3 6 8 4 
1 2 7 9 10 5 6 3 4 
1 2 7 9 10 5 6 8 4 
1 2 7 9 10 5 8 3 4 
1 2 7 9 10 5 8 6 4 
1 2 7 9 10 6 3 5 4 
1 2 7 9 10 6 5 8 4 
1 2 7 9 10 6 8 3 4 
1 2 7 9 10 8 3 5 4 
1 2 7 9 10 8 3 6 4 
1 2 7 9 10 8 6 3 4 
1 2 7 9 10 8 6 5 4 
1 2 8 3 5 6 9 7 4 
1 2 8 3 5 6 9 10 4 
1 2 8 3 5 6 10 7 4 
1 2 8 3 5 9 6 7 4 
1 2 8 3 5 9 6 10 4 
1 2 8 3 5 9 7 6 4 
1 2 8 3 5 9 10 6 4 
1 2 8 3 5 9 10 7 4 
1 2 8 3 5 10 6 7 4 
1 2 8 3 5 10 7 6 4 
1 2 8 3 6 5 9 7 4 
1 2 8 3 6 5 9 10 4 
1 2 8 3 6 5 10 7 4 
1 2 8 3 6 7 5 10 4 
1 2 8 3 6 7 9 5 4 
1 2 8 3 6 7 9 10 4 
1 2 8 3 6 9 5 10 4 
1 2 8 3 6 9 7 5 4 
1 2 8 3 6 9 10 5 4 
1 2 8 3 6 9 10 7 4 
1 2 8 3 6 10 7 5 4 
1 2 8 3 9 5 6 7 4 
1 2 8 3 9 5 6 10 4 
1 2 8 3 9 5 10 6 4 
1 2 8 3 9 5 10 7 4 
1 2 8 3 9 6 5 10 4 
1 2 8 3 9 6 7 5 4 
1 2 8 3 9 6 10 5 4 
1 2 8 3 9 6 10 7 4 
1 2 8 3 9 7 5 6 4 
1 2 8 3 9 7 5 10 4 
1 2 8 3 9 7 6 5 4 
1 2 8 3 9 7 6 10 4 
1 2 8 3 9 10 5 6 4 
1 2 8 3 9 10 6 5 4 
1 2 8 3 9 10 6 7 4 
1 2 8 3 9 10 7 5 4 
1 2 8 3 9 10 7 6 4 
1 2 8 6 3 5 9 7 4 
1 2 8 6 3 5 9 10 4 
1 2 8 6 3 5 10 7 4 
1 2 8 6 3 9 5 10 4 
1 2 8 6 3 9 7 5 4 
1 2 8 6 3 9 10 5 4 
1 2 8 6 3 9 10 7 4 
1 2 8 6 5 9 10 3 4 
1 2 8 6 5 9 10 7 4 
1 2 8 6 7 5 9 3 4 
1 2 8 6 7 5 9 10 4 
1 2 8 6 7 5 10 3 4 
1 2 8 6 7 9 3 5 4 
1 2 8 6 7 9 5 10 4 
1 2 8 6 7 9 10 3 4 
1 2 8 6 7 9 10 5 4 
1 2 8 6 9 3 5 10 4 
1 2 8 6 9 5 10 3 4 
1 2 8 6 9 5 10 7 4 
1 2 8 6 9 7 5 10 4 
1 2 8 6 9 10 3 5 4 
1 2 8 6 9 10 7 5 4 
1 2 8 6 10 3 9 5 4 
1 2 8 6 10 3 9 7 4 
1 2 8 6 10 5 9 3 4 
1 2 8 6 10 5 9 7 4 
1 2 8 6 10 7 9 3 4 
1 2 8 6 10 7 9 5 4 
1 2 8 7 5 6 9 3 4 
1 2 8 7 5 6 9 10 4 
1 2 8 7 5 6 10 3 4 
1 2 8 7 5 9 3 6 4 
1 2 8 7 5 9 6 3 4 
1 2 8 7 5 9 6 10 4 
1 2 8 7 5 9 10 3 4 
1 2 8 7 5 9 10 6 4 
1 2 8 7 5 10 3 6 4 
1 2 8 7 5 10 6 3 4 
1 2 8 7 6 3 5 10 4 
1 2 8 7 6 3 9 5 4 
1 2 8 7 6 3 9 10 4 
1 2 8 7 6 5 9 3 4 
1 2 8 7 6 5 9 10 4 
1 2 8 7 6 5 10 3 4 
1 2 8 7 6 9 3 5 4 
1 2 8 7 6 9 5 10 4 
1 2 8 7 6 9 10 3 4 
1 2 8 7 6 9 10 5 4 
1 2 8 7 6 10 3 5 4 
1 2 8 7 9 3 5 6 4 
1 2 8 7 9 3 5 10 4 
1 2 8 7 9 3 6 5 4 
1 2 8 7 9 3 6 10 4 
1 2 8 7 9 5 6 3 4 
1 2 8 7 9 5 6 10 4 
1 2 8 7 9 5 10 3 4 
1 2 8 7 9 5 10 6 4 
1 2 8 7 9 6 3 5 4 
1 2 8 7 9 6 5 10 4 
1 2 8 7 9 6 10 3 4 
1 2 8 7 9 6 10 5 4 
1 2 8 7 9 10 3 5 4 
1 2 8 7 9 10 3 6 4 
1 2 8 7 9 10 5 6 4 
1 2 8 7 9 10 6 3 4 
1 2 8 7 9 10 6 5 4 
1 2 8 10 3 5 6 7 4 
1 2 8 10 3 5 9 6 4 
1 2 8 10 3 5 9 7 4 
1 2 8 10 3 6 7 5 4 
1 2 8 10 3 6 9 5 4 
1 2 8 10 3 6 9 7 4 
1 2 8 10 3 9 5 6 4 
1 2 8 10 3 9 6 5 4 
1 2 8 10 3 9 6 7 4 
1 2 8 10 3 9 7 5 4 
1 2 8 10 3 9 7 6 4 
1 2 8 10 5 6 9 3 4 
1 2 8 10 5 6 9 7 4 
1 2 8 10 5 9 3 6 4 
1 2 8 10 5 9 6 3 4 
1 2 8 10 5 9 6 7 4 
1 2 8 10 5 9 7 6 4 
1 2 8 10 6 3 9 5 4 
1 2 8 10 6 3 9 7 4 
1 2 8 10 6 5 9 3 4 
1 2 8 10 6 5 9 7 4 
1 2 8 10 6 7 9 3 4 
1 2 8 10 6 7 9 5 4 
1 2 8 10 6 9 3 5 4 
1 2 8 10 6 9 7 5 4 
1 2 8 10 7 5 6 3 4 
1 2 8 10 7 5 9 3 4 
1 2 8 10 7 5 9 6 4 
1 2 8 10 7 6 3 5 4 
1 2 8 10 7 6 9 3 4 
1 2 8 10 7 6 9 5 4 
1 2 8 10 7 9 3 5 4 
1 2 8 10 7 9 3 6 4 
1 2 8 10 7 9 5 6 4 
1 2 8 10 7 9 6 3 4 
1 2 8 10 7 9 6 5 4 
1 2 9 3 5 6 7 8 4 
1 2 9 3 5 6 8 7 4 
1 2 9 3 5 6 8 10 4 
1 2 9 3 5 6 10 7 4 
1 2 9 3 5 6 10 8 4 
1 2 9 3 5 8 6 7 4 
1 2 9 3 5 8 6 10 4 
1 2 9 3 5 8 7 6 4 
1 2 9 3 5 8 10 6 4 
1 2 9 3 5 8 10 7 4 
1 2 9 3 5 10 6 7 4 
1 2 9 3 5 10 6 8 4 
1 2 9 3 5 10 7 6 4 
1 2 9 3 5 10 7 8 4 
1 2 9 3 5 10 8 6 4 
1 2 9 3 5 10 8 7 4 
1 2 9 3 6 5 8 7 4 
1 2 9 3 6 5 8 10 4 
1 2 9 3 6 5 10 7 4 
1 2 9 3 6 5 10 8 4 
1 2 9 3 6 7 5 8 4 
1 2 9 3 6 7 5 10 4 
1 2 9 3 6 7 8 10 4 
1 2 9 3 6 8 7 5 4 
1 2 9 3 6 8 10 5 4 
1 2 9 3 6 8 10 7 4 
1 2 9 3 6 10 5 8 4 
1 2 9 3 6 10 7 5 4 
1 2 9 3 6 10 7 8 4 
1 2 9 3 6 10 8 7 4 
1 2 9 5 6 7 8 3 4 
1 2 9 5 6 7 8 10 4 
1 2 9 5 6 8 10 3 4 
1 2 9 5 6 8 10 7 4 
1 2 9 5 6 10 7 8 4 
1 2 9 5 6 10 8 3 4 
1 2 9 5 6 10 8 7 4 
1 2 9 5 8 3 6 7 4 
1 2 9 5 8 3 6 10 4 
1 2 9 5 8 6 10 3 4 
1 2 9 5 8 6 10 7 4 
1 2 9 5 8 7 6 3 4 
1 2 9 5 8 7 6 10 4 
1 2 9 5 8 10 3 6 4 
1 2 9 5 8 10 6 3 4 
1 2 9 5 8 10 6 7 4 
1 2 9 5 8 10 7 6 4 
1 2 9 5 10 3 6 7 4 
1 2 9 5 10 3 6 8 4 
1 2 9 5 10 6 7 8 4 
1 2 9 5 10 6 8 3 4 
1 2 9 5 10 6 8 7 4 
1 2 9 5 10 7 6 3 4 
1 2 9 5 10 7 6 8 4 
1 2 9 5 10 7 8 3 4 
1 2 9 5 10 7 8 6 4 
1 2 9 5 10 8 3 6 4 
1 2 9 5 10 8 6 3 4 
1 2 9 5 10 8 6 7 4 
1 2 9 5 10 8 7 6 4 
1 2 9 6 3 5 8 7 4 
1 2 9 6 3 5 8 10 4 
1 2 9 6 3 5 10 7 4 
1 2 9 6 3 5 10 8 4 
1 2 9 6 5 8 10 3 4 
1 2 9 6 5 8 10 7 4 
1 2 9 6 5 10 7 8 4 
1 2 9 6 5 10 8 3 4 
1 2 9 6 5 10 8 7 4 
1 2 9 6 7 5 8 3 4 
1 2 9 6 7 5 8 10 4 
1 2 9 6 7 5 10 3 4 
1 2 9 6 7 5 10 8 4 
1 2 9 6 7 8 3 5 4 
1 2 9 6 7 8 10 3 4 
1 2 9 6 7 8 10 5 4 
1 2 9 6 8 3 5 10 4 
1 2 9 6 8 7 5 10 4 
1 2 9 6 8 10 3 5 4 
1 2 9 6 8 10 7 5 4 
1 2 9 6 10 3 5 8 4 
1 2 9 6 10 5 8 3 4 
1 2 9 6 10 5 8 7 4 
1 2 9 6 10 7 5 8 4 
1 2 9 6 10 7 8 3 4 
1 2 9 6 10 8 3 5 4 
1 2 9 6 10 8 7 5 4 
1 2 9 7 5 6 8 3 4 
1 2 9 7 5 6 8 10 4 
1 2 9 7 5 6 10 3 4 
1 2 9 7 5 6 10 8 4 
1 2 9 7 5 8 3 6 4 
1 2 9 7 5 8 6 3 4 
1 2 9 7 5 8 6 10 4 
1 2 9 7 5 8 10 3 4 
1 2 9 7 5 8 10 6 4 
1 2 9 7 5 10 3 6 4 
1 2 9 7 5 10 6 3 4 
1 2 9 7 5 10 6 8 4 
1 2 9 7 5 10 8 3 4 
1 2 9 7 5 10 8 6 4 
1 2 9 7 6 3 5 8 4 
1 2 9 7 6 3 5 10 4 
1 2 9 7 6 5 8 3 4 
1 2 9 7 6 5 8 10 4 
1 2 9 7 6 5 10 3 4 
1 2 9 7 6 5 10 8 4 
1 2 9 7 6 8 3 5 4 
1 2 9 7 6 8 10 3 4 
1 2 9 7 6 8 10 5 4 
1 2 9 7 6 10 3 5 4 
1 2 9 7 6 10 5 8 4 
1 2 9 7 6 10 8 3 4 
1 2 9 7 8 3 5 6 4 
1 2 9 7 8 3 5 10 4 
1 2 9 7 8 3 6 5 4 
1 2 9 7 8 3 6 10 4 
1 2 9 7 8 6 3 5 4 
1 2 9 7 8 6 5 10 4 
1 2 9 7 8 6 10 3 4 
1 2 9 7 8 6 10 5 4 
1 2 9 7 8 10 3 5 4 
1 2 9 7 8 10 3 6 4 
1 2 9 7 8 10 5 6 4 
1 2 9 7 8 10 6 3 4 
1 2 9 7 8 10 6 5 4 
1 2 9 10 3 5 6 7 4 
1 2 9 10 3 5 6 8 4 
1 2 9 10 3 5 8 6 4 
1 2 9 10 3 5 8 7 4 
1 2 9 10 3 6 5 8 4 
1 2 9 10 3 6 7 5 4 
1 2 9 10 3 6 7 8 4 
1 2 9 10 3 6 8 7 4 
1 2 9 10 5 6 7 8 4 
1 2 9 10 5 6 8 3 4 
1 2 9 10 5 6 8 7 4 
1 2 9 10 5 8 3 6 4 
1 2 9 10 5 8 6 3 4 
1 2 9 10 5 8 6 7 4 
1 2 9 10 5 8 7 6 4 
1 2 9 10 6 3 5 8 4 
1 2 9 10 6 5 8 3 4 
1 2 9 10 6 5 8 7 4 
1 2 9 10 6 7 5 8 4 
1 2 9 10 6 7 8 3 4 
1 2 9 10 6 8 3 5 4 
1 2 9 10 6 8 7 5 4 
1 2 9 10 7 5 6 3 4 
1 2 9 10 7 5 6 8 4 
1 2 9 10 7 5 8 3 4 
1 2 9 10 7 5 8 6 4 
1 2 9 10 7 6 3 5 4 
1 2 9 10 7 6 5 8 4 
1 2 9 10 7 6 8 3 4 
1 2 9 10 7 8 3 5 4 
1 2 9 10 7 8 3 6 4 
1 2 9 10 7 8 6 3 4 
1 2 9 10 7 8 6 5 4 
1 2 9 10 8 3 5 6 4 
1 2 9 10 8 3 6 5 4 
1 2 9 10 8 3 6 7 4 
1 2 9 10 8 6 3 5 4 
1 2 9 10 8 6 7 5 4 
1 2 9 10 8 7 5 6 4 
1 2 9 10 8 7 6 3 4 
1 2 9 10 8 7 6 5 4 
1 3 2 7 5 6 8 10 4 
1 3 2 7 5 6 9 10 4 
1 3 2 7 5 6 10 8 4 
1 3 2 7 5 8 6 10 4 
1 3 2 7 5 8 10 6 4 
1 3 2 7 5 9 6 8 4 
1 3 2 7 5 9 6 10 4 
1 3 2 7 5 9 10 6 4 
1 3 2 7 5 9 10 8 4 
1 3 2 7 5 10 6 8 4 
1 3 2 7 5 10 8 6 4 
1 3 2 7 6 5 8 10 4 
1 3 2 7 6 5 9 10 4 
1 3 2 7 6 5 10 8 4 
1 3 2 7 6 8 10 5 4 
1 3 2 7 6 9 5 8 4 
1 3 2 7 6 9 5 10 4 
1 3 2 7 6 9 10 5 4 
1 3 2 7 6 9 10 8 4 
1 3 2 7 6 10 5 8 4 
1 3 2 7 8 6 5 10 4 
1 3 2 7 8 6 9 5 4 
1 3 2 7 8 6 9 10 4 
1 3 2 7 8 6 10 5 4 
1 3 2 7 8 10 5 6 4 
1 3 2 7 8 10 6 5 4 
1 3 2 7 9 5 6 8 4 
1 3 2 7 9 5 6 10 4 
1 3 2 7 9 5 8 6 4 
1 3 2 7 9 5 8 10 4 
1 3 2 7 9 5 10 6 4 
1 3 2 7 9 5 10 8 4 
1 3 2 7 9 6 5 8 4 
1 3 2 7 9 6 5 10 4 
1 3 2 7 9 6 8 10 4 
1 3 2 7 9 6 10 5 4 
1 3 2 7 9 6 10 8 4 
1 3 2 7 9 10 5 6 4 
1 3 2 7 9 10 5 8 4 
1 3 2 7 9 10 6 5 4 
1 3 2 7 9 10 6 8 4 
1 3 2 7 9 10 8 6 4 
1 3 2 8 6 5 9 7 4 
1 3 2 8 6 5 9 10 4 
1 3 2 8 6 5 10 7 4 
1 3 2 8 6 7 5 10 4 
1 3 2 8 6 7 9 5 4 
1 3 2 8 6 7 9 10 4 
1 3 2 8 6 9 5 10 4 
1 3 2 8 6 9 7 5 4 
1 3 2 8 6 9 10 5 4 
1 3 2 8 6 9 10 7 4 
1 3 2 8 6 10 7 5 4 
1 3 2 8 7 5 6 10 4 
1 3 2 8 7 5 9 6 4 
1 3 2 8 7 5 9 10 4 
1 3 2 8 7 5 10 6 4 
1 3 2 8 7 6 5 10 4 
1 3 2 8 7 6 9 5 4 
1 3 2 8 7 6 9 10 4 
1 3 2 8 7 6 10 5 4 
1 3 2 8 7 9 5 6 4 
1 3 2 8 7 9 5 10 4 
1 3 2 8 7 9 6 5 4 
1 3 2 8 7 9 6 10 4 
1 3 2 8 7 9 10 5 4 
1 3 2 8 7 9 10 6 4 
1 3 2 8 10 5 6 7 4 
1 3 2 8 10 5 9 6 4 
1 3 2 8 10 5 9 7 4 
1 3 2 8 10 6 7 5 4 
1 3 2 8 10 6 9 5 4 
1 3 2 8 10 6 9 7 4 
1 3 2 8 10 7 5 6 4 
1 3 2 8 10 7 6 5 4 
1 3 2 8 10 7 9 5 4 
1 3 2 8 10 7 9 6 4 
1 3 2 9 5 6 7 8 4 
1 3 2 9 5 6 8 7 4 
1 3 2 9 5 6 8 10 4 
1 3 2 9 5 6 10 7 4 
1 3 2 9 5 6 10 8 4 
1 3 2 9 5 8 6 7 4 
1 3 2 9 5 8 6 10 4 
1 3 2 9 5 8 7 6 4 
1 3 2 9 5 8 10 6 4 
1 3 2 9 5 8 10 7 4 
1 3 2 9 5 10 6 7 4 
1 3 2 9 5 10 6 8 4 
1 3 2 9 5 10 7 6 4 
1 3 2 9 5 10 7 8 4 
1 3 2 9 5 10 8 6 4 
1 3 2 9 5 10 8 7 4 
1 3 2 9 6 5 8 7 4 
1 3 2 9 6 5 8 10 4 
1 3 2 9 6 5 10 7 4 
1 3 2 9 6 5 10 8 4 
1 3 2 9 6 7 5 8 4 
1 3 2 9 6 7 5 10 4 
1 3 2 9 6 7 8 10 4 
1 3 2 9 6 8 7 5 4 
1 3 2 9 6 8 10 5 4 
1 3 2 9 6 8 10 7 4 
1 3 2 9 6 10 5 8 4 
1 3 2 9 6 10 7 5 4 
1 3 2 9 6 10 7 8 4 
1 3 2 9 6 10 8 7 4 
1 3 2 9 7 5 6 8 4 
1 3 2 9 7 5 6 10 4 
1 3 2 9 7 5 8 6 4 
1 3 2 9 7 5 8 10 4 
1 3 2 9 7 5 10 6 4 
1 3 2 9 7 5 10 8 4 
1 3 2 9 7 6 5 8 4 
1 3 2 9 7 6 5 10 4 
1 3 2 9 7 6 8 10 4 
1 3 2 9 7 6 10 5 4 
1 3 2 9 7 6 10 8 4 
1 3 2 9 7 8 6 5 4 
1 3 2 9 7 8 6 10 4 
1 3 2 9 7 8 10 5 4 
1 3 2 9 7 8 10 6 4 
1 3 2 9 10 5 6 7 4 
1 3 2 9 10 5 6 8 4 
1 3 2 9 10 5 8 6 4 
1 3 2 9 10 5 8 7 4 
1 3 2 9 10 6 5 8 4 
1 3 2 9 10 6 7 5 4 
1 3 2 9 10 6 7 8 4 
1 3 2 9 10 6 8 7 4 
1 3 2 9 10 7 5 6 4 
1 3 2 9 10 7 5 8 4 
1 3 2 9 10 7 6 5 4 
1 3 2 9 10 7 6 8 4 
1 3 2 9 10 7 8 6 4 
1 3 2 9 10 8 6 5 4 
1 3 2 9 10 8 6 7 4 
1 3 2 9 10 8 7 5 4 
1 3 2 9 10 8 7 6 4 
1 3 5 2 7 6 8 10 4 
1 3 5 2 7 6 9 10 4 
1 3 5 2 7 6 10 8 4 
1 3 5 2 7 8 6 10 4 
1 3 5 2 7 8 10 6 4 
1 3 5 2 7 9 6 8 4 
1 3 5 2 7 9 6 10 4 
1 3 5 2 7 9 10 6 4 
1 3 5 2 7 9 10 8 4 
1 3 5 2 8 6 9 7 4 
1 3 5 2 8 6 9 10 4 
1 3 5 2 8 6 10 7 4 
1 3 5 2 8 7 6 10 4 
1 3 5 2 8 7 9 6 4 
1 3 5 2 8 7 9 10 4 
1 3 5 2 8 10 6 7 4 
1 3 5 2 8 10 7 6 4 
1 3 5 2 9 6 7 8 4 
1 3 5 2 9 6 8 7 4 
1 3 5 2 9 6 8 10 4 
1 3 5 2 9 6 10 7 4 
1 3 5 2 9 6 10 8 4 
1 3 5 2 9 7 6 8 4 
1 3 5 2 9 7 6 10 4 
1 3 5 2 9 7 8 6 4 
1 3 5 2 9 7 8 10 4 
1 3 5 2 9 10 6 7 4 
1 3 5 2 9 10 6 8 4 
1 3 5 2 9 10 7 6 4 
1 3 5 2 9 10 7 8 4 
1 3 5 2 9 10 8 6 4 
1 3 5 2 9 10 8 7 4 
1 3 5 6 2 7 8 10 4 
1 3 5 6 2 7 9 10 4 
1 3 5 6 2 8 10 7 4 
1 3 5 6 2 9 7 8 4 
1 3 5 6 2 9 10 7 4 
1 3 5 6 2 9 10 8 4 
1 3 5 6 7 9 2 8 4 
1 3 5 6 7 9 10 8 4 
1 3 5 6 8 2 9 7 4 
1 3 5 6 8 2 9 10 4 
1 3 5 6 8 7 9 2 4 
1 3 5 6 8 7 9 10 4 
1 3 5 6 9 2 7 8 4 
1 3 5 6 9 2 8 7 4 
1 3 5 6 9 2 8 10 4 
1 3 5 6 9 7 8 2 4 
1 3 5 6 9 7 8 10 4 
1 3 5 6 9 10 7 8 4 
1 3 5 6 9 10 8 2 4 
1 3 5 6 9 10 8 7 4 
1 3 5 6 10 7 8 2 4 
1 3 5 6 10 7 9 2 4 
1 3 5 6 10 8 2 7 4 
1 3 5 8 2 7 6 10 4 
1 3 5 8 2 7 9 6 4 
1 3 5 8 2 7 9 10 4 
1 3 5 8 2 9 6 7 4 
1 3 5 8 2 9 6 10 4 
1 3 5 8 2 9 7 6 4 
1 3 5 8 2 9 10 6 4 
1 3 5 8 2 9 10 7 4 
1 3 5 8 6 2 9 7 4 
1 3 5 8 6 2 9 10 4 
1 3 5 8 6 7 9 2 4 
1 3 5 8 6 7 9 10 4 
1 3 5 8 6 9 2 7 4 
1 3 5 8 6 9 10 7 4 
1 3 5 8 7 6 9 2 4 
1 3 5 8 7 6 9 10 4 
1 3 5 8 7 9 6 2 4 
1 3 5 8 7 9 6 10 4 
1 3 5 8 7 9 10 6 4 
1 3 5 8 10 6 2 7 4 
1 3 5 8 10 6 9 2 4 
1 3 5 8 10 6 9 7 4 
1 3 5 8 10 7 6 2 4 
1 3 5 8 10 7 9 2 4 
1 3 5 8 10 7 9 6 4 
1 3 5 9 2 7 6 8 4 
1 3 5 9 2 7 6 10 4 
1 3 5 9 2 7 8 6 4 
1 3 5 9 2 7 8 10 4 
1 3 5 9 2 8 6 7 4 
1 3 5 9 2 8 6 10 4 
1 3 5 9 2 8 7 6 4 
1 3 5 9 2 8 10 6 4 
1 3 5 9 2 8 10 7 4 
1 3 5 9 6 2 7 8 4 
1 3 5 9 6 2 8 7 4 
1 3 5 9 6 2 8 10 4 
1 3 5 9 6 7 8 2 4 
1 3 5 9 6 7 8 10 4 
1 3 5 9 6 8 2 7 4 
1 3 5 9 6 8 10 7 4 
1 3 5 9 6 10 7 8 4 
1 3 5 9 6 10 8 2 4 
1 3 5 9 6 10 8 7 4 
1 3 5 9 7 6 2 8 4 
1 3 5 9 7 6 8 2 4 
1 3 5 9 7 6 8 10 4 
1 3 5 9 7 6 10 8 4 
1 3 5 9 7 8 6 2 4 
1 3 5 9 7 8 6 10 4 
1 3 5 9 7 8 10 6 4 
1 3 5 9 10 6 2 7 4 
1 3 5 9 10 6 2 8 4 
1 3 5 9 10 6 7 8 4 
1 3 5 9 10 6 8 2 4 
1 3 5 9 10 6 8 7 4 
1 3 5 9 10 7 6 2 4 
1 3 5 9 10 7 6 8 4 
1 3 5 9 10 7 8 2 4 
1 3 5 9 10 7 8 6 4 
1 3 5 9 10 8 2 7 4 
1 3 5 9 10 8 6 2 4 
1 3 5 9 10 8 6 7 4 
1 3 5 9 10 8 7 6 4 
1 3 5 10 6 2 7 8 4 
1 3 5 10 6 2 8 7 4 
1 3 5 10 6 2 9 7 4 
1 3 5 10 6 7 8 2 4 
1 3 5 10 6 7 9 2 4 
1 3 5 10 6 8 2 7 4 
1 3 5 10 6 9 2 7 4 
1 3 5 10 6 9 2 8 4 
1 3 5 10 6 9 7 8 4 
1 3 5 10 7 6 2 8 4 
1 3 5 10 7 6 8 2 4 
1 3 5 10 7 6 9 2 4 
1 3 5 10 7 8 6 2 4 
1 3 5 10 7 9 2 8 4 
1 3 5 10 7 9 6 2 4 
1 3 5 10 7 9 6 8 4 
1 3 5 10 8 2 7 6 4 
1 3 5 10 8 2 9 6 4 
1 3 5 10 8 2 9 7 4 
1 3 5 10 8 6 2 7 4 
1 3 5 10 8 6 9 2 4 
1 3 5 10 8 6 9 7 4 
1 3 5 10 8 7 6 2 4 
1 3 5 10 8 7 9 2 4 
1 3 5 10 8 7 9 6 4 
1 3 6 2 7 5 8 10 4 
1 3 6 2 7 5 9 10 4 
1 3 6 2 7 5 10 8 4 
1 3 6 2 7 8 10 5 4 
1 3 6 2 7 9 5 8 4 
1 3 6 2 7 9 5 10 4 
1 3 6 2 7 9 10 5 4 
1 3 6 2 7 9 10 8 4 
1 3 6 2 8 7 5 10 4 
1 3 6 2 8 7 9 5 4 
1 3 6 2 8 7 9 10 4 
1 3 6 2 8 10 7 5 4 
1 3 6 2 9 5 8 7 4 
1 3 6 2 9 5 8 10 4 
1 3 6 2 9 5 10 7 4 
1 3 6 2 9 5 10 8 4 
1 3 6 2 9 7 5 8 4 
1 3 6 2 9 7 5 10 4 
1 3 6 2 9 7 8 10 4 
1 3 6 2 9 10 5 8 4 
1 3 6 2 9 10 7 5 4 
1 3 6 2 9 10 7 8 4 
1 3 6 2 9 10 8 7 4 
1 3 6 5 2 7 8 10 4 
1 3 6 5 2 7 9 10 4 
1 3 6 5 2 8 10 7 4 
1 3 6 5 2 9 7 8 4 
1 3 6 5 2 9 10 7 4 
1 3 6 5 2 9 10 8 4 
1 3 6 5 8 2 9 7 4 
1 3 6 5 8 2 9 10 4 
1 3 6 5 8 7 9 2 4 
1 3 6 5 8 7 9 10 4 
1 3 6 5 9 2 7 8 4 
1 3 6 5 9 2 8 7 4 
1 3 6 5 9 2 8 10 4 
1 3 6 5 9 7 8 2 4 
1 3 6 5 9 7 8 10 4 
1 3 6 5 9 10 7 8 4 
1 3 6 5 9 10 8 2 4 
1 3 6 5 9 10 8 7 4 
1 3 6 5 10 7 8 2 4 
1 3 6 5 10 7 9 2 4 
1 3 6 5 10 8 2 7 4 
1 3 6 7 5 2 8 10 4 
1 3 6 7 5 2 9 10 4 
1 3 6 7 5 9 2 8 4 
1 3 6 7 5 9 10 8 4 
1 3 6 7 5 10 8 2 4 
1 3 6 7 8 2 9 5 4 
1 3 6 7 8 2 9 10 4 
1 3 6 7 8 10 5 2 4 
1 3 6 7 9 2 8 10 4 
1 3 6 7 9 5 2 8 4 
1 3 6 7 9 5 8 2 4 
1 3 6 7 9 5 8 10 4 
1 3 6 7 9 5 10 8 4 
1 3 6 7 9 10 5 2 4 
1 3 6 7 9 10 5 8 4 
1 3 6 7 9 10 8 2 4 
1 3 6 8 2 7 5 10 4 
1 3 6 8 2 7 9 5 4 
1 3 6 8 2 7 9 10 4 
1 3 6 8 2 9 5 10 4 
1 3 6 8 2 9 7 5 4 
1 3 6 8 2 9 10 5 4 
1 3 6 8 2 9 10 7 4 
1 3 6 8 7 5 9 2 4 
1 3 6 8 7 5 9 10 4 
1 3 6 8 7 9 5 2 4 
1 3 6 8 7 9 5 10 4 
1 3 6 8 7 9 10 5 4 
1 3 6 8 10 5 2 7 4 
1 3 6 8 10 5 9 2 4 
1 3 6 8 10 5 9 7 4 
1 3 6 8 10 7 5 2 4 
1 3 6 8 10 7 9 2 4 
1 3 6 8 10 7 9 5 4 
1 3 6 9 2 7 5 8 4 
1 3 6 9 2 7 5 10 4 
1 3 6 9 2 7 8 10 4 
1 3 6 9 2 8 7 5 4 
1 3 6 9 2 8 10 5 4 
1 3 6 9 2 8 10 7 4 
1 3 6 9 5 2 7 8 4 
1 3 6 9 5 2 8 7 4 
1 3 6 9 5 2 8 10 4 
1 3 6 9 5 8 2 7 4 
1 3 6 9 5 8 10 7 4 
1 3 6 9 5 10 7 8 4 
1 3 6 9 5 10 8 2 4 
1 3 6 9 5 10 8 7 4 
1 3 6 9 7 5 2 8 4 
1 3 6 9 7 5 8 2 4 
1 3 6 9 7 5 8 10 4 
1 3 6 9 7 5 10 8 4 
1 3 6 9 7 8 10 5 4 
1 3 6 9 10 5 2 7 4 
1 3 6 9 10 5 2 8 4 
1 3 6 9 10 5 8 2 4 
1 3 6 9 10 5 8 7 4 
1 3 6 9 10 7 5 2 4 
1 3 6 9 10 7 5 8 4 
1 3 6 9 10 7 8 2 4 
1 3 6 9 10 8 2 7 4 
1 3 6 9 10 8 7 5 4 
1 3 6 10 5 2 7 8 4 
1 3 6 10 5 2 8 7 4 
1 3 6 10 5 2 9 7 4 
1 3 6 10 5 8 2 7 4 
1 3 6 10 5 9 2 7 4 
1 3 6 10 5 9 2 8 4 
1 3 6 10 5 9 7 8 4 
1 3 6 10 7 5 2 8 4 
1 3 6 10 7 5 8 2 4 
1 3 6 10 7 5 9 2 4 
1 3 6 10 7 9 2 8 4 
1 3 6 10 7 9 5 2 4 
1 3 6 10 7 9 5 8 4 
1 3 6 10 8 2 7 5 4 
1 3 6 10 8 2 9 5 4 
1 3 6 10 8 2 9 7 4 
1 3 6 10 8 7 5 2 4 
1 3 6 10 8 7 9 2 4 
1 3 6 10 8 7 9 5 4 
1 3 9 2 7 5 6 8 4 
1 3 9 2 7 5 6 10 4 
1 3 9 2 7 5 8 6 4 
1 3 9 2 7 5 8 10 4 
1 3 9 2 7 5 10 6 4 
1 3 9 2 7 5 10 8 4 
1 3 9 2 7 6 5 8 4 
1 3 9 2 7 6 5 10 4 
1 3 9 2 7 6 8 10 4 
1 3 9 2 7 6 10 5 4 
1 3 9 2 7 6 10 8 4 
1 3 9 2 7 8 6 5 4 
1 3 9 2 7 8 6 10 4 
1 3 9 2 7 8 10 5 4 
1 3 9 2 7 8 10 6 4 
1 3 9 2 8 6 5 10 4 
1 3 9 2 8 6 7 5 4 
1 3 9 2 8 6 10 5 4 
1 3 9 2 8 6 10 7 4 
1 3 9 2 8 7 5 6 4 
1 3 9 2 8 7 5 10 4 
1 3 9 2 8 7 6 5 4 
1 3 9 2 8 7 6 10 4 
1 3 9 2 8 10 5 6 4 
1 3 9 2 8 10 6 5 4 
1 3 9 2 8 10 6 7 4 
1 3 9 2 8 10 7 5 4 
1 3 9 2 8 10 7 6 4 
1 3 9 5 2 7 6 8 4 
1 3 9 5 2 7 6 10 4 
1 3 9 5 2 7 8 6 4 
1 3 9 5 2 7 8 10 4 
1 3 9 5 2 8 6 7 4 
1 3 9 5 2 8 6 10 4 
1 3 9 5 2 8 7 6 4 
1 3 9 5 2 8 10 6 4 
1 3 9 5 2 8 10 7 4 
1 3 9 5 6 2 7 8 4 
1 3 9 5 6 2 8 7 4 
1 3 9 5 6 2 8 10 4 
1 3 9 5 6 7 8 2 4 
1 3 9 5 6 7 8 10 4 
1 3 9 5 6 8 2 7 4 
1 3 9 5 6 8 10 7 4 
1 3 9 5 6 10 7 8 4 
1 3 9 5 6 10 8 2 4 
1 3 9 5 6 10 8 7 4 
1 3 9 5 8 2 7 6 4 
1 3 9 5 8 6 2 7 4 
1 3 9 5 8 6 10 7 4 
1 3 9 5 8 7 6 2 4 
1 3 9 5 8 7 6 10 4 
1 3 9 5 8 10 6 2 4 
1 3 9 5 8 10 6 7 4 
1 3 9 5 8 10 7 6 4 
1 3 9 5 10 6 2 7 4 
1 3 9 5 10 6 2 8 4 
1 3 9 5 10 6 7 8 4 
1 3 9 5 10 6 8 2 4 
1 3 9 5 10 6 8 7 4 
1 3 9 5 10 7 6 2 4 
1 3 9 5 10 7 6 8 4 
1 3 9 5 10 7 8 2 4 
1 3 9 5 10 7 8 6 4 
1 3 9 5 10 8 2 7 4 
1 3 9 5 10 8 6 2 4 
1 3 9 5 10 8 6 7 4 
1 3 9 5 10 8 7 6 4 
1 3 9 6 2 7 5 8 4 
1 3 9 6 2 7 5 10 4 
1 3 9 6 2 7 8 10 4 
1 3 9 6 2 8 7 5 4 
1 3 9 6 2 8 10 5 4 
1 3 9 6 2 8 10 7 4 
1 3 9 6 5 2 7 8 4 
1 3 9 6 5 2 8 7 4 
1 3 9 6 5 2 8 10 4 
1 3 9 6 5 8 2 7 4 
1 3 9 6 5 8 10 7 4 
1 3 9 6 5 10 7 8 4 
1 3 9 6 5 10 8 2 4 
1 3 9 6 5 10 8 7 4 
1 3 9 6 7 5 2 8 4 
1 3 9 6 7 5 8 2 4 
1 3 9 6 7 5 8 10 4 
1 3 9 6 7 5 10 8 4 
1 3 9 6 7 8 10 5 4 
1 3 9 6 8 2 7 5 4 
1 3 9 6 8 7 5 2 4 
1 3 9 6 8 7 5 10 4 
1 3 9 6 8 10 5 2 4 
1 3 9 6 8 10 7 5 4 
1 3 9 6 10 5 2 7 4 
1 3 9 6 10 5 2 8 4 
1 3 9 6 10 5 8 2 4 
1 3 9 6 10 5 8 7 4 
1 3 9 6 10 7 5 2 4 
1 3 9 6 10 7 5 8 4 
1 3 9 6 10 7 8 2 4 
1 3 9 6 10 8 2 7 4 
1 3 9 6 10 8 7 5 4 
1 3 9 7 5 2 8 6 4 
1 3 9 7 5 2 8 10 4 
1 3 9 7 5 6 2 8 4 
1 3 9 7 5 6 8 2 4 
1 3 9 7 5 6 8 10 4 
1 3 9 7 5 6 10 8 4 
1 3 9 7 5 8 6 2 4 
1 3 9 7 5 8 6 10 4 
1 3 9 7 5 8 10 6 4 
1 3 9 7 5 10 6 2 4 
1 3 9 7 5 10 6 8 4 
1 3 9 7 5 10 8 2 4 
1 3 9 7 5 10 8 6 4 
1 3 9 7 6 2 8 10 4 
1 3 9 7 6 5 2 8 4 
1 3 9 7 6 5 8 2 4 
1 3 9 7 6 5 8 10 4 
1 3 9 7 6 5 10 8 4 
1 3 9 7 6 8 10 5 4 
1 3 9 7 6 10 5 2 4 
1 3 9 7 6 10 5 8 4 
1 3 9 7 6 10 8 2 4 
1 3 9 7 8 6 5 2 4 
1 3 9 7 8 6 5 10 4 
1 3 9 7 8 6 10 5 4 
1 3 9 7 8 10 5 2 4 
1 3 9 7 8 10 5 6 4 
1 3 9 7 8 10 6 2 4 
1 3 9 7 8 10 6 5 4 
1 3 9 10 5 2 7 6 4 
1 3 9 10 5 2 7 8 4 
1 3 9 10 5 2 8 6 4 
1 3 9 10 5 2 8 7 4 
1 3 9 10 5 6 2 7 4 
1 3 9 10 5 6 2 8 4 
1 3 9 10 5 6 7 8 4 
1 3 9 10 5 6 8 2 4 
1 3 9 10 5 6 8 7 4 
1 3 9 10 5 8 2 7 4 
1 3 9 10 5 8 6 2 4 
1 3 9 10 5 8 6 7 4 
1 3 9 10 5 8 7 6 4 
1 3 9 10 6 2 7 5 4 
1 3 9 10 6 2 7 8 4 
1 3 9 10 6 2 8 7 4 
1 3 9 10 6 5 2 7 4 
1 3 9 10 6 5 2 8 4 
1 3 9 10 6 5 8 2 4 
1 3 9 10 6 5 8 7 4 
1 3 9 10 6 7 5 2 4 
1 3 9 10 6 7 5 8 4 
1 3 9 10 6 7 8 2 4 
1 3 9 10 6 8 2 7 4 
1 3 9 10 6 8 7 5 4 
1 3 9 10 7 5 2 8 4 
1 3 9 10 7 5 6 2 4 
1 3 9 10 7 5 6 8 4 
1 3 9 10 7 5 8 2 4 
1 3 9 10 7 5 8 6 4 
1 3 9 10 7 6 2 8 4 
1 3 9 10 7 6 5 2 4 
1 3 9 10 7 6 5 8 4 
1 3 9 10 7 6 8 2 4 
1 3 9 10 7 8 6 2 4 
1 3 9 10 7 8 6 5 4 
1 3 9 10 8 2 7 5 4 
1 3 9 10 8 2 7 6 4 
1 3 9 10 8 6 2 7 4 
1 3 9 10 8 6 5 2 4 
1 3 9 10 8 6 7 5 4 
1 3 9 10 8 7 5 2 4 
1 3 9 10 8 7 5 6 4 
1 3 9 10 8 7 6 2 4 
1 3 9 10 8 7 6 5 4 
1 5 2 3 6 7 8 10 4 
1 5 2 3 6 7 9 10 4 
1 5 2 3 6 8 10 7 4 
1 5 2 3 6 9 7 8 4 
1 5 2 3 6 9 10 7 4 
1 5 2 3 6 9 10 8 4 
1 5 2 3 6 10 7 8 4 
1 5 2 3 6 10 8 7 4 
1 5 2 3 9 6 7 8 4 
1 5 2 3 9 6 8 7 4 
1 5 2 3 9 6 8 10 4 
1 5 2 3 9 6 10 7 4 
1 5 2 3 9 6 10 8 4 
1 5 2 3 9 7 6 8 4 
1 5 2 3 9 7 6 10 4 
1 5 2 3 9 7 8 6 4 
1 5 2 3 9 7 8 10 4 
1 5 2 3 9 10 6 7 4 
1 5 2 3 9 10 6 8 4 
1 5 2 3 9 10 7 6 4 
1 5 2 3 9 10 7 8 4 
1 5 2 3 9 10 8 6 4 
1 5 2 3 9 10 8 7 4 
1 5 2 7 6 3 9 10 4 
1 5 2 7 6 8 10 3 4 
1 5 2 7 6 9 10 3 4 
1 5 2 7 6 9 10 8 4 
1 5 2 7 6 10 8 3 4 
1 5 2 7 8 3 6 10 4 
1 5 2 7 8 3 9 6 4 
1 5 2 7 8 3 9 10 4 
1 5 2 7 8 6 9 3 4 
1 5 2 7 8 6 9 10 4 
1 5 2 7 8 6 10 3 4 
1 5 2 7 8 10 3 6 4 
1 5 2 7 8 10 6 3 4 
1 5 2 7 9 3 6 8 4 
1 5 2 7 9 3 6 10 4 
1 5 2 7 9 6 8 3 4 
1 5 2 7 9 6 8 10 4 
1 5 2 7 9 6 10 3 4 
1 5 2 7 9 6 10 8 4 
1 5 2 7 9 10 3 6 4 
1 5 2 7 9 10 6 3 4 
1 5 2 7 9 10 6 8 4 
1 5 2 7 9 10 8 3 4 
1 5 2 7 9 10 8 6 4 
1 5 2 8 3 6 9 7 4 
1 5 2 8 3 6 9 10 4 
1 5 2 8 3 6 10 7 4 
1 5 2 8 3 9 6 7 4 
1 5 2 8 3 9 6 10 4 
1 5 2 8 3 9 7 6 4 
1 5 2 8 3 9 10 6 4 
1 5 2 8 3 9 10 7 4 
1 5 2 8 6 3 9 7 4 
1 5 2 8 6 3 9 10 4 
1 5 2 8 6 7 9 3 4 
1 5 2 8 6 7 9 10 4 
1 5 2 8 6 9 10 3 4 
1 5 2 8 6 9 10 7 4 
1 5 2 8 7 6 9 3 4 
1 5 2 8 7 6 9 10 4 
1 5 2 8 7 6 10 3 4 
1 5 2 8 7 9 3 6 4 
1 5 2 8 7 9 6 3 4 
1 5 2 8 7 9 6 10 4 
1 5 2 8 7 9 10 3 4 
1 5 2 8 7 9 10 6 4 
1 5 2 8 10 3 6 7 4 
1 5 2 8 10 3 9 6 4 
1 5 2 8 10 3 9 7 4 
1 5 2 8 10 6 9 3 4 
1 5 2 8 10 6 9 7 4 
1 5 2 8 10 7 6 3 4 
1 5 2 8 10 7 9 3 4 
1 5 2 8 10 7 9 6 4 
1 5 2 9 3 6 7 8 4 
1 5 2 9 3 6 8 7 4 
1 5 2 9 3 6 8 10 4 
1 5 2 9 3 6 10 7 4 
1 5 2 9 3 6 10 8 4 
1 5 2 9 6 7 8 3 4 
1 5 2 9 6 7 8 10 4 
1 5 2 9 6 8 10 3 4 
1 5 2 9 6 8 10 7 4 
1 5 2 9 6 10 7 8 4 
1 5 2 9 6 10 8 3 4 
1 5 2 9 6 10 8 7 4 
1 5 2 9 7 6 8 3 4 
1 5 2 9 7 6 8 10 4 
1 5 2 9 7 6 10 3 4 
1 5 2 9 7 6 10 8 4 
1 5 2 9 7 8 3 6 4 
1 5 2 9 7 8 6 3 4 
1 5 2 9 7 8 6 10 4 
1 5 2 9 7 8 10 3 4 
1 5 2 9 7 8 10 6 4 
1 5 2 9 10 3 6 7 4 
1 5 2 9 10 3 6 8 4 
1 5 2 9 10 6 7 8 4 
1 5 2 9 10 6 8 3 4 
1 5 2 9 10 6 8 7 4 
1 5 2 9 10 7 6 3 4 
1 5 2 9 10 7 6 8 4 
1 5 2 9 10 7 8 3 4 
1 5 2 9 10 7 8 6 4 
1 5 2 9 10 8 3 6 4 
1 5 2 9 10 8 6 3 4 
1 5 2 9 10 8 6 7 4 
1 5 2 9 10 8 7 6 4 
1 5 6 2 3 9 7 8 4 
1 5 6 2 3 9 10 7 4 
1 5 6 2 3 9 10 8 4 
1 5 6 2 7 8 10 3 4 
1 5 6 2 7 9 10 3 4 
1 5 6 2 7 9 10 8 4 
1 5 6 2 8 3 9 7 4 
1 5 6 2 8 3 9 10 4 
1 5 6 2 8 7 9 3 4 
1 5 6 2 8 7 9 10 4 
1 5 6 2 9 7 8 3 4 
1 5 6 2 9 7 8 10 4 
1 5 6 2 9 10 7 8 4 
1 5 6 2 9 10 8 3 4 
1 5 6 2 9 10 8 7 4 
1 5 6 3 2 7 8 10 4 
1 5 6 3 2 7 9 10 4 
1 5 6 3 2 8 10 7 4 
1 5 6 3 2 9 7 8 4 
1 5 6 3 2 9 10 7 4 
1 5 6 3 2 9 10 8 4 
1 5 6 3 9 2 7 8 4 
1 5 6 3 9 2 8 7 4 
1 5 6 3 9 2 8 10 4 
1 5 6 3 9 7 8 2 4 
1 5 6 3 9 7 8 10 4 
1 5 6 3 9 10 7 8 4 
1 5 6 3 9 10 8 2 4 
1 5 6 3 9 10 8 7 4 
1 5 6 7 8 2 9 3 4 
1 5 6 7 8 2 9 10 4 
1 5 6 7 8 3 9 2 4 
1 5 6 7 8 3 9 10 4 
1 5 6 7 8 10 3 2 4 
1 5 6 7 9 2 8 3 4 
1 5 6 7 9 2 8 10 4 
1 5 6 7 9 3 2 8 4 
1 5 6 7 9 10 3 2 4 
1 5 6 7 9 10 8 2 4 
1 5 6 7 9 10 8 3 4 
1 5 6 8 2 3 9 7 4 
1 5 6 8 2 3 9 10 4 
1 5 6 8 2 7 9 3 4 
1 5 6 8 2 7 9 10 4 
1 5 6 8 2 9 10 3 4 
1 5 6 8 2 9 10 7 4 
1 5 6 8 3 2 9 7 4 
1 5 6 8 3 2 9 10 4 
1 5 6 8 3 9 2 7 4 
1 5 6 8 3 9 10 7 4 
1 5 6 8 7 9 2 3 4 
1 5 6 8 7 9 3 2 4 
1 5 6 8 7 9 10 3 4 
1 5 6 8 10 3 2 7 4 
1 5 6 8 10 3 9 2 4 
1 5 6 8 10 3 9 7 4 
1 5 6 8 10 7 9 2 4 
1 5 6 8 10 7 9 3 4 
1 5 6 9 2 7 8 3 4 
1 5 6 9 2 7 8 10 4 
1 5 6 9 2 8 10 3 4 
1 5 6 9 2 8 10 7 4 
1 5 6 9 3 2 7 8 4 
1 5 6 9 3 2 8 7 4 
1 5 6 9 3 2 8 10 4 
1 5 6 9 7 8 2 3 4 
1 5 6 9 7 8 3 2 4 
1 5 6 9 7 8 10 3 4 
1 5 6 9 10 3 2 7 4 
1 5 6 9 10 3 2 8 4 
1 5 6 9 10 7 8 2 4 
1 5 6 9 10 7 8 3 4 
1 5 6 9 10 8 2 3 4 
1 5 6 9 10 8 2 7 4 
1 5 6 9 10 8 3 2 4 
1 5 6 10 3 2 7 8 4 
1 5 6 10 3 2 8 7 4 
1 5 6 10 3 2 9 7 4 
1 5 6 10 3 9 2 7 4 
1 5 6 10 3 9 2 8 4 
1 5 6 10 3 9 7 8 4 
1 5 6 10 7 8 2 3 4 
1 5 6 10 7 8 3 2 4 
1 5 6 10 7 9 2 3 4 
1 5 6 10 7 9 2 8 4 
1 5 6 10 7 9 3 2 4 
1 5 6 10 8 2 9 3 4 
1 5 6 10 8 2 9 7 4 
1 5 6 10 8 3 2 7 4 
1 5 6 10 8 3 9 2 4 
1 5 6 10 8 3 9 7 4 
1 5 6 10 8 7 9 2 4 
1 5 6 10 8 7 9 3 4 
1 5 8 2 3 6 9 7 4 
1 5 8 2 3 6 9 10 4 
1 5 8 2 3 6 10 7 4 
1 5 8 2 3 9 6 7 4 
1 5 8 2 3 9 6 10 4 
1 5 8 2 3 9 7 6 4 
1 5 8 2 3 9 10 6 4 
1 5 8 2 3 9 10 7 4 
1 5 8 2 7 6 9 3 4 
1 5 8 2 7 6 9 10 4 
1 5 8 2 7 6 10 3 4 
1 5 8 2 7 9 3 6 4 
1 5 8 2 7 9 6 3 4 
1 5 8 2 7 9 6 10 4 
1 5 8 2 7 9 10 3 4 
1 5 8 2 7 9 10 6 4 
1 5 8 2 9 3 6 7 4 
1 5 8 2 9 3 6 10 4 
1 5 8 2 9 6 10 3 4 
1 5 8 2 9 6 10 7 4 
1 5 8 2 9 7 6 3 4 
1 5 8 2 9 7 6 10 4 
1 5 8 2 9 10 3 6 4 
1 5 8 2 9 10 6 3 4 
1 5 8 2 9 10 6 7 4 
1 5 8 2 9 10 7 6 4 
1 5 8 3 2 7 6 10 4 
1 5 8 3 2 7 9 6 4 
1 5 8 3 2 7 9 10 4 
1 5 8 3 2 9 6 7 4 
1 5 8 3 2 9 6 10 4 
1 5 8 3 2 9 7 6 4 
1 5 8 3 2 9 10 6 4 
1 5 8 3 2 9 10 7 4 
1 5 8 3 6 2 9 7 4 
1 5 8 3 6 2 9 10 4 
1 5 8 3 6 7 9 2 4 
1 5 8 3 6 7 9 10 4 
1 5 8 3 6 9 2 7 4 
1 5 8 3 6 9 10 7 4 
1 5 8 3 9 2 7 6 4 
1 5 8 3 9 6 2 7 4 
1 5 8 3 9 6 10 7 4 
1 5 8 3 9 7 6 2 4 
1 5 8 3 9 7 6 10 4 
1 5 8 3 9 10 6 2 4 
1 5 8 3 9 10 6 7 4 
1 5 8 3 9 10 7 6 4 
1 5 8 6 2 3 9 7 4 
1 5 8 6 2 3 9 10 4 
1 5 8 6 2 7 9 3 4 
1 5 8 6 2 7 9 10 4 
1 5 8 6 2 9 10 3 4 
1 5 8 6 2 9 10 7 4 
1 5 8 6 3 2 9 7 4 
1 5 8 6 3 2 9 10 4 
1 5 8 6 3 9 2 7 4 
1 5 8 6 3 9 10 7 4 
1 5 8 6 7 9 2 3 4 
1 5 8 6 7 9 3 2 4 
1 5 8 6 7 9 10 3 4 
1 5 8 6 9 3 2 7 4 
1 5 8 6 9 10 3 2 4 
1 5 8 6 10 3 2 7 4 
1 5 8 6 10 3 9 2 4 
1 5 8 6 10 3 9 7 4 
1 5 8 6 10 7 9 2 4 
1 5 8 6 10 7 9 3 4 
1 5 8 7 6 2 9 3 4 
1 5 8 7 6 2 9 10 4 
1 5 8 7 6 3 9 2 4 
1 5 8 7 6 3 9 10 4 
1 5 8 7 6 9 2 3 4 
1 5 8 7 6 9 3 2 4 
1 5 8 7 6 9 10 3 4 
1 5 8 7 6 10 3 2 4 
1 5 8 7 9 2 3 6 4 
1 5 8 7 9 3 6 2 4 
1 5 8 7 9 3 6 10 4 
1 5 8 7 9 6 2 3 4 
1 5 8 7 9 6 3 2 4 
1 5 8 7 9 6 10 3 4 
1 5 8 7 9 10 3 2 4 
1 5 8 7 9 10 3 6 4 
1 5 8 7 9 10 6 2 4 
1 5 8 7 9 10 6 3 4 
1 5 8 10 3 2 7 6 4 
1 5 8 10 3 2 9 6 4 
1 5 8 10 3 2 9 7 4 
1 5 8 10 3 6 2 7 4 
1 5 8 10 3 6 9 2 4 
1 5 8 10 3 6 9 7 4 
1 5 8 10 3 9 2 7 4 
1 5 8 10 3 9 6 2 4 
1 5 8 10 3 9 6 7 4 
1 5 8 10 3 9 7 6 4 
1 5 8 10 6 2 9 3 4 
1 5 8 10 6 2 9 7 4 
1 5 8 10 6 3 2 7 4 
1 5 8 10 6 3 9 2 4 
1 5 8 10 6 3 9 7 4 
1 5 8 10 6 7 9 2 4 
1 5 8 10 6 7 9 3 4 
1 5 8 10 6 9 2 3 4 
1 5 8 10 6 9 2 7 4 
1 5 8 10 6 9 3 2 4 
1 5 8 10 7 6 2 3 4 
1 5 8 10 7 6 3 2 4 
1 5 8 10 7 6 9 2 4 
1 5 8 10 7 6 9 3 4 
1 5 8 10 7 9 2 3 4 
1 5 8 10 7 9 3 2 4 
1 5 8 10 7 9 3 6 4 
1 5 8 10 7 9 6 2 4 
1 5 8 10 7 9 6 3 4 
1 5 9 2 3 6 7 8 4 
1 5 9 2 3 6 8 7 4 
1 5 9 2 3 6 8 10 4 
1 5 9 2 3 6 10 7 4 
1 5 9 2 3 6 10 8 4 
1 5 9 2 7 6 8 3 4 
1 5 9 2 7 6 8 10 4 
1 5 9 2 7 6 10 3 4 
1 5 9 2 7 6 10 8 4 
1 5 9 2 7 8 3 6 4 
1 5 9 2 7 8 6 3 4 
1 5 9 2 7 8 6 10 4 
1 5 9 2 7 8 10 3 4 
1 5 9 2 7 8 10 6 4 
1 5 9 2 8 3 6 7 4 
1 5 9 2 8 3 6 10 4 
1 5 9 2 8 6 10 3 4 
1 5 9 2 8 6 10 7 4 
1 5 9 2 8 7 6 3 4 
1 5 9 2 8 7 6 10 4 
1 5 9 2 8 10 3 6 4 
1 5 9 2 8 10 6 3 4 
1 5 9 2 8 10 6 7 4 
1 5 9 2 8 10 7 6 4 
1 5 9 3 2 7 6 8 4 
1 5 9 3 2 7 6 10 4 
1 5 9 3 2 7 8 6 4 
1 5 9 3 2 7 8 10 4 
1 5 9 3 2 8 6 7 4 
1 5 9 3 2 8 6 10 4 
1 5 9 3 2 8 7 6 4 
1 5 9 3 2 8 10 6 4 
1 5 9 3 2 8 10 7 4 
1 5 9 3 6 2 7 8 4 
1 5 9 3 6 2 8 7 4 
1 5 9 3 6 2 8 10 4 
1 5 9 3 6 7 8 2 4 
1 5 9 3 6 7 8 10 4 
1 5 9 3 6 8 2 7 4 
1 5 9 3 6 8 10 7 4 
1 5 9 3 6 10 7 8 4 
1 5 9 3 6 10 8 2 4 
1 5 9 3 6 10 8 7 4 
1 5 9 6 2 7 8 3 4 
1 5 9 6 2 7 8 10 4 
1 5 9 6 2 8 10 3 4 
1 5 9 6 2 8 10 7 4 
1 5 9 6 3 2 7 8 4 
1 5 9 6 3 2 8 7 4 
1 5 9 6 3 2 8 10 4 
1 5 9 6 7 8 2 3 4 
1 5 9 6 7 8 3 2 4 
1 5 9 6 7 8 10 3 4 
1 5 9 6 8 3 2 7 4 
1 5 9 6 8 10 3 2 4 
1 5 9 6 10 3 2 7 4 
1 5 9 6 10 3 2 8 4 
1 5 9 6 10 7 8 2 4 
1 5 9 6 10 7 8 3 4 
1 5 9 6 10 8 2 3 4 
1 5 9 6 10 8 2 7 4 
1 5 9 6 10 8 3 2 4 
1 5 9 7 6 2 8 3 4 
1 5 9 7 6 2 8 10 4 
1 5 9 7 6 3 2 8 4 
1 5 9 7 6 8 2 3 4 
1 5 9 7 6 8 3 2 4 
1 5 9 7 6 8 10 3 4 
1 5 9 7 6 10 3 2 4 
1 5 9 7 6 10 8 2 4 
1 5 9 7 6 10 8 3 4 
1 5 9 7 8 2 3 6 4 
1 5 9 7 8 3 6 2 4 
1 5 9 7 8 3 6 10 4 
1 5 9 7 8 6 2 3 4 
1 5 9 7 8 6 3 2 4 
1 5 9 7 8 6 10 3 4 
1 5 9 7 8 10 3 2 4 
1 5 9 7 8 10 3 6 4 
1 5 9 7 8 10 6 2 4 
1 5 9 7 8 10 6 3 4 
1 5 9 10 3 2 7 6 4 
1 5 9 10 3 2 7 8 4 
1 5 9 10 3 2 8 6 4 
1 5 9 10 3 2 8 7 4 
1 5 9 10 3 6 2 7 4 
1 5 9 10 3 6 2 8 4 
1 5 9 10 3 6 7 8 4 
1 5 9 10 3 6 8 2 4 
1 5 9 10 3 6 8 7 4 
1 5 9 10 6 2 7 8 4 
1 5 9 10 6 2 8 3 4 
1 5 9 10 6 2 8 7 4 
1 5 9 10 6 3 2 7 4 
1 5 9 10 6 3 2 8 4 
1 5 9 10 6 7 8 2 4 
1 5 9 10 6 7 8 3 4 
1 5 9 10 6 8 2 3 4 
1 5 9 10 6 8 2 7 4 
1 5 9 10 6 8 3 2 4 
1 5 9 10 7 6 2 3 4 
1 5 9 10 7 6 2 8 4 
1 5 9 10 7 6 3 2 4 
1 5 9 10 7 6 8 2 4 
1 5 9 10 7 6 8 3 4 
1 5 9 10 7 8 2 3 4 
1 5 9 10 7 8 3 2 4 
1 5 9 10 7 8 3 6 4 
1 5 9 10 7 8 6 2 4 
1 5 9 10 7 8 6 3 4 
1 5 9 10 8 2 3 6 4 
1 5 9 10 8 2 7 6 4 
1 5 9 10 8 3 2 7 4 
1 5 9 10 8 3 6 2 4 
1 5 9 10 8 3 6 7 4 
1 5 9 10 8 6 2 3 4 
1 5 9 10 8 6 2 7 4 
1 5 9 10 8 6 3 2 4 
1 5 9 10 8 7 6 2 4 
1 5 9 10 8 7 6 3 4 
1 5 10 3 2 7 6 8 4 
1 5 10 3 2 7 8 6 4 
1 5 10 3 2 7 9 6 4 
1 5 10 3 2 8 6 7 4 
1 5 10 3 2 8 7 6 4 
1 5 10 3 2 9 6 7 4 
1 5 10 3 2 9 6 8 4 
1 5 10 3 2 9 7 6 4 
1 5 10 3 2 9 7 8 4 
1 5 10 3 6 2 7 8 4 
1 5 10 3 6 2 8 7 4 
1 5 10 3 6 2 9 7 4 
1 5 10 3 6 7 8 2 4 
1 5 10 3 6 7 9 2 4 
1 5 10 3 6 8 2 7 4 
1 5 10 3 6 9 2 7 4 
1 5 10 3 6 9 2 8 4 
1 5 10 3 6 9 7 8 4 
1 5 10 3 9 2 7 6 4 
1 5 10 3 9 2 7 8 4 
1 5 10 3 9 2 8 6 4 
1 5 10 3 9 2 8 7 4 
1 5 10 3 9 6 2 7 4 
1 5 10 3 9 6 2 8 4 
1 5 10 3 9 6 7 8 4 
1 5 10 3 9 6 8 2 4 
1 5 10 3 9 6 8 7 4 
1 5 10 3 9 7 6 2 4 
1 5 10 3 9 7 6 8 4 
1 5 10 3 9 7 8 2 4 
1 5 10 3 9 7 8 6 4 
1 5 10 6 2 3 9 7 4 
1 5 10 6 2 7 8 3 4 
1 5 10 6 2 7 9 3 4 
1 5 10 6 2 9 7 8 4 
1 5 10 6 3 2 7 8 4 
1 5 10 6 3 2 8 7 4 
1 5 10 6 3 2 9 7 4 
1 5 10 6 3 9 2 7 4 
1 5 10 6 3 9 2 8 4 
1 5 10 6 3 9 7 8 4 
1 5 10 6 7 8 2 3 4 
1 5 10 6 7 8 3 2 4 
1 5 10 6 7 9 2 3 4 
1 5 10 6 7 9 2 8 4 
1 5 10 6 7 9 3 2 4 
1 5 10 6 8 2 9 3 4 
1 5 10 6 8 2 9 7 4 
1 5 10 6 8 3 2 7 4 
1 5 10 6 8 3 9 2 4 
1 5 10 6 8 3 9 7 4 
1 5 10 6 8 7 9 2 4 
1 5 10 6 8 7 9 3 4 
1 5 10 6 9 2 7 8 4 
1 5 10 6 9 2 8 3 4 
1 5 10 6 9 2 8 7 4 
1 5 10 6 9 3 2 7 4 
1 5 10 6 9 3 2 8 4 
1 5 10 6 9 7 8 2 4 
1 5 10 6 9 7 8 3 4 
1 5 10 7 6 2 8 3 4 
1 5 10 7 6 2 9 3 4 
1 5 10 7 6 3 2 8 4 
1 5 10 7 6 3 9 2 4 
1 5 10 7 6 8 2 3 4 
1 5 10 7 6 8 3 2 4 
1 5 10 7 6 9 2 3 4 
1 5 10 7 6 9 2 8 4 
1 5 10 7 6 9 3 2 4 
1 5 10 7 8 2 3 6 4 
1 5 10 7 8 2 9 3 4 
1 5 10 7 8 2 9 6 4 
1 5 10 7 8 3 6 2 4 
1 5 10 7 8 3 9 2 4 
1 5 10 7 8 3 9 6 4 
1 5 10 7 8 6 2 3 4 
1 5 10 7 8 6 3 2 4 
1 5 10 7 8 6 9 2 4 
1 5 10 7 8 6 9 3 4 
1 5 10 7 9 2 3 6 4 
1 5 10 7 9 2 8 3 4 
1 5 10 7 9 2 8 6 4 
1 5 10 7 9 3 2 8 4 
1 5 10 7 9 3 6 2 4 
1 5 10 7 9 3 6 8 4 
1 5 10 7 9 6 2 3 4 
1 5 10 7 9 6 2 8 4 
1 5 10 7 9 6 3 2 4 
1 5 10 7 9 6 8 2 4 
1 5 10 7 9 6 8 3 4 
1 5 10 8 2 3 6 7 4 
1 5 10 8 2 3 9 6 4 
1 5 10 8 2 3 9 7 4 
1 5 10 8 2 7 6 3 4 
1 5 10 8 2 7 9 3 4 
1 5 10 8 2 7 9 6 4 
1 5 10 8 2 9 3 6 4 
1 5 10 8 2 9 6 3 4 
1 5 10 8 2 9 6 7 4 
1 5 10 8 2 9 7 6 4 
1 5 10 8 3 2 7 6 4 
1 5 10 8 3 2 9 6 4 
1 5 10 8 3 2 9 7 4 
1 5 10 8 3 6 2 7 4 
1 5 10 8 3 6 9 2 4 
1 5 10 8 3 6 9 7 4 
1 5 10 8 3 9 2 7 4 
1 5 10 8 3 9 6 2 4 
1 5 10 8 3 9 6 7 4 
1 5 10 8 3 9 7 6 4 
1 5 10 8 6 2 9 3 4 
1 5 10 8 6 2 9 7 4 
1 5 10 8 6 3 2 7 4 
1 5 10 8 6 3 9 2 4 
1 5 10 8 6 3 9 7 4 
1 5 10 8 6 7 9 2 4 
1 5 10 8 6 7 9 3 4 
1 5 10 8 6 9 2 3 4 
1 5 10 8 6 9 2 7 4 
1 5 10 8 6 9 3 2 4 
1 5 10 8 7 6 2 3 4 
1 5 10 8 7 6 3 2 4 
1 5 10 8 7 6 9 2 4 
1 5 10 8 7 6 9 3 4 
1 5 10 8 7 9 2 3 4 
1 5 10 8 7 9 3 2 4 
1 5 10 8 7 9 3 6 4 
1 5 10 8 7 9 6 2 4 
1 5 10 8 7 9 6 3 4 
1 7 5 2 3 6 8 10 4 
1 7 5 2 3 6 9 10 4 
1 7 5 2 3 6 10 8 4 
1 7 5 2 3 9 6 8 4 
1 7 5 2 3 9 6 10 4 
1 7 5 2 3 9 10 6 4 
1 7 5 2 3 9 10 8 4 
1 7 5 2 8 3 6 10 4 
1 7 5 2 8 3 9 6 4 
1 7 5 2 8 3 9 10 4 
1 7 5 2 8 6 9 3 4 
1 7 5 2 8 6 9 10 4 
1 7 5 2 8 6 10 3 4 
1 7 5 2 8 10 3 6 4 
1 7 5 2 8 10 6 3 4 
1 7 5 2 9 3 6 8 4 
1 7 5 2 9 3 6 10 4 
1 7 5 2 9 6 8 3 4 
1 7 5 2 9 6 8 10 4 
1 7 5 2 9 6 10 3 4 
1 7 5 2 9 6 10 8 4 
1 7 5 2 9 10 3 6 4 
1 7 5 2 9 10 6 3 4 
1 7 5 2 9 10 6 8 4 
1 7 5 2 9 10 8 3 4 
1 7 5 2 9 10 8 6 4 
1 7 5 6 2 3 9 10 4 
1 7 5 6 2 8 10 3 4 
1 7 5 6 2 9 10 3 4 
1 7 5 6 2 9 10 8 4 
1 7 5 6 3 2 8 10 4 
1 7 5 6 3 2 9 10 4 
1 7 5 6 3 9 2 8 4 
1 7 5 6 3 9 10 8 4 
1 7 5 6 8 2 9 3 4 
1 7 5 6 8 2 9 10 4 
1 7 5 6 8 3 9 2 4 
1 7 5 6 8 3 9 10 4 
1 7 5 6 8 10 3 2 4 
1 7 5 6 9 2 8 3 4 
1 7 5 6 9 2 8 10 4 
1 7 5 6 9 3 2 8 4 
1 7 5 6 9 10 3 2 4 
1 7 5 6 9 10 8 2 4 
1 7 5 6 9 10 8 3 4 
1 7 5 6 10 3 2 8 4 
1 7 5 6 10 3 9 2 4 
1 7 5 6 10 8 2 3 4 
1 7 5 6 10 8 3 2 4 
1 7 5 8 2 3 6 10 4 
1 7 5 8 2 3 9 6 4 
1 7 5 8 2 3 9 10 4 
1 7 5 8 2 9 3 6 4 
1 7 5 8 2 9 6 3 4 
1 7 5 8 2 9 6 10 4 
1 7 5 8 2 9 10 3 4 
1 7 5 8 2 9 10 6 4 
1 7 5 8 3 2 9 6 4 
1 7 5 8 3 2 9 10 4 
1 7 5 8 3 6 9 2 4 
1 7 5 8 3 6 9 10 4 
1 7 5 8 3 9 6 2 4 
1 7 5 8 3 9 6 10 4 
1 7 5 8 3 9 10 6 4 
1 7 5 8 6 2 9 3 4 
1 7 5 8 6 2 9 10 4 
1 7 5 8 6 3 9 2 4 
1 7 5 8 6 3 9 10 4 
1 7 5 8 6 9 2 3 4 
1 7 5 8 6 9 3 2 4 
1 7 5 8 6 9 10 3 4 
1 7 5 8 6 10 3 2 4 
1 7 5 8 10 3 6 2 4 
1 7 5 8 10 3 9 2 4 
1 7 5 8 10 3 9 6 4 
1 7 5 8 10 6 2 3 4 
1 7 5 8 10 6 3 2 4 
1 7 5 8 10 6 9 2 4 
1 7 5 8 10 6 9 3 4 
1 7 5 9 2 3 6 8 4 
1 7 5 9 2 3 6 10 4 
1 7 5 9 2 8 3 6 4 
1 7 5 9 2 8 6 3 4 
1 7 5 9 2 8 6 10 4 
1 7 5 9 2 8 10 3 4 
1 7 5 9 2 8 10 6 4 
1 7 5 9 3 2 8 6 4 
1 7 5 9 3 2 8 10 4 
1 7 5 9 3 6 2 8 4 
1 7 5 9 3 6 8 2 4 
1 7 5 9 3 6 8 10 4 
1 7 5 9 3 6 10 8 4 
1 7 5 9 6 2 8 3 4 
1 7 5 9 6 2 8 10 4 
1 7 5 9 6 3 2 8 4 
1 7 5 9 6 8 2 3 4 
1 7 5 9 6 8 3 2 4 
1 7 5 9 6 8 10 3 4 
1 7 5 9 6 10 3 2 4 
1 7 5 9 6 10 8 2 4 
1 7 5 9 6 10 8 3 4 
1 7 5 9 10 3 2 8 4 
1 7 5 9 10 3 6 2 4 
1 7 5 9 10 3 6 8 4 
1 7 5 9 10 6 2 3 4 
1 7 5 9 10 6 2 8 4 
1 7 5 9 10 6 3 2 4 
1 7 5 9 10 6 8 2 4 
1 7 5 9 10 6 8 3 4 
1 7 5 9 10 8 2 3 4 
1 7 5 9 10 8 3 2 4 
1 7 5 9 10 8 3 6 4 
1 7 5 9 10 8 6 2 4 
1 7 5 9 10 8 6 3 4 
1 7 5 10 3 2 8 6 4 
1 7 5 10 3 2 9 6 4 
1 7 5 10 3 6 2 8 4 
1 7 5 10 3 6 8 2 4 
1 7 5 10 3 6 9 2 4 
1 7 5 10 3 9 2 8 4 
1 7 5 10 3 9 6 2 4 
1 7 5 10 3 9 6 8 4 
1 7 5 10 6 2 8 3 4 
1 7 5 10 6 2 9 3 4 
1 7 5 10 6 3 2 8 4 
1 7 5 10 6 3 9 2 4 
1 7 5 10 6 8 2 3 4 
1 7 5 10 6 8 3 2 4 
1 7 5 10 6 9 2 3 4 
1 7 5 10 6 9 2 8 4 
1 7 5 10 6 9 3 2 4 
1 7 5 10 8 2 3 6 4 
1 7 5 10 8 2 9 3 4 
1 7 5 10 8 2 9 6 4 
1 7 5 10 8 3 6 2 4 
1 7 5 10 8 3 9 2 4 
1 7 5 10 8 3 9 6 4 
1 7 5 10 8 6 2 3 4 
1 7 5 10 8 6 3 2 4 
1 7 5 10 8 6 9 2 4 
1 7 5 10 8 6 9 3 4 
1 7 6 2 3 5 8 10 4 
1 7 6 2 3 5 9 10 4 
1 7 6 2 3 5 10 8 4 
1 7 6 2 3 9 5 8 4 
1 7 6 2 3 9 5 10 4 
1 7 6 2 3 9 10 5 4 
1 7 6 2 3 9 10 8 4 
1 7 6 2 8 3 5 10 4 
1 7 6 2 8 3 9 5 4 
1 7 6 2 8 3 9 10 4 
1 7 6 2 8 10 3 5 4 
1 7 6 2 9 3 5 8 4 
1 7 6 2 9 3 5 10 4 
1 7 6 2 9 5 8 3 4 
1 7 6 2 9 5 8 10 4 
1 7 6 2 9 5 10 3 4 
1 7 6 2 9 5 10 8 4 
1 7 6 2 9 10 3 5 4 
1 7 6 2 9 10 5 8 4 
1 7 6 2 9 10 8 3 4 
1 7 6 3 2 8 10 5 4 
1 7 6 3 2 9 5 8 4 
1 7 6 3 2 9 5 10 4 
1 7 6 3 2 9 10 5 4 
1 7 6 3 2 9 10 8 4 
1 7 6 3 5 2 8 10 4 
1 7 6 3 5 2 9 10 4 
1 7 6 3 5 9 2 8 4 
1 7 6 3 5 9 10 8 4 
1 7 6 3 5 10 8 2 4 
1 7 6 3 9 2 8 10 4 
1 7 6 3 9 5 2 8 4 
1 7 6 3 9 5 8 2 4 
1 7 6 3 9 5 8 10 4 
1 7 6 3 9 5 10 8 4 
1 7 6 3 9 10 5 2 4 
1 7 6 3 9 10 5 8 4 
1 7 6 3 9 10 8 2 4 
1 7 6 5 2 3 9 10 4 
1 7 6 5 2 8 10 3 4 
1 7 6 5 2 9 10 3 4 
1 7 6 5 2 9 10 8 4 
1 7 6 5 8 2 9 3 4 
1 7 6 5 8 2 9 10 4 
1 7 6 5 8 3 9 2 4 
1 7 6 5 8 3 9 10 4 
1 7 6 5 8 10 3 2 4 
1 7 6 5 9 2 8 3 4 
1 7 6 5 9 2 8 10 4 
1 7 6 5 9 3 2 8 4 
1 7 6 5 9 10 3 2 4 
1 7 6 5 9 10 8 2 4 
1 7 6 5 9 10 8 3 4 
1 7 6 5 10 3 2 8 4 
1 7 6 5 10 3 9 2 4 
1 7 6 5 10 8 2 3 4 
1 7 6 5 10 8 3 2 4 
1 7 6 8 2 3 5 10 4 
1 7 6 8 2 3 9 5 4 
1 7 6 8 2 3 9 10 4 
1 7 6 8 2 9 3 5 4 
1 7 6 8 2 9 5 10 4 
1 7 6 8 2 9 10 3 4 
1 7 6 8 2 9 10 5 4 
1 7 6 8 3 2 9 5 4 
1 7 6 8 3 2 9 10 4 
1 7 6 8 3 5 9 2 4 
1 7 6 8 3 5 9 10 4 
1 7 6 8 3 9 5 2 4 
1 7 6 8 3 9 5 10 4 
1 7 6 8 3 9 10 5 4 
1 7 6 8 10 3 5 2 4 
1 7 6 8 10 3 9 2 4 
1 7 6 8 10 3 9 5 4 
1 7 6 8 10 5 2 3 4 
1 7 6 8 10 5 9 2 4 
1 7 6 8 10 5 9 3 4 
1 7 6 9 2 3 5 8 4 
1 7 6 9 2 3 5 10 4 
1 7 6 9 2 8 3 5 4 
1 7 6 9 2 8 10 3 4 
1 7 6 9 2 8 10 5 4 
1 7 6 9 3 2 8 10 4 
1 7 6 9 3 5 2 8 4 
1 7 6 9 3 5 8 2 4 
1 7 6 9 3 5 8 10 4 
1 7 6 9 3 5 10 8 4 
1 7 6 9 5 2 8 3 4 
1 7 6 9 5 2 8 10 4 
1 7 6 9 5 8 2 3 4 
1 7 6 9 5 8 3 2 4 
1 7 6 9 5 8 10 3 4 
1 7 6 9 5 10 3 2 4 
1 7 6 9 5 10 8 2 4 
1 7 6 9 5 10 8 3 4 
1 7 6 9 10 3 2 8 4 
1 7 6 9 10 3 5 2 4 
1 7 6 9 10 3 5 8 4 
1 7 6 9 10 5 2 3 4 
1 7 6 9 10 5 2 8 4 
1 7 6 9 10 5 8 2 4 
1 7 6 9 10 5 8 3 4 
1 7 6 9 10 8 2 3 4 
1 7 6 9 10 8 3 2 4 
1 7 6 9 10 8 3 5 4 
1 7 6 10 3 2 9 5 4 
1 7 6 10 3 5 2 8 4 
1 7 6 10 3 5 8 2 4 
1 7 6 10 3 5 9 2 4 
1 7 6 10 3 9 2 8 4 
1 7 6 10 3 9 5 2 4 
1 7 6 10 3 9 5 8 4 
1 7 6 10 5 2 8 3 4 
1 7 6 10 5 2 9 3 4 
1 7 6 10 5 8 2 3 4 
1 7 6 10 5 8 3 2 4 
1 7 6 10 5 9 2 3 4 
1 7 6 10 5 9 2 8 4 
1 7 6 10 5 9 3 2 4 
1 7 6 10 8 2 3 5 4 
1 7 6 10 8 2 9 3 4 
1 7 6 10 8 2 9 5 4 
1 7 6 10 8 3 5 2 4 
1 7 6 10 8 3 9 2 4 
1 7 6 10 8 3 9 5 4 
1 7 8 2 3 5 6 10 4 
1 7 8 2 3 5 9 6 4 
1 7 8 2 3 5 9 10 4 
1 7 8 2 3 5 10 6 4 
1 7 8 2 3 6 5 10 4 
1 7 8 2 3 6 9 5 4 
1 7 8 2 3 6 9 10 4 
1 7 8 2 3 6 10 5 4 
1 7 8 2 3 9 5 6 4 
1 7 8 2 3 9 5 10 4 
1 7 8 2 3 9 6 5 4 
1 7 8 2 3 9 6 10 4 
1 7 8 2 3 9 10 5 4 
1 7 8 2 3 9 10 6 4 
1 7 8 2 9 3 5 6 4 
1 7 8 2 9 3 5 10 4 
1 7 8 2 9 3 6 5 4 
1 7 8 2 9 3 6 10 4 
1 7 8 2 9 5 6 3 4 
1 7 8 2 9 5 6 10 4 
1 7 8 2 9 5 10 3 4 
1 7 8 2 9 5 10 6 4 
1 7 8 2 9 6 3 5 4 
1 7 8 2 9 6 5 10 4 
1 7 8 2 9 6 10 3 4 
1 7 8 2 9 6 10 5 4 
1 7 8 2 9 10 3 5 4 
1 7 8 2 9 10 3 6 4 
1 7 8 2 9 10 5 6 4 
1 7 8 2 9 10 6 3 4 
1 7 8 2 9 10 6 5 4 
1 7 8 3 2 9 5 6 4 
1 7 8 3 2 9 5 10 4 
1 7 8 3 2 9 6 5 4 
1 7 8 3 2 9 6 10 4 
1 7 8 3 2 9 10 5 4 
1 7 8 3 2 9 10 6 4 
1 7 8 3 5 2 9 6 4 
1 7 8 3 5 2 9 10 4 
1 7 8 3 5 6 9 2 4 
1 7 8 3 5 6 9 10 4 
1 7 8 3 5 9 6 2 4 
1 7 8 3 5 9 6 10 4 
1 7 8 3 5 9 10 6 4 
1 7 8 3 5 10 6 2 4 
1 7 8 3 6 2 9 5 4 
1 7 8 3 6 2 9 10 4 
1 7 8 3 6 5 9 2 4 
1 7 8 3 6 5 9 10 4 
1 7 8 3 6 9 5 2 4 
1 7 8 3 6 9 5 10 4 
1 7 8 3 6 9 10 5 4 
1 7 8 3 6 10 5 2 4 
1 7 8 3 9 5 6 2 4 
1 7 8 3 9 5 6 10 4 
1 7 8 3 9 5 10 6 4 
1 7 8 3 9 6 5 2 4 
1 7 8 3 9 6 5 10 4 
1 7 8 3 9 6 10 5 4 
1 7 8 3 9 10 5 2 4 
1 7 8 3 9 10 5 6 4 
1 7 8 3 9 10 6 2 4 
1 7 8 3 9 10 6 5 4 
1 7 8 6 2 3 5 10 4 
1 7 8 6 2 3 9 5 4 
1 7 8 6 2 3 9 10 4 
1 7 8 6 2 9 3 5 4 
1 7 8 6 2 9 5 10 4 
1 7 8 6 2 9 10 3 4 
1 7 8 6 2 9 10 5 4 
1 7 8 6 3 2 9 5 4 
1 7 8 6 3 2 9 10 4 
1 7 8 6 3 5 9 2 4 
1 7 8 6 3 5 9 10 4 
1 7 8 6 3 9 5 2 4 
1 7 8 6 3 9 5 10 4 
1 7 8 6 3 9 10 5 4 
1 7 8 6 5 2 9 3 4 
1 7 8 6 5 2 9 10 4 
1 7 8 6 5 9 2 3 4 
1 7 8 6 5 9 3 2 4 
1 7 8 6 5 9 10 3 4 
1 7 8 6 5 10 3 2 4 
1 7 8 6 9 2 3 5 4 
1 7 8 6 9 3 5 2 4 
1 7 8 6 9 3 5 10 4 
1 7 8 6 9 5 2 3 4 
1 7 8 6 9 5 10 3 4 
1 7 8 6 9 10 3 2 4 
1 7 8 6 9 10 3 5 4 
1 7 8 6 9 10 5 2 4 
1 7 8 6 10 3 5 2 4 
1 7 8 6 10 3 9 2 4 
1 7 8 6 10 3 9 5 4 
1 7 8 6 10 5 2 3 4 
1 7 8 6 10 5 9 2 4 
1 7 8 6 10 5 9 3 4 
1 7 8 10 3 2 9 5 4 
1 7 8 10 3 2 9 6 4 
1 7 8 10 3 5 6 2 4 
1 7 8 10 3 5 9 2 4 
1 7 8 10 3 5 9 6 4 
1 7 8 10 3 6 5 2 4 
1 7 8 10 3 6 9 2 4 
1 7 8 10 3 6 9 5 4 
1 7 8 10 3 9 5 2 4 
1 7 8 10 3 9 5 6 4 
1 7 8 10 3 9 6 2 4 
1 7 8 10 3 9 6 5 4 
1 7 8 10 5 2 3 6 4 
1 7 8 10 5 2 9 3 4 
1 7 8 10 5 2 9 6 4 
1 7 8 10 5 6 2 3 4 
1 7 8 10 5 6 3 2 4 
1 7 8 10 5 6 9 2 4 
1 7 8 10 5 6 9 3 4 
1 7 8 10 5 9 2 3 4 
1 7 8 10 5 9 3 2 4 
1 7 8 10 5 9 3 6 4 
1 7 8 10 5 9 6 2 4 
1 7 8 10 5 9 6 3 4 
1 7 8 10 6 2 3 5 4 
1 7 8 10 6 2 9 3 4 
1 7 8 10 6 2 9 5 4 
1 7 8 10 6 3 5 2 4 
1 7 8 10 6 3 9 2 4 
1 7 8 10 6 3 9 5 4 
1 7 8 10 6 5 2 3 4 
1 7 8 10 6 5 9 2 4 
1 7 8 10 6 5 9 3 4 
1 7 8 10 6 9 2 3 4 
1 7 8 10 6 9 3 2 4 
1 7 8 10 6 9 3 5 4 
1 7 8 10 6 9 5 2 4 
1 7 9 2 3 5 6 8 4 
1 7 9 2 3 5 6 10 4 
1 7 9 2 3 5 8 6 4 
1 7 9 2 3 5 8 10 4 
1 7 9 2 3 5 10 6 4 
1 7 9 2 3 5 10 8 4 
1 7 9 2 3 6 5 8 4 
1 7 9 2 3 6 5 10 4 
1 7 9 2 3 6 8 10 4 
1 7 9 2 3 6 10 5 4 
1 7 9 2 3 6 10 8 4 
1 7 9 2 8 3 5 6 4 
1 7 9 2 8 3 5 10 4 
1 7 9 2 8 3 6 5 4 
1 7 9 2 8 3 6 10 4 
1 7 9 2 8 6 3 5 4 
1 7 9 2 8 6 5 10 4 
1 7 9 2 8 6 10 3 4 
1 7 9 2 8 6 10 5 4 
1 7 9 2 8 10 3 5 4 
1 7 9 2 8 10 3 6 4 
1 7 9 2 8 10 5 6 4 
1 7 9 2 8 10 6 3 4 
1 7 9 2 8 10 6 5 4 
1 7 9 3 2 8 6 5 4 
1 7 9 3 2 8 6 10 4 
1 7 9 3 2 8 10 5 4 
1 7 9 3 2 8 10 6 4 
1 7 9 3 5 2 8 6 4 
1 7 9 3 5 2 8 10 4 
1 7 9 3 5 6 2 8 4 
1 7 9 3 5 6 8 2 4 
1 7 9 3 5 6 8 10 4 
1 7 9 3 5 6 10 8 4 
1 7 9 3 5 8 6 2 4 
1 7 9 3 5 8 6 10 4 
1 7 9 3 5 8 10 6 4 
1 7 9 3 5 10 6 2 4 
1 7 9 3 5 10 6 8 4 
1 7 9 3 5 10 8 2 4 
1 7 9 3 5 10 8 6 4 
1 7 9 3 6 2 8 10 4 
1 7 9 3 6 5 2 8 4 
1 7 9 3 6 5 8 2 4 
1 7 9 3 6 5 8 10 4 
1 7 9 3 6 5 10 8 4 
1 7 9 3 6 8 10 5 4 
1 7 9 3 6 10 5 2 4 
1 7 9 3 6 10 5 8 4 
1 7 9 3 6 10 8 2 4 
1 7 9 5 2 3 6 8 4 
1 7 9 5 2 3 6 10 4 
1 7 9 5 2 8 3 6 4 
1 7 9 5 2 8 6 3 4 
1 7 9 5 2 8 6 10 4 
1 7 9 5 2 8 10 3 4 
1 7 9 5 2 8 10 6 4 
1 7 9 5 6 2 8 3 4 
1 7 9 5 6 2 8 10 4 
1 7 9 5 6 3 2 8 4 
1 7 9 5 6 8 2 3 4 
1 7 9 5 6 8 3 2 4 
1 7 9 5 6 8 10 3 4 
1 7 9 5 6 10 3 2 4 
1 7 9 5 6 10 8 2 4 
1 7 9 5 6 10 8 3 4 
1 7 9 5 8 2 3 6 4 
1 7 9 5 8 3 6 2 4 
1 7 9 5 8 3 6 10 4 
1 7 9 5 8 6 2 3 4 
1 7 9 5 8 6 3 2 4 
1 7 9 5 8 6 10 3 4 
1 7 9 5 8 10 3 2 4 
1 7 9 5 8 10 3 6 4 
1 7 9 5 8 10 6 2 4 
1 7 9 5 8 10 6 3 4 
1 7 9 5 10 3 2 8 4 
1 7 9 5 10 3 6 2 4 
1 7 9 5 10 3 6 8 4 
1 7 9 5 10 6 2 3 4 
1 7 9 5 10 6 2 8 4 
1 7 9 5 10 6 3 2 4 
1 7 9 5 10 6 8 2 4 
1 7 9 5 10 6 8 3 4 
1 7 9 5 10 8 2 3 4 
1 7 9 5 10 8 3 2 4 
1 7 9 5 10 8 3 6 4 
1 7 9 5 10 8 6 2 4 
1 7 9 5 10 8 6 3 4 
1 7 9 6 2 3 5 8 4 
1 7 9 6 2 3 5 10 4 
1 7 9 6 2 8 3 5 4 
1 7 9 6 2 8 10 3 4 
1 7 9 6 2 8 10 5 4 
1 7 9 6 3 2 8 10 4 
1 7 9 6 3 5 2 8 4 
1 7 9 6 3 5 8 2 4 
1 7 9 6 3 5 8 10 4 
1 7 9 6 3 5 10 8 4 
1 7 9 6 5 2 8 3 4 
1 7 9 6 5 2 8 10 4 
1 7 9 6 5 8 2 3 4 
1 7 9 6 5 8 3 2 4 
1 7 9 6 5 8 10 3 4 
1 7 9 6 5 10 3 2 4 
1 7 9 6 5 10 8 2 4 
1 7 9 6 5 10 8 3 4 
1 7 9 6 8 2 3 5 4 
1 7 9 6 8 3 5 2 4 
1 7 9 6 8 3 5 10 4 
1 7 9 6 8 10 3 2 4 
1 7 9 6 8 10 3 5 4 
1 7 9 6 8 10 5 2 4 
1 7 9 6 10 3 2 8 4 
1 7 9 6 10 3 5 2 4 
1 7 9 6 10 3 5 8 4 
1 7 9 6 10 5 2 3 4 
1 7 9 6 10 5 2 8 4 
1 7 9 6 10 5 8 2 4 
1 7 9 6 10 5 8 3 4 
1 7 9 6 10 8 2 3 4 
1 7 9 6 10 8 3 2 4 
1 7 9 6 10 8 3 5 4 
1 7 9 10 3 2 8 6 4 
1 7 9 10 3 5 2 8 4 
1 7 9 10 3 5 6 2 4 
1 7 9 10 3 5 6 8 4 
1 7 9 10 3 5 8 2 4 
1 7 9 10 3 5 8 6 4 
1 7 9 10 3 6 2 8 4 
1 7 9 10 3 6 5 2 4 
1 7 9 10 3 6 5 8 4 
1 7 9 10 3 6 8 2 4 
1 7 9 10 5 2 3 6 4 
1 7 9 10 5 2 8 3 4 
1 7 9 10 5 2 8 6 4 
1 7 9 10 5 6 2 3 4 
1 7 9 10 5 6 2 8 4 
1 7 9 10 5 6 3 2 4 
1 7 9 10 5 6 8 2 4 
1 7 9 10 5 6 8 3 4 
1 7 9 10 5 8 2 3 4 
1 7 9 10 5 8 3 2 4 
1 7 9 10 5 8 3 6 4 
1 7 9 10 5 8 6 2 4 
1 7 9 10 5 8 6 3 4 
1 7 9 10 6 2 3 5 4 
1 7 9 10 6 2 8 3 4 
1 7 9 10 6 3 2 8 4 
1 7 9 10 6 3 5 2 4 
1 7 9 10 6 3 5 8 4 
1 7 9 10 6 5 2 3 4 
1 7 9 10 6 5 2 8 4 
1 7 9 10 6 5 8 2 4 
1 7 9 10 6 5 8 3 4 
1 7 9 10 6 8 2 3 4 
1 7 9 10 6 8 3 2 4 
1 7 9 10 6 8 3 5 4 
1 7 9 10 8 2 3 5 4 
1 7 9 10 8 2 3 6 4 
1 7 9 10 8 3 5 2 4 
1 7 9 10 8 3 5 6 4 
1 7 9 10 8 3 6 2 4 
1 7 9 10 8 3 6 5 4 
1 7 9 10 8 6 2 3 4 
1 7 9 10 8 6 3 2 4 
1 7 9 10 8 6 3 5 4 
1 7 9 10 8 6 5 2 4 
1 8 2 3 5 6 9 7 4 
1 8 2 3 5 6 9 10 4 
1 8 2 3 5 6 10 7 4 
1 8 2 3 5 9 6 7 4 
1 8 2 3 5 9 6 10 4 
1 8 2 3 5 9 7 6 4 
1 8 2 3 5 9 10 6 4 
1 8 2 3 5 9 10 7 4 
1 8 2 3 5 10 6 7 4 
1 8 2 3 5 10 7 6 4 
1 8 2 3 6 5 9 7 4 
1 8 2 3 6 5 9 10 4 
1 8 2 3 6 5 10 7 4 
1 8 2 3 6 7 5 10 4 
1 8 2 3 6 7 9 5 4 
1 8 2 3 6 7 9 10 4 
1 8 2 3 6 9 5 10 4 
1 8 2 3 6 9 7 5 4 
1 8 2 3 6 9 10 5 4 
1 8 2 3 6 9 10 7 4 
1 8 2 3 6 10 7 5 4 
1 8 2 3 9 5 6 7 4 
1 8 2 3 9 5 6 10 4 
1 8 2 3 9 5 10 6 4 
1 8 2 3 9 5 10 7 4 
1 8 2 3 9 6 5 10 4 
1 8 2 3 9 6 7 5 4 
1 8 2 3 9 6 10 5 4 
1 8 2 3 9 6 10 7 4 
1 8 2 3 9 7 5 6 4 
1 8 2 3 9 7 5 10 4 
1 8 2 3 9 7 6 5 4 
1 8 2 3 9 7 6 10 4 
1 8 2 3 9 10 5 6 4 
1 8 2 3 9 10 6 5 4 
1 8 2 3 9 10 6 7 4 
1 8 2 3 9 10 7 5 4 
1 8 2 3 9 10 7 6 4 
1 8 2 7 5 6 9 3 4 
1 8 2 7 5 6 9 10 4 
1 8 2 7 5 6 10 3 4 
1 8 2 7 5 9 3 6 4 
1 8 2 7 5 9 6 3 4 
1 8 2 7 5 9 6 10 4 
1 8 2 7 5 9 10 3 4 
1 8 2 7 5 9 10 6 4 
1 8 2 7 5 10 3 6 4 
1 8 2 7 5 10 6 3 4 
1 8 2 7 6 3 5 10 4 
1 8 2 7 6 3 9 5 4 
1 8 2 7 6 3 9 10 4 
1 8 2 7 6 5 9 3 4 
1 8 2 7 6 5 9 10 4 
1 8 2 7 6 5 10 3 4 
1 8 2 7 6 9 3 5 4 
1 8 2 7 6 9 5 10 4 
1 8 2 7 6 9 10 3 4 
1 8 2 7 6 9 10 5 4 
1 8 2 7 6 10 3 5 4 
1 8 2 7 9 3 5 6 4 
1 8 2 7 9 3 5 10 4 
1 8 2 7 9 3 6 5 4 
1 8 2 7 9 3 6 10 4 
1 8 2 7 9 5 6 3 4 
1 8 2 7 9 5 6 10 4 
1 8 2 7 9 5 10 3 4 
1 8 2 7 9 5 10 6 4 
1 8 2 7 9 6 3 5 4 
1 8 2 7 9 6 5 10 4 
1 8 2 7 9 6 10 3 4 
1 8 2 7 9 6 10 5 4 
1 8 2 7 9 10 3 5 4 
1 8 2 7 9 10 3 6 4 
1 8 2 7 9 10 5 6 4 
1 8 2 7 9 10 6 3 4 
1 8 2 7 9 10 6 5 4 
1 8 2 9 3 5 6 7 4 
1 8 2 9 3 5 6 10 4 
1 8 2 9 3 5 10 6 4 
1 8 2 9 3 5 10 7 4 
1 8 2 9 3 6 5 10 4 
1 8 2 9 3 6 7 5 4 
1 8 2 9 3 6 10 5 4 
1 8 2 9 3 6 10 7 4 
1 8 2 9 5 6 10 3 4 
1 8 2 9 5 6 10 7 4 
1 8 2 9 5 10 3 6 4 
1 8 2 9 5 10 6 3 4 
1 8 2 9 5 10 6 7 4 
1 8 2 9 5 10 7 6 4 
1 8 2 9 6 3 5 10 4 
1 8 2 9 6 5 10 3 4 
1 8 2 9 6 5 10 7 4 
1 8 2 9 6 7 5 10 4 
1 8 2 9 6 10 3 5 4 
1 8 2 9 6 10 7 5 4 
1 8 2 9 7 5 6 3 4 
1 8 2 9 7 5 6 10 4 
1 8 2 9 7 5 10 3 4 
1 8 2 9 7 5 10 6 4 
1 8 2 9 7 6 3 5 4 
1 8 2 9 7 6 5 10 4 
1 8 2 9 7 6 10 3 4 
1 8 2 9 7 6 10 5 4 
1 8 2 9 10 3 5 6 4 
1 8 2 9 10 3 6 5 4 
1 8 2 9 10 3 6 7 4 
1 8 2 9 10 5 6 3 4 
1 8 2 9 10 5 6 7 4 
1 8 2 9 10 6 3 5 4 
1 8 2 9 10 6 7 5 4 
1 8 2 9 10 7 5 6 4 
1 8 2 9 10 7 6 3 4 
1 8 2 9 10 7 6 5 4 
1 8 3 2 7 5 6 10 4 
1 8 3 2 7 5 9 6 4 
1 8 3 2 7 5 9 10 4 
1 8 3 2 7 5 10 6 4 
1 8 3 2 7 6 5 10 4 
1 8 3 2 7 6 9 5 4 
1 8 3 2 7 6 9 10 4 
1 8 3 2 7 6 10 5 4 
1 8 3 2 7 9 5 6 4 
1 8 3 2 7 9 5 10 4 
1 8 3 2 7 9 6 5 4 
1 8 3 2 7 9 6 10 4 
1 8 3 2 7 9 10 5 4 
1 8 3 2 7 9 10 6 4 
1 8 3 2 9 5 6 7 4 
1 8 3 2 9 5 6 10 4 
1 8 3 2 9 5 10 6 4 
1 8 3 2 9 5 10 7 4 
1 8 3 2 9 6 5 10 4 
1 8 3 2 9 6 7 5 4 
1 8 3 2 9 6 10 5 4 
1 8 3 2 9 6 10 7 4 
1 8 3 2 9 7 5 6 4 
1 8 3 2 9 7 5 10 4 
1 8 3 2 9 7 6 5 4 
1 8 3 2 9 7 6 10 4 
1 8 3 2 9 10 5 6 4 
1 8 3 2 9 10 6 5 4 
1 8 3 2 9 10 6 7 4 
1 8 3 2 9 10 7 5 4 
1 8 3 2 9 10 7 6 4 
1 8 3 5 2 7 6 10 4 
1 8 3 5 2 7 9 6 4 
1 8 3 5 2 7 9 10 4 
1 8 3 5 2 9 6 7 4 
1 8 3 5 2 9 6 10 4 
1 8 3 5 2 9 7 6 4 
1 8 3 5 2 9 10 6 4 
1 8 3 5 2 9 10 7 4 
1 8 3 5 6 2 9 7 4 
1 8 3 5 6 2 9 10 4 
1 8 3 5 6 7 9 2 4 
1 8 3 5 6 7 9 10 4 
1 8 3 5 6 9 2 7 4 
1 8 3 5 6 9 10 7 4 
1 8 3 5 9 2 7 6 4 
1 8 3 5 9 6 2 7 4 
1 8 3 5 9 6 10 7 4 
1 8 3 5 9 7 6 2 4 
1 8 3 5 9 7 6 10 4 
1 8 3 5 9 10 6 2 4 
1 8 3 5 9 10 6 7 4 
1 8 3 5 9 10 7 6 4 
1 8 3 5 10 6 2 7 4 
1 8 3 5 10 6 9 2 4 
1 8 3 5 10 6 9 7 4 
1 8 3 5 10 7 6 2 4 
1 8 3 5 10 7 9 2 4 
1 8 3 5 10 7 9 6 4 
1 8 3 6 2 7 5 10 4 
1 8 3 6 2 7 9 5 4 
1 8 3 6 2 7 9 10 4 
1 8 3 6 2 9 5 10 4 
1 8 3 6 2 9 7 5 4 
1 8 3 6 2 9 10 5 4 
1 8 3 6 2 9 10 7 4 
1 8 3 6 5 2 9 7 4 
1 8 3 6 5 2 9 10 4 
1 8 3 6 5 9 2 7 4 
1 8 3 6 5 9 10 7 4 
1 8 3 6 7 5 9 2 4 
1 8 3 6 7 5 9 10 4 
1 8 3 6 7 9 5 2 4 
1 8 3 6 7 9 5 10 4 
1 8 3 6 7 9 10 5 4 
1 8 3 6 9 2 7 5 4 
1 8 3 6 9 5 2 7 4 
1 8 3 6 9 5 10 7 4 
1 8 3 6 9 7 5 2 4 
1 8 3 6 9 7 5 10 4 
1 8 3 6 9 10 5 2 4 
1 8 3 6 9 10 7 5 4 
1 8 3 6 10 5 2 7 4 
1 8 3 6 10 5 9 2 4 
1 8 3 6 10 5 9 7 4 
1 8 3 6 10 7 5 2 4 
1 8 3 6 10 7 9 2 4 
1 8 3 6 10 7 9 5 4 
1 8 3 9 2 7 5 6 4 
1 8 3 9 2 7 5 10 4 
1 8 3 9 2 7 6 5 4 
1 8 3 9 2 7 6 10 4 
1 8 3 9 5 2 7 6 4 
1 8 3 9 5 6 2 7 4 
1 8 3 9 5 6 10 7 4 
1 8 3 9 5 10 6 2 4 
1 8 3 9 5 10 6 7 4 
1 8 3 9 5 10 7 6 4 
1 8 3 9 6 2 7 5 4 
1 8 3 9 6 5 2 7 4 
1 8 3 9 6 5 10 7 4 
1 8 3 9 6 7 5 2 4 
1 8 3 9 6 7 5 10 4 
1 8 3 9 6 10 5 2 4 
1 8 3 9 6 10 7 5 4 
1 8 3 9 7 5 6 2 4 
1 8 3 9 7 5 6 10 4 
1 8 3 9 7 5 10 6 4 
1 8 3 9 7 6 5 2 4 
1 8 3 9 7 6 5 10 4 
1 8 3 9 7 6 10 5 4 
1 8 3 9 10 5 2 7 4 
1 8 3 9 10 5 6 2 4 
1 8 3 9 10 5 6 7 4 
1 8 3 9 10 6 2 7 4 
1 8 3 9 10 6 5 2 4 
1 8 3 9 10 6 7 5 4 
1 8 3 9 10 7 5 2 4 
1 8 3 9 10 7 5 6 4 
1 8 3 9 10 7 6 2 4 
1 8 3 9 10 7 6 5 4 
1 8 6 2 3 5 9 7 4 
1 8 6 2 3 5 9 10 4 
1 8 6 2 3 5 10 7 4 
1 8 6 2 3 9 5 10 4 
1 8 6 2 3 9 7 5 4 
1 8 6 2 3 9 10 5 4 
1 8 6 2 3 9 10 7 4 
1 8 6 2 7 5 9 3 4 
1 8 6 2 7 5 9 10 4 
1 8 6 2 7 5 10 3 4 
1 8 6 2 7 9 3 5 4 
1 8 6 2 7 9 5 10 4 
1 8 6 2 7 9 10 3 4 
1 8 6 2 7 9 10 5 4 
1 8 6 2 9 3 5 10 4 
1 8 6 2 9 5 10 3 4 
1 8 6 2 9 5 10 7 4 
1 8 6 2 9 7 5 10 4 
1 8 6 2 9 10 3 5 4 
1 8 6 2 9 10 7 5 4 
1 8 6 3 2 7 5 10 4 
1 8 6 3 2 7 9 5 4 
1 8 6 3 2 7 9 10 4 
1 8 6 3 2 9 5 10 4 
1 8 6 3 2 9 7 5 4 
1 8 6 3 2 9 10 5 4 
1 8 6 3 2 9 10 7 4 
1 8 6 3 5 2 9 7 4 
1 8 6 3 5 2 9 10 4 
1 8 6 3 5 9 2 7 4 
1 8 6 3 5 9 10 7 4 
1 8 6 3 9 2 7 5 4 
1 8 6 3 9 5 2 7 4 
1 8 6 3 9 5 10 7 4 
1 8 6 3 9 7 5 2 4 
1 8 6 3 9 7 5 10 4 
1 8 6 3 9 10 5 2 4 
1 8 6 3 9 10 7 5 4 
1 8 6 5 2 3 9 7 4 
1 8 6 5 2 3 9 10 4 
1 8 6 5 2 7 9 3 4 
1 8 6 5 2 7 9 10 4 
1 8 6 5 2 9 10 3 4 
1 8 6 5 2 9 10 7 4 
1 8 6 5 9 3 2 7 4 
1 8 6 5 9 10 3 2 4 
1 8 6 5 10 3 2 7 4 
1 8 6 5 10 3 9 2 4 
1 8 6 5 10 3 9 7 4 
1 8 6 5 10 7 9 2 4 
1 8 6 5 10 7 9 3 4 
1 8 6 7 5 2 9 3 4 
1 8 6 7 5 2 9 10 4 
1 8 6 7 5 9 2 3 4 
1 8 6 7 5 9 3 2 4 
1 8 6 7 5 9 10 3 4 
1 8 6 7 5 10 3 2 4 
1 8 6 7 9 2 3 5 4 
1 8 6 7 9 3 5 2 4 
1 8 6 7 9 3 5 10 4 
1 8 6 7 9 5 2 3 4 
1 8 6 7 9 5 10 3 4 
1 8 6 7 9 10 3 2 4 
1 8 6 7 9 10 3 5 4 
1 8 6 7 9 10 5 2 4 
1 8 6 9 2 3 5 10 4 
1 8 6 9 2 7 5 10 4 
1 8 6 9 3 2 7 5 4 
1 8 6 9 3 5 2 7 4 
1 8 6 9 3 5 10 7 4 
1 8 6 9 5 10 3 2 4 
1 8 6 9 7 5 2 3 4 
1 8 6 9 7 5 10 3 4 
1 8 6 9 10 3 2 7 4 
1 8 6 9 10 3 5 2 4 
1 8 6 9 10 5 2 3 4 
1 8 6 9 10 5 2 7 4 
1 8 6 9 10 7 5 2 4 
1 8 6 10 3 2 7 5 4 
1 8 6 10 3 2 9 5 4 
1 8 6 10 3 2 9 7 4 
1 8 6 10 3 5 2 7 4 
1 8 6 10 3 5 9 2 4 
1 8 6 10 3 5 9 7 4 
1 8 6 10 3 9 2 7 4 
1 8 6 10 3 9 5 2 4 
1 8 6 10 3 9 7 5 4 
1 8 6 10 5 2 9 3 4 
1 8 6 10 5 2 9 7 4 
1 8 6 10 5 9 2 3 4 
1 8 6 10 5 9 2 7 4 
1 8 6 10 5 9 3 2 4 
1 8 6 10 7 5 2 3 4 
1 8 6 10 7 5 9 2 4 
1 8 6 10 7 5 9 3 4 
1 8 6 10 7 9 2 3 4 
1 8 6 10 7 9 3 2 4 
1 8 6 10 7 9 3 5 4 
1 8 6 10 7 9 5 2 4 
1 8 7 5 2 3 6 10 4 
1 8 7 5 2 3 9 6 4 
1 8 7 5 2 3 9 10 4 
1 8 7 5 2 9 3 6 4 
1 8 7 5 2 9 6 3 4 
1 8 7 5 2 9 6 10 4 
1 8 7 5 2 9 10 3 4 
1 8 7 5 2 9 10 6 4 
1 8 7 5 6 2 9 3 4 
1 8 7 5 6 2 9 10 4 
1 8 7 5 6 3 9 2 4 
1 8 7 5 6 3 9 10 4 
1 8 7 5 6 9 2 3 4 
1 8 7 5 6 9 3 2 4 
1 8 7 5 6 9 10 3 4 
1 8 7 5 6 10 3 2 4 
1 8 7 5 9 2 3 6 4 
1 8 7 5 9 3 6 2 4 
1 8 7 5 9 3 6 10 4 
1 8 7 5 9 6 2 3 4 
1 8 7 5 9 6 3 2 4 
1 8 7 5 9 6 10 3 4 
1 8 7 5 9 10 3 2 4 
1 8 7 5 9 10 3 6 4 
1 8 7 5 9 10 6 2 4 
1 8 7 5 9 10 6 3 4 
1 8 7 5 10 3 6 2 4 
1 8 7 5 10 3 9 2 4 
1 8 7 5 10 3 9 6 4 
1 8 7 5 10 6 2 3 4 
1 8 7 5 10 6 3 2 4 
1 8 7 5 10 6 9 2 4 
1 8 7 5 10 6 9 3 4 
1 8 7 6 2 3 5 10 4 
1 8 7 6 2 3 9 5 4 
1 8 7 6 2 3 9 10 4 
1 8 7 6 2 9 3 5 4 
1 8 7 6 2 9 5 10 4 
1 8 7 6 2 9 10 3 4 
1 8 7 6 2 9 10 5 4 
1 8 7 6 3 2 9 5 4 
1 8 7 6 3 2 9 10 4 
1 8 7 6 3 5 9 2 4 
1 8 7 6 3 5 9 10 4 
1 8 7 6 3 9 5 2 4 
1 8 7 6 3 9 5 10 4 
1 8 7 6 3 9 10 5 4 
1 8 7 6 5 2 9 3 4 
1 8 7 6 5 2 9 10 4 
1 8 7 6 5 9 2 3 4 
1 8 7 6 5 9 3 2 4 
1 8 7 6 5 9 10 3 4 
1 8 7 6 5 10 3 2 4 
1 8 7 6 9 2 3 5 4 
1 8 7 6 9 3 5 2 4 
1 8 7 6 9 3 5 10 4 
1 8 7 6 9 5 2 3 4 
1 8 7 6 9 5 10 3 4 
1 8 7 6 9 10 3 2 4 
1 8 7 6 9 10 3 5 4 
1 8 7 6 9 10 5 2 4 
1 8 7 6 10 3 5 2 4 
1 8 7 6 10 3 9 2 4 
1 8 7 6 10 3 9 5 4 
1 8 7 6 10 5 2 3 4 
1 8 7 6 10 5 9 2 4 
1 8 7 6 10 5 9 3 4 
1 8 7 9 2 3 5 6 4 
1 8 7 9 2 3 5 10 4 
1 8 7 9 2 3 6 5 4 
1 8 7 9 2 3 6 10 4 
1 8 7 9 3 5 6 2 4 
1 8 7 9 3 5 6 10 4 
1 8 7 9 3 5 10 6 4 
1 8 7 9 3 6 5 2 4 
1 8 7 9 3 6 5 10 4 
1 8 7 9 3 6 10 5 4 
1 8 7 9 5 2 3 6 4 
1 8 7 9 5 6 2 3 4 
1 8 7 9 5 6 3 2 4 
1 8 7 9 5 6 10 3 4 
1 8 7 9 5 10 3 2 4 
1 8 7 9 5 10 3 6 4 
1 8 7 9 5 10 6 2 4 
1 8 7 9 5 10 6 3 4 
1 8 7 9 6 2 3 5 4 
1 8 7 9 6 3 5 2 4 
1 8 7 9 6 3 5 10 4 
1 8 7 9 6 5 2 3 4 
1 8 7 9 6 5 10 3 4 
1 8 7 9 6 10 3 2 4 
1 8 7 9 6 10 3 5 4 
1 8 7 9 6 10 5 2 4 
1 8 7 9 10 3 5 2 4 
1 8 7 9 10 3 5 6 4 
1 8 7 9 10 3 6 2 4 
1 8 7 9 10 3 6 5 4 
1 8 7 9 10 5 2 3 4 
1 8 7 9 10 5 6 2 4 
1 8 7 9 10 5 6 3 4 
1 8 7 9 10 6 2 3 4 
1 8 7 9 10 6 3 2 4 
1 8 7 9 10 6 3 5 4 
1 8 7 9 10 6 5 2 4 
1 8 10 3 2 7 5 6 4 
1 8 10 3 2 7 6 5 4 
1 8 10 3 2 7 9 5 4 
1 8 10 3 2 7 9 6 4 
1 8 10 3 2 9 5 6 4 
1 8 10 3 2 9 6 5 4 
1 8 10 3 2 9 6 7 4 
1 8 10 3 2 9 7 5 4 
1 8 10 3 2 9 7 6 4 
1 8 10 3 5 2 7 6 4 
1 8 10 3 5 2 9 6 4 
1 8 10 3 5 2 9 7 4 
1 8 10 3 5 6 2 7 4 
1 8 10 3 5 6 9 2 4 
1 8 10 3 5 6 9 7 4 
1 8 10 3 5 9 2 7 4 
1 8 10 3 5 9 6 2 4 
1 8 10 3 5 9 6 7 4 
1 8 10 3 5 9 7 6 4 
1 8 10 3 6 2 7 5 4 
1 8 10 3 6 2 9 5 4 
1 8 10 3 6 2 9 7 4 
1 8 10 3 6 5 2 7 4 
1 8 10 3 6 5 9 2 4 
1 8 10 3 6 5 9 7 4 
1 8 10 3 6 7 5 2 4 
1 8 10 3 6 7 9 2 4 
1 8 10 3 6 7 9 5 4 
1 8 10 3 6 9 2 7 4 
1 8 10 3 6 9 5 2 4 
1 8 10 3 6 9 7 5 4 
1 8 10 3 9 2 7 5 4 
1 8 10 3 9 2 7 6 4 
1 8 10 3 9 5 2 7 4 
1 8 10 3 9 5 6 2 4 
1 8 10 3 9 5 6 7 4 
1 8 10 3 9 6 2 7 4 
1 8 10 3 9 6 5 2 4 
1 8 10 3 9 6 7 5 4 
1 8 10 3 9 7 5 2 4 
1 8 10 3 9 7 5 6 4 
1 8 10 3 9 7 6 2 4 
1 8 10 3 9 7 6 5 4 
1 8 10 5 2 3 6 7 4 
1 8 10 5 2 3 9 6 4 
1 8 10 5 2 3 9 7 4 
1 8 10 5 2 7 6 3 4 
1 8 10 5 2 7 9 3 4 
1 8 10 5 2 7 9 6 4 
1 8 10 5 2 9 3 6 4 
1 8 10 5 2 9 6 3 4 
1 8 10 5 2 9 6 7 4 
1 8 10 5 2 9 7 6 4 
1 8 10 5 6 2 9 3 4 
1 8 10 5 6 2 9 7 4 
1 8 10 5 6 3 2 7 4 
1 8 10 5 6 3 9 2 4 
1 8 10 5 6 3 9 7 4 
1 8 10 5 6 7 9 2 4 
1 8 10 5 6 7 9 3 4 
1 8 10 5 6 9 2 3 4 
1 8 10 5 6 9 2 7 4 
1 8 10 5 6 9 3 2 4 
1 8 10 5 9 2 3 6 4 
1 8 10 5 9 2 7 6 4 
1 8 10 5 9 3 2 7 4 
1 8 10 5 9 3 6 2 4 
1 8 10 5 9 3 6 7 4 
1 8 10 5 9 6 2 3 4 
1 8 10 5 9 6 2 7 4 
1 8 10 5 9 6 3 2 4 
1 8 10 5 9 7 6 2 4 
1 8 10 5 9 7 6 3 4 
1 8 10 6 2 3 9 5 4 
1 8 10 6 2 3 9 7 4 
1 8 10 6 2 7 9 3 4 
1 8 10 6 2 7 9 5 4 
1 8 10 6 2 9 3 5 4 
1 8 10 6 2 9 7 5 4 
1 8 10 6 3 2 7 5 4 
1 8 10 6 3 2 9 5 4 
1 8 10 6 3 2 9 7 4 
1 8 10 6 3 5 2 7 4 
1 8 10 6 3 5 9 2 4 
1 8 10 6 3 5 9 7 4 
1 8 10 6 3 9 2 7 4 
1 8 10 6 3 9 5 2 4 
1 8 10 6 3 9 7 5 4 
1 8 10 6 5 2 9 3 4 
1 8 10 6 5 2 9 7 4 
1 8 10 6 5 9 2 3 4 
1 8 10 6 5 9 2 7 4 
1 8 10 6 5 9 3 2 4 
1 8 10 6 7 5 2 3 4 
1 8 10 6 7 5 9 2 4 
1 8 10 6 7 5 9 3 4 
1 8 10 6 7 9 2 3 4 
1 8 10 6 7 9 3 2 4 
1 8 10 6 7 9 3 5 4 
1 8 10 6 7 9 5 2 4 
1 8 10 6 9 2 3 5 4 
1 8 10 6 9 2 7 5 4 
1 8 10 6 9 3 2 7 4 
1 8 10 6 9 3 5 2 4 
1 8 10 6 9 5 2 3 4 
1 8 10 6 9 5 2 7 4 
1 8 10 6 9 7 5 2 4 
1 8 10 7 5 2 3 6 4 
1 8 10 7 5 2 9 3 4 
1 8 10 7 5 2 9 6 4 
1 8 10 7 5 6 2 3 4 
1 8 10 7 5 6 3 2 4 
1 8 10 7 5 6 9 2 4 
1 8 10 7 5 6 9 3 4 
1 8 10 7 5 9 2 3 4 
1 8 10 7 5 9 3 2 4 
1 8 10 7 5 9 3 6 4 
1 8 10 7 5 9 6 2 4 
1 8 10 7 5 9 6 3 4 
1 8 10 7 6 2 3 5 4 
1 8 10 7 6 2 9 3 4 
1 8 10 7 6 2 9 5 4 
1 8 10 7 6 3 5 2 4 
1 8 10 7 6 3 9 2 4 
1 8 10 7 6 3 9 5 4 
1 8 10 7 6 5 2 3 4 
1 8 10 7 6 5 9 2 4 
1 8 10 7 6 5 9 3 4 
1 8 10 7 6 9 2 3 4 
1 8 10 7 6 9 3 2 4 
1 8 10 7 6 9 3 5 4 
1 8 10 7 6 9 5 2 4 
1 8 10 7 9 2 3 5 4 
1 8 10 7 9 2 3 6 4 
1 8 10 7 9 3 5 2 4 
1 8 10 7 9 3 5 6 4 
1 8 10 7 9 3 6 2 4 
1 8 10 7 9 3 6 5 4 
1 8 10 7 9 5 2 3 4 
1 8 10 7 9 5 6 2 4 
1 8 10 7 9 5 6 3 4 
1 8 10 7 9 6 2 3 4 
1 8 10 7 9 6 3 2 4 
1 8 10 7 9 6 3 5 4 
1 8 10 7 9 6 5 2 4 
1 9 2 3 5 6 7 8 4 
1 9 2 3 5 6 8 7 4 
1 9 2 3 5 6 8 10 4 
1 9 2 3 5 6 10 7 4 
1 9 2 3 5 6 10 8 4 
1 9 2 3 5 8 6 7 4 
1 9 2 3 5 8 6 10 4 
1 9 2 3 5 8 7 6 4 
1 9 2 3 5 8 10 6 4 
1 9 2 3 5 8 10 7 4 
1 9 2 3 5 10 6 7 4 
1 9 2 3 5 10 6 8 4 
1 9 2 3 5 10 7 6 4 
1 9 2 3 5 10 7 8 4 
1 9 2 3 5 10 8 6 4 
1 9 2 3 5 10 8 7 4 
1 9 2 3 6 5 8 7 4 
1 9 2 3 6 5 8 10 4 
1 9 2 3 6 5 10 7 4 
1 9 2 3 6 5 10 8 4 
1 9 2 3 6 7 5 8 4 
1 9 2 3 6 7 5 10 4 
1 9 2 3 6 7 8 10 4 
1 9 2 3 6 8 7 5 4 
1 9 2 3 6 8 10 5 4 
1 9 2 3 6 8 10 7 4 
1 9 2 3 6 10 5 8 4 
1 9 2 3 6 10 7 5 4 
1 9 2 3 6 10 7 8 4 
1 9 2 3 6 10 8 7 4 
1 9 2 7 5 6 8 3 4 
1 9 2 7 5 6 8 10 4 
1 9 2 7 5 6 10 3 4 
1 9 2 7 5 6 10 8 4 
1 9 2 7 5 8 3 6 4 
1 9 2 7 5 8 6 3 4 
1 9 2 7 5 8 6 10 4 
1 9 2 7 5 8 10 3 4 
1 9 2 7 5 8 10 6 4 
1 9 2 7 5 10 3 6 4 
1 9 2 7 5 10 6 3 4 
1 9 2 7 5 10 6 8 4 
1 9 2 7 5 10 8 3 4 
1 9 2 7 5 10 8 6 4 
1 9 2 7 6 3 5 8 4 
1 9 2 7 6 3 5 10 4 
1 9 2 7 6 5 8 3 4 
1 9 2 7 6 5 8 10 4 
1 9 2 7 6 5 10 3 4 
1 9 2 7 6 5 10 8 4 
1 9 2 7 6 8 3 5 4 
1 9 2 7 6 8 10 3 4 
1 9 2 7 6 8 10 5 4 
1 9 2 7 6 10 3 5 4 
1 9 2 7 6 10 5 8 4 
1 9 2 7 6 10 8 3 4 
1 9 2 7 8 3 5 6 4 
1 9 2 7 8 3 5 10 4 
1 9 2 7 8 3 6 5 4 
1 9 2 7 8 3 6 10 4 
1 9 2 7 8 6 3 5 4 
1 9 2 7 8 6 5 10 4 
1 9 2 7 8 6 10 3 4 
1 9 2 7 8 6 10 5 4 
1 9 2 7 8 10 3 5 4 
1 9 2 7 8 10 3 6 4 
1 9 2 7 8 10 5 6 4 
1 9 2 7 8 10 6 3 4 
1 9 2 7 8 10 6 5 4 
1 9 2 8 3 5 6 7 4 
1 9 2 8 3 5 6 10 4 
1 9 2 8 3 5 10 6 4 
1 9 2 8 3 5 10 7 4 
1 9 2 8 3 6 5 10 4 
1 9 2 8 3 6 7 5 4 
1 9 2 8 3 6 10 5 4 
1 9 2 8 3 6 10 7 4 
1 9 2 8 6 3 5 10 4 
1 9 2 8 6 5 10 3 4 
1 9 2 8 6 5 10 7 4 
1 9 2 8 6 7 5 10 4 
1 9 2 8 6 10 3 5 4 
1 9 2 8 6 10 7 5 4 
1 9 2 8 7 5 6 3 4 
1 9 2 8 7 5 6 10 4 
1 9 2 8 7 5 10 3 4 
1 9 2 8 7 5 10 6 4 
1 9 2 8 7 6 3 5 4 
1 9 2 8 7 6 5 10 4 
1 9 2 8 7 6 10 3 4 
1 9 2 8 7 6 10 5 4 
1 9 2 8 10 3 5 6 4 
1 9 2 8 10 3 6 5 4 
1 9 2 8 10 3 6 7 4 
1 9 2 8 10 5 6 3 4 
1 9 2 8 10 5 6 7 4 
1 9 2 8 10 6 3 5 4 
1 9 2 8 10 6 7 5 4 
1 9 2 8 10 7 5 6 4 
1 9 2 8 10 7 6 3 4 
1 9 2 8 10 7 6 5 4 
1 9 3 2 7 5 6 8 4 
1 9 3 2 7 5 6 10 4 
1 9 3 2 7 5 8 6 4 
1 9 3 2 7 5 8 10 4 
1 9 3 2 7 5 10 6 4 
1 9 3 2 7 5 10 8 4 
1 9 3 2 7 6 5 8 4 
1 9 3 2 7 6 5 10 4 
1 9 3 2 7 6 8 10 4 
1 9 3 2 7 6 10 5 4 
1 9 3 2 7 6 10 8 4 
1 9 3 2 7 8 6 5 4 
1 9 3 2 7 8 6 10 4 
1 9 3 2 7 8 10 5 4 
1 9 3 2 7 8 10 6 4 
1 9 3 2 8 6 5 10 4 
1 9 3 2 8 6 7 5 4 
1 9 3 2 8 6 10 5 4 
1 9 3 2 8 6 10 7 4 
1 9 3 2 8 7 5 6 4 
1 9 3 2 8 7 5 10 4 
1 9 3 2 8 7 6 5 4 
1 9 3 2 8 7 6 10 4 
1 9 3 2 8 10 5 6 4 
1 9 3 2 8 10 6 5 4 
1 9 3 2 8 10 6 7 4 
1 9 3 2 8 10 7 5 4 
1 9 3 2 8 10 7 6 4 
1 9 3 5 2 7 6 8 4 
1 9 3 5 2 7 6 10 4 
1 9 3 5 2 7 8 6 4 
1 9 3 5 2 7 8 10 4 
1 9 3 5 2 8 6 7 4 
1 9 3 5 2 8 6 10 4 
1 9 3 5 2 8 7 6 4 
1 9 3 5 2 8 10 6 4 
1 9 3 5 2 8 10 7 4 
1 9 3 5 6 2 7 8 4 
1 9 3 5 6 2 8 7 4 
1 9 3 5 6 2 8 10 4 
1 9 3 5 6 7 8 2 4 
1 9 3 5 6 7 8 10 4 
1 9 3 5 6 8 2 7 4 
1 9 3 5 6 8 10 7 4 
1 9 3 5 6 10 7 8 4 
1 9 3 5 6 10 8 2 4 
1 9 3 5 6 10 8 7 4 
1 9 3 5 8 2 7 6 4 
1 9 3 5 8 6 2 7 4 
1 9 3 5 8 6 10 7 4 
1 9 3 5 8 7 6 2 4 
1 9 3 5 8 7 6 10 4 
1 9 3 5 8 10 6 2 4 
1 9 3 5 8 10 6 7 4 
1 9 3 5 8 10 7 6 4 
1 9 3 5 10 6 2 7 4 
1 9 3 5 10 6 2 8 4 
1 9 3 5 10 6 7 8 4 
1 9 3 5 10 6 8 2 4 
1 9 3 5 10 6 8 7 4 
1 9 3 5 10 7 6 2 4 
1 9 3 5 10 7 6 8 4 
1 9 3 5 10 7 8 2 4 
1 9 3 5 10 7 8 6 4 
1 9 3 5 10 8 2 7 4 
1 9 3 5 10 8 6 2 4 
1 9 3 5 10 8 6 7 4 
1 9 3 5 10 8 7 6 4 
1 9 3 6 2 7 5 8 4 
1 9 3 6 2 7 5 10 4 
1 9 3 6 2 7 8 10 4 
1 9 3 6 2 8 7 5 4 
1 9 3 6 2 8 10 5 4 
1 9 3 6 2 8 10 7 4 
1 9 3 6 5 2 7 8 4 
1 9 3 6 5 2 8 7 4 
1 9 3 6 5 2 8 10 4 
1 9 3 6 5 8 2 7 4 
1 9 3 6 5 8 10 7 4 
1 9 3 6 5 10 7 8 4 
1 9 3 6 5 10 8 2 4 
1 9 3 6 5 10 8 7 4 
1 9 3 6 7 5 2 8 4 
1 9 3 6 7 5 8 2 4 
1 9 3 6 7 5 8 10 4 
1 9 3 6 7 5 10 8 4 
1 9 3 6 7 8 10 5 4 
1 9 3 6 8 2 7 5 4 
1 9 3 6 8 7 5 2 4 
1 9 3 6 8 7 5 10 4 
1 9 3 6 8 10 5 2 4 
1 9 3 6 8 10 7 5 4 
1 9 3 6 10 5 2 7 4 
1 9 3 6 10 5 2 8 4 
1 9 3 6 10 5 8 2 4 
1 9 3 6 10 5 8 7 4 
1 9 3 6 10 7 5 2 4 
1 9 3 6 10 7 5 8 4 
1 9 3 6 10 7 8 2 4 
1 9 3 6 10 8 2 7 4 
1 9 3 6 10 8 7 5 4 
1 9 5 2 3 6 7 8 4 
1 9 5 2 3 6 8 7 4 
1 9 5 2 3 6 8 10 4 
1 9 5 2 3 6 10 7 4 
1 9 5 2 3 6 10 8 4 
1 9 5 2 7 6 8 3 4 
1 9 5 2 7 6 8 10 4 
1 9 5 2 7 6 10 3 4 
1 9 5 2 7 6 10 8 4 
1 9 5 2 7 8 3 6 4 
1 9 5 2 7 8 6 3 4 
1 9 5 2 7 8 6 10 4 
1 9 5 2 7 8 10 3 4 
1 9 5 2 7 8 10 6 4 
1 9 5 2 8 3 6 7 4 
1 9 5 2 8 3 6 10 4 
1 9 5 2 8 6 10 3 4 
1 9 5 2 8 6 10 7 4 
1 9 5 2 8 7 6 3 4 
1 9 5 2 8 7 6 10 4 
1 9 5 2 8 10 3 6 4 
1 9 5 2 8 10 6 3 4 
1 9 5 2 8 10 6 7 4 
1 9 5 2 8 10 7 6 4 
1 9 5 6 2 7 8 3 4 
1 9 5 6 2 7 8 10 4 
1 9 5 6 2 8 10 3 4 
1 9 5 6 2 8 10 7 4 
1 9 5 6 3 2 7 8 4 
1 9 5 6 3 2 8 7 4 
1 9 5 6 3 2 8 10 4 
1 9 5 6 7 8 2 3 4 
1 9 5 6 7 8 3 2 4 
1 9 5 6 7 8 10 3 4 
1 9 5 6 8 3 2 7 4 
1 9 5 6 8 10 3 2 4 
1 9 5 6 10 3 2 7 4 
1 9 5 6 10 3 2 8 4 
1 9 5 6 10 7 8 2 4 
1 9 5 6 10 7 8 3 4 
1 9 5 6 10 8 2 3 4 
1 9 5 6 10 8 2 7 4 
1 9 5 6 10 8 3 2 4 
1 9 5 8 2 3 6 7 4 
1 9 5 8 2 3 6 10 4 
1 9 5 8 2 7 6 3 4 
1 9 5 8 2 7 6 10 4 
1 9 5 8 3 2 7 6 4 
1 9 5 8 3 6 2 7 4 
1 9 5 8 3 6 10 7 4 
1 9 5 8 6 3 2 7 4 
1 9 5 8 6 10 3 2 4 
1 9 5 8 7 6 2 3 4 
1 9 5 8 7 6 3 2 4 
1 9 5 8 7 6 10 3 4 
1 9 5 8 10 3 2 7 4 
1 9 5 8 10 3 6 2 4 
1 9 5 8 10 3 6 7 4 
1 9 5 8 10 6 2 3 4 
1 9 5 8 10 6 2 7 4 
1 9 5 8 10 6 3 2 4 
1 9 5 8 10 7 6 2 4 
1 9 5 8 10 7 6 3 4 
1 9 5 10 3 2 7 6 4 
1 9 5 10 3 2 7 8 4 
1 9 5 10 3 2 8 6 4 
1 9 5 10 3 2 8 7 4 
1 9 5 10 3 6 2 7 4 
1 9 5 10 3 6 2 8 4 
1 9 5 10 3 6 7 8 4 
1 9 5 10 3 6 8 2 4 
1 9 5 10 3 6 8 7 4 
1 9 5 10 6 2 7 8 4 
1 9 5 10 6 2 8 3 4 
1 9 5 10 6 2 8 7 4 
1 9 5 10 6 3 2 7 4 
1 9 5 10 6 3 2 8 4 
1 9 5 10 6 7 8 2 4 
1 9 5 10 6 7 8 3 4 
1 9 5 10 6 8 2 3 4 
1 9 5 10 6 8 2 7 4 
1 9 5 10 6 8 3 2 4 
1 9 5 10 7 6 2 3 4 
1 9 5 10 7 6 2 8 4 
1 9 5 10 7 6 3 2 4 
1 9 5 10 7 6 8 2 4 
1 9 5 10 7 6 8 3 4 
1 9 5 10 7 8 2 3 4 
1 9 5 10 7 8 3 2 4 
1 9 5 10 7 8 3 6 4 
1 9 5 10 7 8 6 2 4 
1 9 5 10 7 8 6 3 4 
1 9 5 10 8 2 3 6 4 
1 9 5 10 8 2 7 6 4 
1 9 5 10 8 3 2 7 4 
1 9 5 10 8 3 6 2 4 
1 9 5 10 8 3 6 7 4 
1 9 5 10 8 6 2 3 4 
1 9 5 10 8 6 2 7 4 
1 9 5 10 8 6 3 2 4 
1 9 5 10 8 7 6 2 4 
1 9 5 10 8 7 6 3 4 
1 9 6 2 3 5 8 7 4 
1 9 6 2 3 5 8 10 4 
1 9 6 2 3 5 10 7 4 
1 9 6 2 3 5 10 8 4 
1 9 6 2 7 5 8 3 4 
1 9 6 2 7 5 8 10 4 
1 9 6 2 7 5 10 3 4 
1 9 6 2 7 5 10 8 4 
1 9 6 2 7 8 3 5 4 
1 9 6 2 7 8 10 3 4 
1 9 6 2 7 8 10 5 4 
1 9 6 2 8 3 5 10 4 
1 9 6 2 8 7 5 10 4 
1 9 6 2 8 10 3 5 4 
1 9 6 2 8 10 7 5 4 
1 9 6 3 2 7 5 8 4 
1 9 6 3 2 7 5 10 4 
1 9 6 3 2 7 8 10 4 
1 9 6 3 2 8 7 5 4 
1 9 6 3 2 8 10 5 4 
1 9 6 3 2 8 10 7 4 
1 9 6 3 5 2 7 8 4 
1 9 6 3 5 2 8 7 4 
1 9 6 3 5 2 8 10 4 
1 9 6 3 5 8 2 7 4 
1 9 6 3 5 8 10 7 4 
1 9 6 3 5 10 7 8 4 
1 9 6 3 5 10 8 2 4 
1 9 6 3 5 10 8 7 4 
1 9 6 5 2 7 8 3 4 
1 9 6 5 2 7 8 10 4 
1 9 6 5 2 8 10 3 4 
1 9 6 5 2 8 10 7 4 
1 9 6 5 8 3 2 7 4 
1 9 6 5 8 10 3 2 4 
1 9 6 5 10 3 2 7 4 
1 9 6 5 10 3 2 8 4 
1 9 6 5 10 7 8 2 4 
1 9 6 5 10 7 8 3 4 
1 9 6 5 10 8 2 3 4 
1 9 6 5 10 8 2 7 4 
1 9 6 5 10 8 3 2 4 
1 9 6 7 5 2 8 3 4 
1 9 6 7 5 2 8 10 4 
1 9 6 7 5 8 2 3 4 
1 9 6 7 5 8 3 2 4 
1 9 6 7 5 8 10 3 4 
1 9 6 7 5 10 3 2 4 
1 9 6 7 5 10 8 2 4 
1 9 6 7 5 10 8 3 4 
1 9 6 7 8 2 3 5 4 
1 9 6 7 8 3 5 2 4 
1 9 6 7 8 3 5 10 4 
1 9 6 7 8 10 3 2 4 
1 9 6 7 8 10 3 5 4 
1 9 6 7 8 10 5 2 4 
1 9 6 8 2 3 5 10 4 
1 9 6 8 2 7 5 10 4 
1 9 6 8 3 2 7 5 4 
1 9 6 8 3 5 2 7 4 
1 9 6 8 3 5 10 7 4 
1 9 6 8 7 5 2 3 4 
1 9 6 8 7 5 10 3 4 
1 9 6 8 10 3 2 7 4 
1 9 6 8 10 3 5 2 4 
1 9 6 8 10 5 2 3 4 
1 9 6 8 10 5 2 7 4 
1 9 6 8 10 7 5 2 4 
1 9 6 10 3 2 7 5 4 
1 9 6 10 3 2 7 8 4 
1 9 6 10 3 2 8 7 4 
1 9 6 10 3 5 2 7 4 
1 9 6 10 3 5 2 8 4 
1 9 6 10 3 5 8 2 4 
1 9 6 10 3 5 8 7 4 
1 9 6 10 5 2 7 8 4 
1 9 6 10 5 2 8 3 4 
1 9 6 10 5 2 8 7 4 
1 9 6 10 5 8 2 3 4 
1 9 6 10 5 8 2 7 4 
1 9 6 10 5 8 3 2 4 
1 9 6 10 7 5 2 3 4 
1 9 6 10 7 5 2 8 4 
1 9 6 10 7 5 8 2 4 
1 9 6 10 7 5 8 3 4 
1 9 6 10 7 8 2 3 4 
1 9 6 10 7 8 3 2 4 
1 9 6 10 7 8 3 5 4 
1 9 6 10 8 2 3 5 4 
1 9 6 10 8 2 7 5 4 
1 9 6 10 8 3 2 7 4 
1 9 6 10 8 3 5 2 4 
1 9 6 10 8 7 5 2 4 
1 9 7 5 2 3 6 8 4 
1 9 7 5 2 3 6 10 4 
1 9 7 5 2 8 3 6 4 
1 9 7 5 2 8 6 3 4 
1 9 7 5 2 8 6 10 4 
1 9 7 5 2 8 10 3 4 
1 9 7 5 2 8 10 6 4 
1 9 7 5 6 2 8 3 4 
1 9 7 5 6 2 8 10 4 
1 9 7 5 6 3 2 8 4 
1 9 7 5 6 8 2 3 4 
1 9 7 5 6 8 3 2 4 
1 9 7 5 6 8 10 3 4 
1 9 7 5 6 10 3 2 4 
1 9 7 5 6 10 8 2 4 
1 9 7 5 6 10 8 3 4 
1 9 7 5 8 2 3 6 4 
1 9 7 5 8 3 6 2 4 
1 9 7 5 8 3 6 10 4 
1 9 7 5 8 6 2 3 4 
1 9 7 5 8 6 3 2 4 
1 9 7 5 8 6 10 3 4 
1 9 7 5 8 10 3 2 4 
1 9 7 5 8 10 3 6 4 
1 9 7 5 8 10 6 2 4 
1 9 7 5 8 10 6 3 4 
1 9 7 5 10 3 2 8 4 
1 9 7 5 10 3 6 2 4 
1 9 7 5 10 3 6 8 4 
1 9 7 5 10 6 2 3 4 
1 9 7 5 10 6 2 8 4 
1 9 7 5 10 6 3 2 4 
1 9 7 5 10 6 8 2 4 
1 9 7 5 10 6 8 3 4 
1 9 7 5 10 8 2 3 4 
1 9 7 5 10 8 3 2 4 
1 9 7 5 10 8 3 6 4 
1 9 7 5 10 8 6 2 4 
1 9 7 5 10 8 6 3 4 
1 9 7 6 2 3 5 8 4 
1 9 7 6 2 3 5 10 4 
1 9 7 6 2 8 3 5 4 
1 9 7 6 2 8 10 3 4 
1 9 7 6 2 8 10 5 4 
1 9 7 6 3 2 8 10 4 
1 9 7 6 3 5 2 8 4 
1 9 7 6 3 5 8 2 4 
1 9 7 6 3 5 8 10 4 
1 9 7 6 3 5 10 8 4 
1 9 7 6 5 2 8 3 4 
1 9 7 6 5 2 8 10 4 
1 9 7 6 5 8 2 3 4 
1 9 7 6 5 8 3 2 4 
1 9 7 6 5 8 10 3 4 
1 9 7 6 5 10 3 2 4 
1 9 7 6 5 10 8 2 4 
1 9 7 6 5 10 8 3 4 
1 9 7 6 8 2 3 5 4 
1 9 7 6 8 3 5 2 4 
1 9 7 6 8 3 5 10 4 
1 9 7 6 8 10 3 2 4 
1 9 7 6 8 10 3 5 4 
1 9 7 6 8 10 5 2 4 
1 9 7 6 10 3 2 8 4 
1 9 7 6 10 3 5 2 4 
1 9 7 6 10 3 5 8 4 
1 9 7 6 10 5 2 3 4 
1 9 7 6 10 5 2 8 4 
1 9 7 6 10 5 8 2 4 
1 9 7 6 10 5 8 3 4 
1 9 7 6 10 8 2 3 4 
1 9 7 6 10 8 3 2 4 
1 9 7 6 10 8 3 5 4 
1 9 7 8 2 3 5 6 4 
1 9 7 8 2 3 5 10 4 
1 9 7 8 2 3 6 5 4 
1 9 7 8 2 3 6 10 4 
1 9 7 8 3 5 6 2 4 
1 9 7 8 3 5 6 10 4 
1 9 7 8 3 5 10 6 4 
1 9 7 8 3 6 5 2 4 
1 9 7 8 3 6 5 10 4 
1 9 7 8 3 6 10 5 4 
1 9 7 8 6 2 3 5 4 
1 9 7 8 6 3 5 2 4 
1 9 7 8 6 3 5 10 4 
1 9 7 8 6 5 2 3 4 
1 9 7 8 6 5 10 3 4 
1 9 7 8 6 10 3 2 4 
1 9 7 8 6 10 3 5 4 
1 9 7 8 6 10 5 2 4 
1 9 7 8 10 3 5 2 4 
1 9 7 8 10 3 5 6 4 
1 9 7 8 10 3 6 2 4 
1 9 7 8 10 3 6 5 4 
1 9 7 8 10 5 2 3 4 
1 9 7 8 10 5 6 2 4 
1 9 7 8 10 5 6 3 4 
1 9 7 8 10 6 2 3 4 
1 9 7 8 10 6 3 2 4 
1 9 7 8 10 6 3 5 4 
1 9 7 8 10 6 5 2 4 
1 9 10 3 2 7 5 6 4 
1 9 10 3 2 7 5 8 4 
1 9 10 3 2 7 6 5 4 
1 9 10 3 2 7 6 8 4 
1 9 10 3 2 7 8 6 4 
1 9 10 3 2 8 6 5 4 
1 9 10 3 2 8 6 7 4 
1 9 10 3 2 8 7 5 4 
1 9 10 3 2 8 7 6 4 
1 9 10 3 5 2 7 6 4 
1 9 10 3 5 2 7 8 4 
1 9 10 3 5 2 8 6 4 
1 9 10 3 5 2 8 7 4 
1 9 10 3 5 6 2 7 4 
1 9 10 3 5 6 2 8 4 
1 9 10 3 5 6 7 8 4 
1 9 10 3 5 6 8 2 4 
1 9 10 3 5 6 8 7 4 
1 9 10 3 5 8 2 7 4 
1 9 10 3 5 8 6 2 4 
1 9 10 3 5 8 6 7 4 
1 9 10 3 5 8 7 6 4 
1 9 10 3 6 2 7 5 4 
1 9 10 3 6 2 7 8 4 
1 9 10 3 6 2 8 7 4 
1 9 10 3 6 5 2 7 4 
1 9 10 3 6 5 2 8 4 
1 9 10 3 6 5 8 2 4 
1 9 10 3 6 5 8 7 4 
1 9 10 3 6 7 5 2 4 
1 9 10 3 6 7 5 8 4 
1 9 10 3 6 7 8 2 4 
1 9 10 3 6 8 2 7 4 
1 9 10 3 6 8 7 5 4 
1 9 10 5 2 3 6 7 4 
1 9 10 5 2 3 6 8 4 
1 9 10 5 2 7 6 3 4 
1 9 10 5 2 7 6 8 4 
1 9 10 5 2 7 8 3 4 
1 9 10 5 2 7 8 6 4 
1 9 10 5 2 8 3 6 4 
1 9 10 5 2 8 6 3 4 
1 9 10 5 2 8 6 7 4 
1 9 10 5 2 8 7 6 4 
1 9 10 5 6 2 7 8 4 
1 9 10 5 6 2 8 3 4 
1 9 10 5 6 2 8 7 4 
1 9 10 5 6 3 2 7 4 
1 9 10 5 6 3 2 8 4 
1 9 10 5 6 7 8 2 4 
1 9 10 5 6 7 8 3 4 
1 9 10 5 6 8 2 3 4 
1 9 10 5 6 8 2 7 4 
1 9 10 5 6 8 3 2 4 
1 9 10 5 8 2 3 6 4 
1 9 10 5 8 2 7 6 4 
1 9 10 5 8 3 2 7 4 
1 9 10 5 8 3 6 2 4 
1 9 10 5 8 3 6 7 4 
1 9 10 5 8 6 2 3 4 
1 9 10 5 8 6 2 7 4 
1 9 10 5 8 6 3 2 4 
1 9 10 5 8 7 6 2 4 
1 9 10 5 8 7 6 3 4 
1 9 10 6 2 3 5 8 4 
1 9 10 6 2 7 5 8 4 
1 9 10 6 2 7 8 3 4 
1 9 10 6 2 8 3 5 4 
1 9 10 6 2 8 7 5 4 
1 9 10 6 3 2 7 5 4 
1 9 10 6 3 2 7 8 4 
1 9 10 6 3 2 8 7 4 
1 9 10 6 3 5 2 7 4 
1 9 10 6 3 5 2 8 4 
1 9 10 6 3 5 8 2 4 
1 9 10 6 3 5 8 7 4 
1 9 10 6 5 2 7 8 4 
1 9 10 6 5 2 8 3 4 
1 9 10 6 5 2 8 7 4 
1 9 10 6 5 8 2 3 4 
1 9 10 6 5 8 2 7 4 
1 9 10 6 5 8 3 2 4 
1 9 10 6 7 5 2 3 4 
1 9 10 6 7 5 2 8 4 
1 9 10 6 7 5 8 2 4 
1 9 10 6 7 5 8 3 4 
1 9 10 6 7 8 2 3 4 
1 9 10 6 7 8 3 2 4 
1 9 10 6 7 8 3 5 4 
1 9 10 6 8 2 3 5 4 
1 9 10 6 8 2 7 5 4 
1 9 10 6 8 3 2 7 4 
1 9 10 6 8 3 5 2 4 
1 9 10 6 8 7 5 2 4 
1 9 10 7 5 2 3 6 4 
1 9 10 7 5 2 8 3 4 
1 9 10 7 5 2 8 6 4 
1 9 10 7 5 6 2 3 4 
1 9 10 7 5 6 2 8 4 
1 9 10 7 5 6 3 2 4 
1 9 10 7 5 6 8 2 4 
1 9 10 7 5 6 8 3 4 
1 9 10 7 5 8 2 3 4 
1 9 10 7 5 8 3 2 4 
1 9 10 7 5 8 3 6 4 
1 9 10 7 5 8 6 2 4 
1 9 10 7 5 8 6 3 4 
1 9 10 7 6 2 3 5 4 
1 9 10 7 6 2 8 3 4 
1 9 10 7 6 3 2 8 4 
1 9 10 7 6 3 5 2 4 
1 9 10 7 6 3 5 8 4 
1 9 10 7 6 5 2 3 4 
1 9 10 7 6 5 2 8 4 
1 9 10 7 6 5 8 2 4 
1 9 10 7 6 5 8 3 4 
1 9 10 7 6 8 2 3 4 
1 9 10 7 6 8 3 2 4 
1 9 10 7 6 8 3 5 4 
1 9 10 7 8 2 3 5 4 
1 9 10 7 8 2 3 6 4 
1 9 10 7 8 3 5 2 4 
1 9 10 7 8 3 5 6 4 
1 9 10 7 8 3 6 2 4 
1 9 10 7 8 3 6 5 4 
1 9 10 7 8 6 2 3 4 
1 9 10 7 8 6 3 2 4 
1 9 10 7 8 6 3 5 4 
1 9 10 7 8 6 5 2 4 
1 9 10 8 2 3 5 6 4 
1 9 10 8 2 3 6 5 4 
1 9 10 8 2 3 6 7 4 
1 9 10 8 2 7 5 6 4 
1 9 10 8 2 7 6 3 4 
1 9 10 8 2 7 6 5 4 
1 9 10 8 3 2 7 5 4 
1 9 10 8 3 2 7 6 4 
1 9 10 8 3 5 2 7 4 
1 9 10 8 3 5 6 2 4 
1 9 10 8 3 5 6 7 4 
1 9 10 8 3 6 2 7 4 
1 9 10 8 3 6 5 2 4 
1 9 10 8 3 6 7 5 4 
1 9 10 8 6 2 3 5 4 
1 9 10 8 6 2 7 5 4 
1 9 10 8 6 3 2 7 4 
1 9 10 8 6 3 5 2 4 
1 9 10 8 6 5 2 3 4 
1 9 10 8 6 5 2 7 4 
1 9 10 8 6 7 5 2 4 
1 9 10 8 7 5 2 3 4 
1 9 10 8 7 5 6 2 4 
1 9 10 8 7 5 6 3 4 
1 9 10 8 7 6 2 3 4 
1 9 10 8 7 6 3 2 4 
1 9 10 8 7 6 3 5 4 
1 9 10 8 7 6 5 2 4 
1 10 3 2 7 5 6 8 4 
1 10 3 2 7 5 8 6 4 
1 10 3 2 7 5 9 6 4 
1 10 3 2 7 6 5 8 4 
1 10 3 2 7 6 9 5 4 
1 10 3 2 7 8 6 5 4 
1 10 3 2 7 9 5 6 4 
1 10 3 2 7 9 5 8 4 
1 10 3 2 7 9 6 5 4 
1 10 3 2 7 9 6 8 4 
1 10 3 2 8 6 7 5 4 
1 10 3 2 8 6 9 5 4 
1 10 3 2 8 6 9 7 4 
1 10 3 2 8 7 5 6 4 
1 10 3 2 8 7 6 5 4 
1 10 3 2 8 7 9 5 4 
1 10 3 2 8 7 9 6 4 
1 10 3 2 9 5 6 7 4 
1 10 3 2 9 5 6 8 4 
1 10 3 2 9 5 8 6 4 
1 10 3 2 9 5 8 7 4 
1 10 3 2 9 6 5 8 4 
1 10 3 2 9 6 7 5 4 
1 10 3 2 9 6 7 8 4 
1 10 3 2 9 6 8 7 4 
1 10 3 2 9 7 5 6 4 
1 10 3 2 9 7 5 8 4 
1 10 3 2 9 7 6 5 4 
1 10 3 2 9 7 6 8 4 
1 10 3 2 9 7 8 6 4 
1 10 3 5 2 7 6 8 4 
1 10 3 5 2 7 8 6 4 
1 10 3 5 2 7 9 6 4 
1 10 3 5 2 8 6 7 4 
1 10 3 5 2 8 7 6 4 
1 10 3 5 2 9 6 7 4 
1 10 3 5 2 9 6 8 4 
1 10 3 5 2 9 7 6 4 
1 10 3 5 2 9 7 8 4 
1 10 3 5 6 2 7 8 4 
1 10 3 5 6 2 8 7 4 
1 10 3 5 6 2 9 7 4 
1 10 3 5 6 7 8 2 4 
1 10 3 5 6 7 9 2 4 
1 10 3 5 6 8 2 7 4 
1 10 3 5 6 9 2 7 4 
1 10 3 5 6 9 2 8 4 
1 10 3 5 6 9 7 8 4 
1 10 3 5 8 2 7 6 4 
1 10 3 5 8 2 9 6 4 
1 10 3 5 8 2 9 7 4 
1 10 3 5 8 6 2 7 4 
1 10 3 5 8 6 9 2 4 
1 10 3 5 8 6 9 7 4 
1 10 3 5 8 7 6 2 4 
1 10 3 5 8 7 9 2 4 
1 10 3 5 8 7 9 6 4 
1 10 3 5 9 2 7 6 4 
1 10 3 5 9 2 7 8 4 
1 10 3 5 9 2 8 6 4 
1 10 3 5 9 2 8 7 4 
1 10 3 5 9 6 2 7 4 
1 10 3 5 9 6 2 8 4 
1 10 3 5 9 6 7 8 4 
1 10 3 5 9 6 8 2 4 
1 10 3 5 9 6 8 7 4 
1 10 3 5 9 7 6 2 4 
1 10 3 5 9 7 6 8 4 
1 10 3 5 9 7 8 2 4 
1 10 3 5 9 7 8 6 4 
1 10 3 6 2 7 5 8 4 
1 10 3 6 2 7 9 5 4 
1 10 3 6 2 8 7 5 4 
1 10 3 6 2 9 5 8 4 
1 10 3 6 2 9 7 5 4 
1 10 3 6 2 9 7 8 4 
1 10 3 6 5 2 7 8 4 
1 10 3 6 5 2 8 7 4 
1 10 3 6 5 2 9 7 4 
1 10 3 6 5 8 2 7 4 
1 10 3 6 5 9 2 7 4 
1 10 3 6 5 9 2 8 4 
1 10 3 6 5 9 7 8 4 
1 10 3 6 7 5 2 8 4 
1 10 3 6 7 5 8 2 4 
1 10 3 6 7 5 9 2 4 
1 10 3 6 7 9 2 8 4 
1 10 3 6 7 9 5 2 4 
1 10 3 6 7 9 5 8 4 
1 10 3 6 8 2 7 5 4 
1 10 3 6 8 2 9 5 4 
1 10 3 6 8 2 9 7 4 
1 10 3 6 8 7 5 2 4 
1 10 3 6 8 7 9 2 4 
1 10 3 6 8 7 9 5 4 
1 10 3 6 9 2 7 5 4 
1 10 3 6 9 2 7 8 4 
1 10 3 6 9 2 8 7 4 
1 10 3 6 9 5 2 7 4 
1 10 3 6 9 5 2 8 4 
1 10 3 6 9 5 8 2 4 
1 10 3 6 9 5 8 7 4 
1 10 3 6 9 7 5 2 4 
1 10 3 6 9 7 5 8 4 
1 10 3 6 9 7 8 2 4 
1 10 3 9 2 7 5 6 4 
1 10 3 9 2 7 5 8 4 
1 10 3 9 2 7 6 5 4 
1 10 3 9 2 7 6 8 4 
1 10 3 9 2 7 8 6 4 
1 10 3 9 2 8 6 5 4 
1 10 3 9 2 8 6 7 4 
1 10 3 9 2 8 7 5 4 
1 10 3 9 2 8 7 6 4 
1 10 3 9 5 2 7 6 4 
1 10 3 9 5 2 7 8 4 
1 10 3 9 5 2 8 6 4 
1 10 3 9 5 2 8 7 4 
1 10 3 9 5 6 2 7 4 
1 10 3 9 5 6 2 8 4 
1 10 3 9 5 6 7 8 4 
1 10 3 9 5 6 8 2 4 
1 10 3 9 5 6 8 7 4 
1 10 3 9 5 8 2 7 4 
1 10 3 9 5 8 6 2 4 
1 10 3 9 5 8 6 7 4 
1 10 3 9 5 8 7 6 4 
1 10 3 9 6 2 7 5 4 
1 10 3 9 6 2 7 8 4 
1 10 3 9 6 2 8 7 4 
1 10 3 9 6 5 2 7 4 
1 10 3 9 6 5 2 8 4 
1 10 3 9 6 5 8 2 4 
1 10 3 9 6 5 8 7 4 
1 10 3 9 6 7 5 2 4 
1 10 3 9 6 7 5 8 4 
1 10 3 9 6 7 8 2 4 
1 10 3 9 6 8 2 7 4 
1 10 3 9 6 8 7 5 4 
1 10 3 9 7 5 2 8 4 
1 10 3 9 7 5 6 2 4 
1 10 3 9 7 5 6 8 4 
1 10 3 9 7 5 8 2 4 
1 10 3 9 7 5 8 6 4 
1 10 3 9 7 6 2 8 4 
1 10 3 9 7 6 5 2 4 
1 10 3 9 7 6 5 8 4 
1 10 3 9 7 6 8 2 4 
1 10 3 9 7 8 6 2 4 
1 10 3 9 7 8 6 5 4 
1 10 5 2 3 6 7 8 4 
1 10 5 2 3 6 8 7 4 
1 10 5 2 3 6 9 7 4 
1 10 5 2 3 9 6 7 4 
1 10 5 2 3 9 6 8 4 
1 10 5 2 3 9 7 6 4 
1 10 5 2 3 9 7 8 4 
1 10 5 2 7 6 8 3 4 
1 10 5 2 7 6 9 3 4 
1 10 5 2 7 8 3 6 4 
1 10 5 2 7 8 6 3 4 
1 10 5 2 7 9 3 6 4 
1 10 5 2 7 9 6 3 4 
1 10 5 2 7 9 6 8 4 
1 10 5 2 8 3 6 7 4 
1 10 5 2 8 3 9 6 4 
1 10 5 2 8 3 9 7 4 
1 10 5 2 8 6 9 3 4 
1 10 5 2 8 6 9 7 4 
1 10 5 2 8 7 6 3 4 
1 10 5 2 8 7 9 3 4 
1 10 5 2 8 7 9 6 4 
1 10 5 2 9 3 6 7 4 
1 10 5 2 9 3 6 8 4 
1 10 5 2 9 6 7 8 4 
1 10 5 2 9 6 8 3 4 
1 10 5 2 9 6 8 7 4 
1 10 5 2 9 7 6 3 4 
1 10 5 2 9 7 6 8 4 
1 10 5 2 9 7 8 3 4 
1 10 5 2 9 7 8 6 4 
1 10 5 6 2 3 9 7 4 
1 10 5 6 2 7 8 3 4 
1 10 5 6 2 7 9 3 4 
1 10 5 6 2 9 7 8 4 
1 10 5 6 3 2 7 8 4 
1 10 5 6 3 2 8 7 4 
1 10 5 6 3 2 9 7 4 
1 10 5 6 3 9 2 7 4 
1 10 5 6 3 9 2 8 4 
1 10 5 6 3 9 7 8 4 
1 10 5 6 7 8 2 3 4 
1 10 5 6 7 8 3 2 4 
1 10 5 6 7 9 2 3 4 
1 10 5 6 7 9 2 8 4 
1 10 5 6 7 9 3 2 4 
1 10 5 6 8 2 9 3 4 
1 10 5 6 8 2 9 7 4 
1 10 5 6 8 3 2 7 4 
1 10 5 6 8 3 9 2 4 
1 10 5 6 8 3 9 7 4 
1 10 5 6 8 7 9 2 4 
1 10 5 6 8 7 9 3 4 
1 10 5 6 9 2 7 8 4 
1 10 5 6 9 2 8 3 4 
1 10 5 6 9 2 8 7 4 
1 10 5 6 9 3 2 7 4 
1 10 5 6 9 3 2 8 4 
1 10 5 6 9 7 8 2 4 
1 10 5 6 9 7 8 3 4 
1 10 5 8 2 3 6 7 4 
1 10 5 8 2 3 9 6 4 
1 10 5 8 2 3 9 7 4 
1 10 5 8 2 7 6 3 4 
1 10 5 8 2 7 9 3 4 
1 10 5 8 2 7 9 6 4 
1 10 5 8 2 9 3 6 4 
1 10 5 8 2 9 6 3 4 
1 10 5 8 2 9 6 7 4 
1 10 5 8 2 9 7 6 4 
1 10 5 8 3 2 7 6 4 
1 10 5 8 3 2 9 6 4 
1 10 5 8 3 2 9 7 4 
1 10 5 8 3 6 2 7 4 
1 10 5 8 3 6 9 2 4 
1 10 5 8 3 6 9 7 4 
1 10 5 8 3 9 2 7 4 
1 10 5 8 3 9 6 2 4 
1 10 5 8 3 9 6 7 4 
1 10 5 8 3 9 7 6 4 
1 10 5 8 6 2 9 3 4 
1 10 5 8 6 2 9 7 4 
1 10 5 8 6 3 2 7 4 
1 10 5 8 6 3 9 2 4 
1 10 5 8 6 3 9 7 4 
1 10 5 8 6 7 9 2 4 
1 10 5 8 6 7 9 3 4 
1 10 5 8 6 9 2 3 4 
1 10 5 8 6 9 2 7 4 
1 10 5 8 6 9 3 2 4 
1 10 5 8 7 6 2 3 4 
1 10 5 8 7 6 3 2 4 
1 10 5 8 7 6 9 2 4 
1 10 5 8 7 6 9 3 4 
1 10 5 8 7 9 2 3 4 
1 10 5 8 7 9 3 2 4 
1 10 5 8 7 9 3 6 4 
1 10 5 8 7 9 6 2 4 
1 10 5 8 7 9 6 3 4 
1 10 5 9 2 3 6 7 4 
1 10 5 9 2 3 6 8 4 
1 10 5 9 2 7 6 3 4 
1 10 5 9 2 7 6 8 4 
1 10 5 9 2 7 8 3 4 
1 10 5 9 2 7 8 6 4 
1 10 5 9 2 8 3 6 4 
1 10 5 9 2 8 6 3 4 
1 10 5 9 2 8 6 7 4 
1 10 5 9 2 8 7 6 4 
1 10 5 9 3 2 7 6 4 
1 10 5 9 3 2 7 8 4 
1 10 5 9 3 2 8 6 4 
1 10 5 9 3 2 8 7 4 
1 10 5 9 3 6 2 7 4 
1 10 5 9 3 6 2 8 4 
1 10 5 9 3 6 7 8 4 
1 10 5 9 3 6 8 2 4 
1 10 5 9 3 6 8 7 4 
1 10 5 9 6 2 7 8 4 
1 10 5 9 6 2 8 3 4 
1 10 5 9 6 2 8 7 4 
1 10 5 9 6 3 2 7 4 
1 10 5 9 6 3 2 8 4 
1 10 5 9 6 7 8 2 4 
1 10 5 9 6 7 8 3 4 
1 10 5 9 6 8 2 3 4 
1 10 5 9 6 8 2 7 4 
1 10 5 9 6 8 3 2 4 
1 10 5 9 7 6 2 3 4 
1 10 5 9 7 6 2 8 4 
1 10 5 9 7 6 3 2 4 
1 10 5 9 7 6 8 2 4 
1 10 5 9 7 6 8 3 4 
1 10 5 9 7 8 2 3 4 
1 10 5 9 7 8 3 2 4 
1 10 5 9 7 8 3 6 4 
1 10 5 9 7 8 6 2 4 
1 10 5 9 7 8 6 3 4 
1 10 6 2 3 5 8 7 4 
1 10 6 2 3 5 9 7 4 
1 10 6 2 3 9 5 8 4 
1 10 6 2 3 9 7 5 4 
1 10 6 2 3 9 7 8 4 
1 10 6 2 7 5 8 3 4 
1 10 6 2 7 5 9 3 4 
1 10 6 2 7 8 3 5 4 
1 10 6 2 7 9 3 5 4 
1 10 6 2 7 9 5 8 4 
1 10 6 2 8 3 9 5 4 
1 10 6 2 8 3 9 7 4 
1 10 6 2 8 7 9 3 4 
1 10 6 2 8 7 9 5 4 
1 10 6 2 9 3 5 8 4 
1 10 6 2 9 5 8 3 4 
1 10 6 2 9 5 8 7 4 
1 10 6 2 9 7 5 8 4 
1 10 6 2 9 7 8 3 4 
1 10 6 3 2 7 5 8 4 
1 10 6 3 2 7 9 5 4 
1 10 6 3 2 8 7 5 4 
1 10 6 3 2 9 5 8 4 
1 10 6 3 2 9 7 5 4 
1 10 6 3 2 9 7 8 4 
1 10 6 3 5 2 7 8 4 
1 10 6 3 5 2 8 7 4 
1 10 6 3 5 2 9 7 4 
1 10 6 3 5 8 2 7 4 
1 10 6 3 5 9 2 7 4 
1 10 6 3 5 9 2 8 4 
1 10 6 3 5 9 7 8 4 
1 10 6 3 9 2 7 5 4 
1 10 6 3 9 2 7 8 4 
1 10 6 3 9 2 8 7 4 
1 10 6 3 9 5 2 7 4 
1 10 6 3 9 5 2 8 4 
1 10 6 3 9 5 8 2 4 
1 10 6 3 9 5 8 7 4 
1 10 6 3 9 7 5 2 4 
1 10 6 3 9 7 5 8 4 
1 10 6 3 9 7 8 2 4 
1 10 6 5 2 3 9 7 4 
1 10 6 5 2 7 8 3 4 
1 10 6 5 2 7 9 3 4 
1 10 6 5 2 9 7 8 4 
1 10 6 5 8 2 9 3 4 
1 10 6 5 8 2 9 7 4 
1 10 6 5 8 3 2 7 4 
1 10 6 5 8 3 9 2 4 
1 10 6 5 8 3 9 7 4 
1 10 6 5 8 7 9 2 4 
1 10 6 5 8 7 9 3 4 
1 10 6 5 9 2 7 8 4 
1 10 6 5 9 2 8 3 4 
1 10 6 5 9 2 8 7 4 
1 10 6 5 9 3 2 7 4 
1 10 6 5 9 3 2 8 4 
1 10 6 5 9 7 8 2 4 
1 10 6 5 9 7 8 3 4 
1 10 6 7 5 2 8 3 4 
1 10 6 7 5 2 9 3 4 
1 10 6 7 5 8 2 3 4 
1 10 6 7 5 8 3 2 4 
1 10 6 7 5 9 2 3 4 
1 10 6 7 5 9 2 8 4 
1 10 6 7 5 9 3 2 4 
1 10 6 7 8 2 3 5 4 
1 10 6 7 8 2 9 3 4 
1 10 6 7 8 2 9 5 4 
1 10 6 7 8 3 5 2 4 
1 10 6 7 8 3 9 2 4 
1 10 6 7 8 3 9 5 4 
1 10 6 7 9 2 3 5 4 
1 10 6 7 9 2 8 3 4 
1 10 6 7 9 3 2 8 4 
1 10 6 7 9 3 5 2 4 
1 10 6 7 9 3 5 8 4 
1 10 6 7 9 5 2 3 4 
1 10 6 7 9 5 2 8 4 
1 10 6 7 9 5 8 2 4 
1 10 6 7 9 5 8 3 4 
1 10 6 8 2 3 9 5 4 
1 10 6 8 2 3 9 7 4 
1 10 6 8 2 7 9 3 4 
1 10 6 8 2 7 9 5 4 
1 10 6 8 2 9 3 5 4 
1 10 6 8 2 9 7 5 4 
1 10 6 8 3 2 7 5 4 
1 10 6 8 3 2 9 5 4 
1 10 6 8 3 2 9 7 4 
1 10 6 8 3 5 2 7 4 
1 10 6 8 3 5 9 2 4 
1 10 6 8 3 5 9 7 4 
1 10 6 8 3 9 2 7 4 
1 10 6 8 3 9 5 2 4 
1 10 6 8 3 9 7 5 4 
1 10 6 8 7 5 2 3 4 
1 10 6 8 7 5 9 2 4 
1 10 6 8 7 5 9 3 4 
1 10 6 8 7 9 2 3 4 
1 10 6 8 7 9 3 2 4 
1 10 6 8 7 9 3 5 4 
1 10 6 8 7 9 5 2 4 
1 10 6 9 2 3 5 8 4 
1 10 6 9 2 7 5 8 4 
1 10 6 9 2 7 8 3 4 
1 10 6 9 2 8 3 5 4 
1 10 6 9 2 8 7 5 4 
1 10 6 9 3 2 7 5 4 
1 10 6 9 3 2 7 8 4 
1 10 6 9 3 2 8 7 4 
1 10 6 9 3 5 2 7 4 
1 10 6 9 3 5 2 8 4 
1 10 6 9 3 5 8 2 4 
1 10 6 9 3 5 8 7 4 
1 10 6 9 5 2 7 8 4 
1 10 6 9 5 2 8 3 4 
1 10 6 9 5 2 8 7 4 
1 10 6 9 5 8 2 3 4 
1 10 6 9 5 8 2 7 4 
1 10 6 9 5 8 3 2 4 
1 10 6 9 7 5 2 3 4 
1 10 6 9 7 5 2 8 4 
1 10 6 9 7 5 8 2 4 
1 10 6 9 7 5 8 3 4 
1 10 6 9 7 8 2 3 4 
1 10 6 9 7 8 3 2 4 
1 10 6 9 7 8 3 5 4 
1 10 7 5 2 3 6 8 4 
1 10 7 5 2 3 9 6 4 
1 10 7 5 2 8 3 6 4 
1 10 7 5 2 8 6 3 4 
1 10 7 5 2 9 3 6 4 
1 10 7 5 2 9 6 3 4 
1 10 7 5 2 9 6 8 4 
1 10 7 5 6 2 8 3 4 
1 10 7 5 6 2 9 3 4 
1 10 7 5 6 3 2 8 4 
1 10 7 5 6 3 9 2 4 
1 10 7 5 6 8 2 3 4 
1 10 7 5 6 8 3 2 4 
1 10 7 5 6 9 2 3 4 
1 10 7 5 6 9 2 8 4 
1 10 7 5 6 9 3 2 4 
1 10 7 5 8 2 3 6 4 
1 10 7 5 8 2 9 3 4 
1 10 7 5 8 2 9 6 4 
1 10 7 5 8 3 6 2 4 
1 10 7 5 8 3 9 2 4 
1 10 7 5 8 3 9 6 4 
1 10 7 5 8 6 2 3 4 
1 10 7 5 8 6 3 2 4 
1 10 7 5 8 6 9 2 4 
1 10 7 5 8 6 9 3 4 
1 10 7 5 9 2 3 6 4 
1 10 7 5 9 2 8 3 4 
1 10 7 5 9 2 8 6 4 
1 10 7 5 9 3 2 8 4 
1 10 7 5 9 3 6 2 4 
1 10 7 5 9 3 6 8 4 
1 10 7 5 9 6 2 3 4 
1 10 7 5 9 6 2 8 4 
1 10 7 5 9 6 3 2 4 
1 10 7 5 9 6 8 2 4 
1 10 7 5 9 6 8 3 4 
1 10 7 6 2 3 5 8 4 
1 10 7 6 2 3 9 5 4 
1 10 7 6 2 8 3 5 4 
1 10 7 6 2 9 3 5 4 
1 10 7 6 2 9 5 8 4 
1 10 7 6 3 2 9 5 4 
1 10 7 6 3 5 2 8 4 
1 10 7 6 3 5 8 2 4 
1 10 7 6 3 5 9 2 4 
1 10 7 6 3 9 2 8 4 
1 10 7 6 3 9 5 2 4 
1 10 7 6 3 9 5 8 4 
1 10 7 6 5 2 8 3 4 
1 10 7 6 5 2 9 3 4 
1 10 7 6 5 8 2 3 4 
1 10 7 6 5 8 3 2 4 
1 10 7 6 5 9 2 3 4 
1 10 7 6 5 9 2 8 4 
1 10 7 6 5 9 3 2 4 
1 10 7 6 8 2 3 5 4 
1 10 7 6 8 2 9 3 4 
1 10 7 6 8 2 9 5 4 
1 10 7 6 8 3 5 2 4 
1 10 7 6 8 3 9 2 4 
1 10 7 6 8 3 9 5 4 
1 10 7 6 9 2 3 5 4 
1 10 7 6 9 2 8 3 4 
1 10 7 6 9 3 2 8 4 
1 10 7 6 9 3 5 2 4 
1 10 7 6 9 3 5 8 4 
1 10 7 6 9 5 2 3 4 
1 10 7 6 9 5 2 8 4 
1 10 7 6 9 5 8 2 4 
1 10 7 6 9 5 8 3 4 
1 10 7 8 2 3 5 6 4 
1 10 7 8 2 3 6 5 4 
1 10 7 8 2 3 9 5 4 
1 10 7 8 2 3 9 6 4 
1 10 7 8 2 9 3 5 4 
1 10 7 8 2 9 3 6 4 
1 10 7 8 2 9 5 6 4 
1 10 7 8 2 9 6 3 4 
1 10 7 8 2 9 6 5 4 
1 10 7 8 3 2 9 5 4 
1 10 7 8 3 2 9 6 4 
1 10 7 8 3 5 6 2 4 
1 10 7 8 3 5 9 2 4 
1 10 7 8 3 5 9 6 4 
1 10 7 8 3 6 5 2 4 
1 10 7 8 3 6 9 2 4 
1 10 7 8 3 6 9 5 4 
1 10 7 8 3 9 5 2 4 
1 10 7 8 3 9 5 6 4 
1 10 7 8 3 9 6 2 4 
1 10 7 8 3 9 6 5 4 
1 10 7 8 6 2 3 5 4 
1 10 7 8 6 2 9 3 4 
1 10 7 8 6 2 9 5 4 
1 10 7 8 6 3 5 2 4 
1 10 7 8 6 3 9 2 4 
1 10 7 8 6 3 9 5 4 
1 10 7 8 6 5 2 3 4 
1 10 7 8 6 5 9 2 4 
1 10 7 8 6 5 9 3 4 
1 10 7 8 6 9 2 3 4 
1 10 7 8 6 9 3 2 4 
1 10 7 8 6 9 3 5 4 
1 10 7 8 6 9 5 2 4 
1 10 7 9 2 3 5 6 4 
1 10 7 9 2 3 5 8 4 
1 10 7 9 2 3 6 5 4 
1 10 7 9 2 3 6 8 4 
1 10 7 9 2 8 3 5 4 
1 10 7 9 2 8 3 6 4 
1 10 7 9 2 8 6 3 4 
1 10 7 9 2 8 6 5 4 
1 10 7 9 3 2 8 6 4 
1 10 7 9 3 5 2 8 4 
1 10 7 9 3 5 6 2 4 
1 10 7 9 3 5 6 8 4 
1 10 7 9 3 5 8 2 4 
1 10 7 9 3 5 8 6 4 
1 10 7 9 3 6 2 8 4 
1 10 7 9 3 6 5 2 4 
1 10 7 9 3 6 5 8 4 
1 10 7 9 3 6 8 2 4 
1 10 7 9 5 2 3 6 4 
1 10 7 9 5 2 8 3 4 
1 10 7 9 5 2 8 6 4 
1 10 7 9 5 6 2 3 4 
1 10 7 9 5 6 2 8 4 
1 10 7 9 5 6 3 2 4 
1 10 7 9 5 6 8 2 4 
1 10 7 9 5 6 8 3 4 
1 10 7 9 5 8 2 3 4 
1 10 7 9 5 8 3 2 4 
1 10 7 9 5 8 3 6 4 
1 10 7 9 5 8 6 2 4 
1 10 7 9 5 8 6 3 4 
1 10 7 9 6 2 3 5 4 
1 10 7 9 6 2 8 3 4 
1 10 7 9 6 3 2 8 4 
1 10 7 9 6 3 5 2 4 
1 10 7 9 6 3 5 8 4 
1 10 7 9 6 5 2 3 4 
1 10 7 9 6 5 2 8 4 
1 10 7 9 6 5 8 2 4 
1 10 7 9 6 5 8 3 4 
1 10 7 9 6 8 2 3 4 
1 10 7 9 6 8 3 2 4 
1 10 7 9 6 8 3 5 4 
1 10 8 2 3 5 6 7 4 
1 10 8 2 3 5 9 6 4 
1 10 8 2 3 5 9 7 4 
1 10 8 2 3 6 7 5 4 
1 10 8 2 3 6 9 5 4 
1 10 8 2 3 6 9 7 4 
1 10 8 2 3 9 5 6 4 
1 10 8 2 3 9 6 5 4 
1 10 8 2 3 9 6 7 4 
1 10 8 2 3 9 7 5 4 
1 10 8 2 3 9 7 6 4 
1 10 8 2 7 5 6 3 4 
1 10 8 2 7 5 9 3 4 
1 10 8 2 7 5 9 6 4 
1 10 8 2 7 6 3 5 4 
1 10 8 2 7 6 9 3 4 
1 10 8 2 7 6 9 5 4 
1 10 8 2 7 9 3 5 4 
1 10 8 2 7 9 3 6 4 
1 10 8 2 7 9 5 6 4 
1 10 8 2 7 9 6 3 4 
1 10 8 2 7 9 6 5 4 
1 10 8 2 9 3 5 6 4 
1 10 8 2 9 3 6 5 4 
1 10 8 2 9 3 6 7 4 
1 10 8 2 9 5 6 3 4 
1 10 8 2 9 5 6 7 4 
1 10 8 2 9 6 3 5 4 
1 10 8 2 9 6 7 5 4 
1 10 8 2 9 7 5 6 4 
1 10 8 2 9 7 6 3 4 
1 10 8 2 9 7 6 5 4 
1 10 8 3 2 7 5 6 4 
1 10 8 3 2 7 6 5 4 
1 10 8 3 2 7 9 5 4 
1 10 8 3 2 7 9 6 4 
1 10 8 3 2 9 5 6 4 
1 10 8 3 2 9 6 5 4 
1 10 8 3 2 9 6 7 4 
1 10 8 3 2 9 7 5 4 
1 10 8 3 2 9 7 6 4 
1 10 8 3 5 2 7 6 4 
1 10 8 3 5 2 9 6 4 
1 10 8 3 5 2 9 7 4 
1 10 8 3 5 6 2 7 4 
1 10 8 3 5 6 9 2 4 
1 10 8 3 5 6 9 7 4 
1 10 8 3 5 9 2 7 4 
1 10 8 3 5 9 6 2 4 
1 10 8 3 5 9 6 7 4 
1 10 8 3 5 9 7 6 4 
1 10 8 3 6 2 7 5 4 
1 10 8 3 6 2 9 5 4 
1 10 8 3 6 2 9 7 4 
1 10 8 3 6 5 2 7 4 
1 10 8 3 6 5 9 2 4 
1 10 8 3 6 5 9 7 4 
1 10 8 3 6 7 5 2 4 
1 10 8 3 6 7 9 2 4 
1 10 8 3 6 7 9 5 4 
1 10 8 3 6 9 2 7 4 
1 10 8 3 6 9 5 2 4 
1 10 8 3 6 9 7 5 4 
1 10 8 3 9 2 7 5 4 
1 10 8 3 9 2 7 6 4 
1 10 8 3 9 5 2 7 4 
1 10 8 3 9 5 6 2 4 
1 10 8 3 9 5 6 7 4 
1 10 8 3 9 6 2 7 4 
1 10 8 3 9 6 5 2 4 
1 10 8 3 9 6 7 5 4 
1 10 8 3 9 7 5 2 4 
1 10 8 3 9 7 5 6 4 
1 10 8 3 9 7 6 2 4 
1 10 8 3 9 7 6 5 4 
1 10 8 6 2 3 9 5 4 
1 10 8 6 2 3 9 7 4 
1 10 8 6 2 7 9 3 4 
1 10 8 6 2 7 9 5 4 
1 10 8 6 2 9 3 5 4 
1 10 8 6 2 9 7 5 4 
1 10 8 6 3 2 7 5 4 
1 10 8 6 3 2 9 5 4 
1 10 8 6 3 2 9 7 4 
1 10 8 6 3 5 2 7 4 
1 10 8 6 3 5 9 2 4 
1 10 8 6 3 5 9 7 4 
1 10 8 6 3 9 2 7 4 
1 10 8 6 3 9 5 2 4 
1 10 8 6 3 9 7 5 4 
1 10 8 6 5 2 9 3 4 
1 10 8 6 5 2 9 7 4 
1 10 8 6 5 9 2 3 4 
1 10 8 6 5 9 2 7 4 
1 10 8 6 5 9 3 2 4 
1 10 8 6 7 5 2 3 4 
1 10 8 6 7 5 9 2 4 
1 10 8 6 7 5 9 3 4 
1 10 8 6 7 9 2 3 4 
1 10 8 6 7 9 3 2 4 
1 10 8 6 7 9 3 5 4 
1 10 8 6 7 9 5 2 4 
1 10 8 6 9 2 3 5 4 
1 10 8 6 9 2 7 5 4 
1 10 8 6 9 3 2 7 4 
1 10 8 6 9 3 5 2 4 
1 10 8 6 9 5 2 3 4 
1 10 8 6 9 5 2 7 4 
1 10 8 6 9 7 5 2 4 
1 10 8 7 5 2 3 6 4 
1 10 8 7 5 2 9 3 4 
1 10 8 7 5 2 9 6 4 
1 10 8 7 5 6 2 3 4 
1 10 8 7 5 6 3 2 4 
1 10 8 7 5 6 9 2 4 
1 10 8 7 5 6 9 3 4 
1 10 8 7 5 9 2 3 4 
1 10 8 7 5 9 3 2 4 
1 10 8 7 5 9 3 6 4 
1 10 8 7 5 9 6 2 4 
1 10 8 7 5 9 6 3 4 
1 10 8 7 6 2 3 5 4 
1 10 8 7 6 2 9 3 4 
1 10 8 7 6 2 9 5 4 
1 10 8 7 6 3 5 2 4 
1 10 8 7 6 3 9 2 4 
1 10 8 7 6 3 9 5 4 
1 10 8 7 6 5 2 3 4 
1 10 8 7 6 5 9 2 4 
1 10 8 7 6 5 9 3 4 
1 10 8 7 6 9 2 3 4 
1 10 8 7 6 9 3 2 4 
1 10 8 7 6 9 3 5 4 
1 10 8 7 6 9 5 2 4 
1 10 8 7 9 2 3 5 4 
1 10 8 7 9 2 3 6 4 
1 10 8 7 9 3 5 2 4 
1 10 8 7 9 3 5 6 4 
1 10 8 7 9 3 6 2 4 
1 10 8 7 9 3 6 5 4 
1 10 8 7 9 5 2 3 4 
1 10 8 7 9 5 6 2 4 
1 10 8 7 9 5 6 3 4 
1 10 8 7 9 6 2 3 4 
1 10 8 7 9 6 3 2 4 
1 10 8 7 9 6 3 5 4 
1 10 8 7 9 6 5 2 4 
1 2 3 5 6 7 9 10 8 4 
1 2 3 5 6 8 7 9 10 4 
1 2 3 5 6 9 7 8 10 4 
1 2 3 5 6 9 10 7 8 4 
1 2 3 5 6 9 10 8 7 4 
1 2 3 5 8 6 7 9 10 4 
1 2 3 5 8 6 9 10 7 4 
1 2 3 5 8 7 6 9 10 4 
1 2 3 5 8 7 9 6 10 4 
1 2 3 5 8 7 9 10 6 4 
1 2 3 5 8 10 6 9 7 4 
1 2 3 5 8 10 7 9 6 4 
1 2 3 5 9 6 7 8 10 4 
1 2 3 5 9 6 8 10 7 4 
1 2 3 5 9 6 10 7 8 4 
1 2 3 5 9 6 10 8 7 4 
1 2 3 5 9 7 6 8 10 4 
1 2 3 5 9 7 6 10 8 4 
1 2 3 5 9 7 8 6 10 4 
1 2 3 5 9 7 8 10 6 4 
1 2 3 5 9 10 6 7 8 4 
1 2 3 5 9 10 6 8 7 4 
1 2 3 5 9 10 7 6 8 4 
1 2 3 5 9 10 7 8 6 4 
1 2 3 5 9 10 8 6 7 4 
1 2 3 5 9 10 8 7 6 4 
1 2 3 5 10 6 9 7 8 4 
1 2 3 5 10 7 9 6 8 4 
1 2 3 5 10 8 6 9 7 4 
1 2 3 5 10 8 7 9 6 4 
1 2 3 6 5 8 7 9 10 4 
1 2 3 6 5 9 7 8 10 4 
1 2 3 6 5 9 10 7 8 4 
1 2 3 6 5 9 10 8 7 4 
1 2 3 6 7 5 9 10 8 4 
1 2 3 6 7 9 5 8 10 4 
1 2 3 6 7 9 5 10 8 4 
1 2 3 6 7 9 10 5 8 4 
1 2 3 6 8 7 5 9 10 4 
1 2 3 6 8 7 9 5 10 4 
1 2 3 6 8 7 9 10 5 4 
1 2 3 6 8 10 5 9 7 4 
1 2 3 6 8 10 7 9 5 4 
1 2 3 6 9 5 8 10 7 4 
1 2 3 6 9 5 10 7 8 4 
1 2 3 6 9 5 10 8 7 4 
1 2 3 6 9 7 5 8 10 4 
1 2 3 6 9 7 5 10 8 4 
1 2 3 6 9 7 8 10 5 4 
1 2 3 6 9 10 5 8 7 4 
1 2 3 6 9 10 7 5 8 4 
1 2 3 6 9 10 8 7 5 4 
1 2 3 6 10 5 9 7 8 4 
1 2 3 6 10 7 9 5 8 4 
1 2 3 6 10 8 7 9 5 4 
1 2 3 9 5 6 7 8 10 4 
1 2 3 9 5 6 8 10 7 4 
1 2 3 9 5 6 10 7 8 4 
1 2 3 9 5 6 10 8 7 4 
1 2 3 9 5 8 6 10 7 4 
1 2 3 9 5 8 7 6 10 4 
1 2 3 9 5 8 10 6 7 4 
1 2 3 9 5 8 10 7 6 4 
1 2 3 9 5 10 6 7 8 4 
1 2 3 9 5 10 6 8 7 4 
1 2 3 9 5 10 7 6 8 4 
1 2 3 9 5 10 7 8 6 4 
1 2 3 9 5 10 8 6 7 4 
1 2 3 9 5 10 8 7 6 4 
1 2 3 9 6 5 8 10 7 4 
1 2 3 9 6 5 10 7 8 4 
1 2 3 9 6 5 10 8 7 4 
1 2 3 9 6 7 5 8 10 4 
1 2 3 9 6 7 5 10 8 4 
1 2 3 9 6 7 8 10 5 4 
1 2 3 9 6 8 7 5 10 4 
1 2 3 9 6 8 10 7 5 4 
1 2 3 9 6 10 5 8 7 4 
1 2 3 9 6 10 7 5 8 4 
1 2 3 9 6 10 8 7 5 4 
1 2 3 9 7 5 6 8 10 4 
1 2 3 9 7 5 6 10 8 4 
1 2 3 9 7 5 8 6 10 4 
1 2 3 9 7 5 8 10 6 4 
1 2 3 9 7 5 10 6 8 4 
1 2 3 9 7 5 10 8 6 4 
1 2 3 9 7 6 5 8 10 4 
1 2 3 9 7 6 5 10 8 4 
1 2 3 9 7 6 8 10 5 4 
1 2 3 9 7 6 10 5 8 4 
1 2 3 9 7 8 6 5 10 4 
1 2 3 9 7 8 6 10 5 4 
1 2 3 9 7 8 10 5 6 4 
1 2 3 9 7 8 10 6 5 4 
1 2 3 9 10 5 6 7 8 4 
1 2 3 9 10 5 6 8 7 4 
1 2 3 9 10 5 8 6 7 4 
1 2 3 9 10 5 8 7 6 4 
1 2 3 9 10 6 5 8 7 4 
1 2 3 9 10 6 7 5 8 4 
1 2 3 9 10 6 8 7 5 4 
1 2 3 9 10 7 5 6 8 4 
1 2 3 9 10 7 5 8 6 4 
1 2 3 9 10 7 6 5 8 4 
1 2 3 9 10 7 8 6 5 4 
1 2 3 9 10 8 6 7 5 4 
1 2 3 9 10 8 7 5 6 4 
1 2 3 9 10 8 7 6 5 4 
1 2 7 5 6 3 9 10 8 4 
1 2 7 5 6 8 3 9 10 4 
1 2 7 5 6 9 10 8 3 4 
1 2 7 5 8 3 6 9 10 4 
1 2 7 5 8 3 9 6 10 4 
1 2 7 5 8 3 9 10 6 4 
1 2 7 5 8 6 3 9 10 4 
1 2 7 5 8 6 9 10 3 4 
1 2 7 5 8 10 3 9 6 4 
1 2 7 5 8 10 6 9 3 4 
1 2 7 5 9 3 6 8 10 4 
1 2 7 5 9 3 6 10 8 4 
1 2 7 5 9 6 8 10 3 4 
1 2 7 5 9 6 10 8 3 4 
1 2 7 5 9 10 3 6 8 4 
1 2 7 5 9 10 6 8 3 4 
1 2 7 5 9 10 8 3 6 4 
1 2 7 5 9 10 8 6 3 4 
1 2 7 5 10 3 9 6 8 4 
1 2 7 5 10 8 3 9 6 4 
1 2 7 5 10 8 6 9 3 4 
1 2 7 6 3 5 9 10 8 4 
1 2 7 6 3 9 5 8 10 4 
1 2 7 6 3 9 5 10 8 4 
1 2 7 6 3 9 10 5 8 4 
1 2 7 6 5 8 3 9 10 4 
1 2 7 6 5 9 10 8 3 4 
1 2 7 6 8 3 5 9 10 4 
1 2 7 6 8 3 9 5 10 4 
1 2 7 6 8 3 9 10 5 4 
1 2 7 6 8 10 3 9 5 4 
1 2 7 6 8 10 5 9 3 4 
1 2 7 6 9 3 5 8 10 4 
1 2 7 6 9 3 5 10 8 4 
1 2 7 6 9 5 8 10 3 4 
1 2 7 6 9 5 10 8 3 4 
1 2 7 6 9 10 3 5 8 4 
1 2 7 6 9 10 5 8 3 4 
1 2 7 6 9 10 8 3 5 4 
1 2 7 6 10 3 9 5 8 4 
1 2 7 6 10 8 3 9 5 4 
1 2 7 8 3 5 6 9 10 4 
1 2 7 8 3 5 9 6 10 4 
1 2 7 8 3 5 9 10 6 4 
1 2 7 8 3 6 5 9 10 4 
1 2 7 8 3 6 9 5 10 4 
1 2 7 8 3 6 9 10 5 4 
1 2 7 8 3 9 5 6 10 4 
1 2 7 8 3 9 5 10 6 4 
1 2 7 8 3 9 6 5 10 4 
1 2 7 8 3 9 6 10 5 4 
1 2 7 8 3 9 10 5 6 4 
1 2 7 8 3 9 10 6 5 4 
1 2 7 8 6 3 5 9 10 4 
1 2 7 8 6 3 9 5 10 4 
1 2 7 8 6 3 9 10 5 4 
1 2 7 8 6 5 9 10 3 4 
1 2 7 8 6 9 3 5 10 4 
1 2 7 8 6 9 5 10 3 4 
1 2 7 8 6 9 10 3 5 4 
1 2 7 8 6 10 3 9 5 4 
1 2 7 8 6 10 5 9 3 4 
1 2 7 8 10 3 5 9 6 4 
1 2 7 8 10 3 6 9 5 4 
1 2 7 8 10 3 9 5 6 4 
1 2 7 8 10 3 9 6 5 4 
1 2 7 8 10 5 6 9 3 4 
1 2 7 8 10 5 9 3 6 4 
1 2 7 8 10 5 9 6 3 4 
1 2 7 8 10 6 3 9 5 4 
1 2 7 8 10 6 5 9 3 4 
1 2 7 8 10 6 9 3 5 4 
1 2 7 9 3 5 6 8 10 4 
1 2 7 9 3 5 6 10 8 4 
1 2 7 9 3 5 8 6 10 4 
1 2 7 9 3 5 8 10 6 4 
1 2 7 9 3 5 10 6 8 4 
1 2 7 9 3 5 10 8 6 4 
1 2 7 9 3 6 5 8 10 4 
1 2 7 9 3 6 5 10 8 4 
1 2 7 9 3 6 8 10 5 4 
1 2 7 9 3 6 10 5 8 4 
1 2 7 9 5 6 8 10 3 4 
1 2 7 9 5 6 10 8 3 4 
1 2 7 9 5 8 3 6 10 4 
1 2 7 9 5 8 6 10 3 4 
1 2 7 9 5 8 10 3 6 4 
1 2 7 9 5 8 10 6 3 4 
1 2 7 9 5 10 3 6 8 4 
1 2 7 9 5 10 6 8 3 4 
1 2 7 9 5 10 8 3 6 4 
1 2 7 9 5 10 8 6 3 4 
1 2 7 9 6 3 5 8 10 4 
1 2 7 9 6 3 5 10 8 4 
1 2 7 9 6 5 8 10 3 4 
1 2 7 9 6 5 10 8 3 4 
1 2 7 9 6 8 3 5 10 4 
1 2 7 9 6 8 10 3 5 4 
1 2 7 9 6 10 3 5 8 4 
1 2 7 9 6 10 5 8 3 4 
1 2 7 9 6 10 8 3 5 4 
1 2 7 9 10 3 5 6 8 4 
1 2 7 9 10 3 5 8 6 4 
1 2 7 9 10 3 6 5 8 4 
1 2 7 9 10 5 6 8 3 4 
1 2 7 9 10 5 8 3 6 4 
1 2 7 9 10 5 8 6 3 4 
1 2 7 9 10 6 3 5 8 4 
1 2 7 9 10 6 5 8 3 4 
1 2 7 9 10 6 8 3 5 4 
1 2 7 9 10 8 3 5 6 4 
1 2 7 9 10 8 3 6 5 4 
1 2 7 9 10 8 6 3 5 4 
1 2 8 3 5 6 7 9 10 4 
1 2 8 3 5 6 9 10 7 4 
1 2 8 3 5 9 6 10 7 4 
1 2 8 3 5 9 7 6 10 4 
1 2 8 3 5 9 10 6 7 4 
1 2 8 3 5 9 10 7 6 4 
1 2 8 3 5 10 6 9 7 4 
1 2 8 3 5 10 7 9 6 4 
1 2 8 3 6 5 9 10 7 4 
1 2 8 3 6 7 5 9 10 4 
1 2 8 3 6 7 9 5 10 4 
1 2 8 3 6 7 9 10 5 4 
1 2 8 3 6 9 5 10 7 4 
1 2 8 3 6 9 7 5 10 4 
1 2 8 3 6 9 10 7 5 4 
1 2 8 3 6 10 5 9 7 4 
1 2 8 3 6 10 7 9 5 4 
1 2 8 3 9 5 6 10 7 4 
1 2 8 3 9 5 10 6 7 4 
1 2 8 3 9 5 10 7 6 4 
1 2 8 3 9 6 5 10 7 4 
1 2 8 3 9 6 7 5 10 4 
1 2 8 3 9 6 10 7 5 4 
1 2 8 3 9 7 5 6 10 4 
1 2 8 3 9 7 5 10 6 4 
1 2 8 3 9 7 6 5 10 4 
1 2 8 3 9 7 6 10 5 4 
1 2 8 3 9 10 5 6 7 4 
1 2 8 3 9 10 6 7 5 4 
1 2 8 3 9 10 7 5 6 4 
1 2 8 3 9 10 7 6 5 4 
1 2 8 6 3 5 9 10 7 4 
1 2 8 6 3 9 5 10 7 4 
1 2 8 6 3 9 7 5 10 4 
1 2 8 6 3 9 10 7 5 4 
1 2 8 6 5 10 3 9 7 4 
1 2 8 6 5 10 7 9 3 4 
1 2 8 6 7 5 9 10 3 4 
1 2 8 6 7 9 3 5 10 4 
1 2 8 6 7 9 5 10 3 4 
1 2 8 6 7 9 10 3 5 4 
1 2 8 6 9 3 5 10 7 4 
1 2 8 6 9 7 5 10 3 4 
1 2 8 6 10 3 5 9 7 4 
1 2 8 6 10 3 9 7 5 4 
1 2 8 6 10 7 5 9 3 4 
1 2 8 6 10 7 9 3 5 4 
1 2 8 7 5 6 3 9 10 4 
1 2 8 7 5 6 9 10 3 4 
1 2 8 7 5 9 3 6 10 4 
1 2 8 7 5 9 6 10 3 4 
1 2 8 7 5 9 10 3 6 4 
1 2 8 7 5 9 10 6 3 4 
1 2 8 7 5 10 3 9 6 4 
1 2 8 7 5 10 6 9 3 4 
1 2 8 7 6 3 5 9 10 4 
1 2 8 7 6 3 9 5 10 4 
1 2 8 7 6 3 9 10 5 4 
1 2 8 7 6 5 9 10 3 4 
1 2 8 7 6 9 3 5 10 4 
1 2 8 7 6 9 5 10 3 4 
1 2 8 7 6 9 10 3 5 4 
1 2 8 7 6 10 3 9 5 4 
1 2 8 7 6 10 5 9 3 4 
1 2 8 7 9 3 5 6 10 4 
1 2 8 7 9 3 5 10 6 4 
1 2 8 7 9 3 6 5 10 4 
1 2 8 7 9 3 6 10 5 4 
1 2 8 7 9 5 6 10 3 4 
1 2 8 7 9 5 10 3 6 4 
1 2 8 7 9 5 10 6 3 4 
1 2 8 7 9 6 3 5 10 4 
1 2 8 7 9 6 5 10 3 4 
1 2 8 7 9 6 10 3 5 4 
1 2 8 7 9 10 3 5 6 4 
1 2 8 7 9 10 3 6 5 4 
1 2 8 7 9 10 5 6 3 4 
1 2 8 7 9 10 6 3 5 4 
1 2 8 10 3 5 6 9 7 4 
1 2 8 10 3 5 9 6 7 4 
1 2 8 10 3 5 9 7 6 4 
1 2 8 10 3 6 5 9 7 4 
1 2 8 10 3 6 7 9 5 4 
1 2 8 10 3 6 9 7 5 4 
1 2 8 10 3 9 5 6 7 4 
1 2 8 10 3 9 6 7 5 4 
1 2 8 10 3 9 7 5 6 4 
1 2 8 10 3 9 7 6 5 4 
1 2 8 10 5 6 3 9 7 4 
1 2 8 10 5 6 7 9 3 4 
1 2 8 10 5 9 3 6 7 4 
1 2 8 10 5 9 7 6 3 4 
1 2 8 10 6 3 5 9 7 4 
1 2 8 10 6 3 9 7 5 4 
1 2 8 10 6 7 5 9 3 4 
1 2 8 10 6 7 9 3 5 4 
1 2 8 10 7 5 6 9 3 4 
1 2 8 10 7 5 9 3 6 4 
1 2 8 10 7 5 9 6 3 4 
1 2 8 10 7 6 3 9 5 4 
1 2 8 10 7 6 5 9 3 4 
1 2 8 10 7 6 9 3 5 4 
1 2 8 10 7 9 3 5 6 4 
1 2 8 10 7 9 3 6 5 4 
1 2 8 10 7 9 5 6 3 4 
1 2 8 10 7 9 6 3 5 4 
1 2 9 3 5 6 7 8 10 4 
1 2 9 3 5 6 8 10 7 4 
1 2 9 3 5 6 10 7 8 4 
1 2 9 3 5 6 10 8 7 4 
1 2 9 3 5 8 6 10 7 4 
1 2 9 3 5 8 7 6 10 4 
1 2 9 3 5 8 10 6 7 4 
1 2 9 3 5 8 10 7 6 4 
1 2 9 3 5 10 6 7 8 4 
1 2 9 3 5 10 6 8 7 4 
1 2 9 3 5 10 7 6 8 4 
1 2 9 3 5 10 7 8 6 4 
1 2 9 3 5 10 8 6 7 4 
1 2 9 3 5 10 8 7 6 4 
1 2 9 3 6 5 8 10 7 4 
1 2 9 3 6 5 10 7 8 4 
1 2 9 3 6 5 10 8 7 4 
1 2 9 3 6 7 5 8 10 4 
1 2 9 3 6 7 5 10 8 4 
1 2 9 3 6 7 8 10 5 4 
1 2 9 3 6 8 7 5 10 4 
1 2 9 3 6 8 10 7 5 4 
1 2 9 3 6 10 5 8 7 4 
1 2 9 3 6 10 7 5 8 4 
1 2 9 3 6 10 8 7 5 4 
1 2 9 5 6 7 8 10 3 4 
1 2 9 5 6 10 7 8 3 4 
1 2 9 5 8 3 6 10 7 4 
1 2 9 5 8 7 6 10 3 4 
1 2 9 5 8 10 3 6 7 4 
1 2 9 5 8 10 7 6 3 4 
1 2 9 5 10 3 6 7 8 4 
1 2 9 5 10 3 6 8 7 4 
1 2 9 5 10 6 7 8 3 4 
1 2 9 5 10 7 6 8 3 4 
1 2 9 5 10 7 8 3 6 4 
1 2 9 5 10 7 8 6 3 4 
1 2 9 5 10 8 3 6 7 4 
1 2 9 5 10 8 7 6 3 4 
1 2 9 6 3 5 8 10 7 4 
1 2 9 6 3 5 10 7 8 4 
1 2 9 6 3 5 10 8 7 4 
1 2 9 6 5 10 7 8 3 4 
1 2 9 6 7 5 8 10 3 4 
1 2 9 6 7 5 10 8 3 4 
1 2 9 6 7 8 3 5 10 4 
1 2 9 6 7 8 10 3 5 4 
1 2 9 6 8 3 5 10 7 4 
1 2 9 6 8 7 5 10 3 4 
1 2 9 6 10 3 5 8 7 4 
1 2 9 6 10 7 5 8 3 4 
1 2 9 6 10 7 8 3 5 4 
1 2 9 7 5 6 8 10 3 4 
1 2 9 7 5 6 10 8 3 4 
1 2 9 7 5 8 3 6 10 4 
1 2 9 7 5 8 6 10 3 4 
1 2 9 7 5 8 10 3 6 4 
1 2 9 7 5 8 10 6 3 4 
1 2 9 7 5 10 3 6 8 4 
1 2 9 7 5 10 6 8 3 4 
1 2 9 7 5 10 8 3 6 4 
1 2 9 7 5 10 8 6 3 4 
1 2 9 7 6 3 5 8 10 4 
1 2 9 7 6 3 5 10 8 4 
1 2 9 7 6 5 8 10 3 4 
1 2 9 7 6 5 10 8 3 4 
1 2 9 7 6 8 3 5 10 4 
1 2 9 7 6 8 10 3 5 4 
1 2 9 7 6 10 3 5 8 4 
1 2 9 7 6 10 5 8 3 4 
1 2 9 7 6 10 8 3 5 4 
1 2 9 7 8 3 5 6 10 4 
1 2 9 7 8 3 5 10 6 4 
1 2 9 7 8 3 6 5 10 4 
1 2 9 7 8 3 6 10 5 4 
1 2 9 7 8 6 3 5 10 4 
1 2 9 7 8 6 5 10 3 4 
1 2 9 7 8 6 10 3 5 4 
1 2 9 7 8 10 3 5 6 4 
1 2 9 7 8 10 3 6 5 4 
1 2 9 7 8 10 5 6 3 4 
1 2 9 7 8 10 6 3 5 4 
1 2 9 10 3 5 6 7 8 4 
1 2 9 10 3 5 6 8 7 4 
1 2 9 10 3 5 8 6 7 4 
1 2 9 10 3 5 8 7 6 4 
1 2 9 10 3 6 5 8 7 4 
1 2 9 10 3 6 7 5 8 4 
1 2 9 10 3 6 8 7 5 4 
1 2 9 10 5 6 7 8 3 4 
1 2 9 10 5 8 3 6 7 4 
1 2 9 10 5 8 7 6 3 4 
1 2 9 10 6 3 5 8 7 4 
1 2 9 10 6 7 5 8 3 4 
1 2 9 10 6 7 8 3 5 4 
1 2 9 10 7 5 6 8 3 4 
1 2 9 10 7 5 8 3 6 4 
1 2 9 10 7 5 8 6 3 4 
1 2 9 10 7 6 3 5 8 4 
1 2 9 10 7 6 5 8 3 4 
1 2 9 10 7 6 8 3 5 4 
1 2 9 10 7 8 3 5 6 4 
1 2 9 10 7 8 3 6 5 4 
1 2 9 10 7 8 6 3 5 4 
1 2 9 10 8 3 5 6 7 4 
1 2 9 10 8 3 6 7 5 4 
1 2 9 10 8 7 5 6 3 4 
1 2 9 10 8 7 6 3 5 4 
1 3 2 7 5 6 9 10 8 4 
1 3 2 7 5 8 6 9 10 4 
1 3 2 7 5 9 6 8 10 4 
1 3 2 7 5 9 6 10 8 4 
1 3 2 7 5 9 10 6 8 4 
1 3 2 7 5 9 10 8 6 4 
1 3 2 7 6 5 9 10 8 4 
1 3 2 7 6 9 5 8 10 4 
1 3 2 7 6 9 5 10 8 4 
1 3 2 7 6 9 10 5 8 4 
1 3 2 7 8 6 5 9 10 4 
1 3 2 7 8 6 9 5 10 4 
1 3 2 7 8 6 9 10 5 4 
1 3 2 7 8 10 5 9 6 4 
1 3 2 7 8 10 6 9 5 4 
1 3 2 7 9 5 6 8 10 4 
1 3 2 7 9 5 6 10 8 4 
1 3 2 7 9 5 8 6 10 4 
1 3 2 7 9 5 8 10 6 4 
1 3 2 7 9 5 10 6 8 4 
1 3 2 7 9 5 10 8 6 4 
1 3 2 7 9 6 5 8 10 4 
1 3 2 7 9 6 5 10 8 4 
1 3 2 7 9 6 8 10 5 4 
1 3 2 7 9 6 10 5 8 4 
1 3 2 7 9 10 5 6 8 4 
1 3 2 7 9 10 5 8 6 4 
1 3 2 7 9 10 6 5 8 4 
1 3 2 7 9 10 8 6 5 4 
1 3 2 8 6 5 9 10 7 4 
1 3 2 8 6 7 5 9 10 4 
1 3 2 8 6 7 9 5 10 4 
1 3 2 8 6 7 9 10 5 4 
1 3 2 8 6 9 5 10 7 4 
1 3 2 8 6 9 7 5 10 4 
1 3 2 8 6 9 10 7 5 4 
1 3 2 8 6 10 5 9 7 4 
1 3 2 8 6 10 7 9 5 4 
1 3 2 8 7 5 6 9 10 4 
1 3 2 8 7 5 9 6 10 4 
1 3 2 8 7 5 9 10 6 4 
1 3 2 8 7 6 5 9 10 4 
1 3 2 8 7 6 9 5 10 4 
1 3 2 8 7 6 9 10 5 4 
1 3 2 8 7 9 5 6 10 4 
1 3 2 8 7 9 5 10 6 4 
1 3 2 8 7 9 6 5 10 4 
1 3 2 8 7 9 6 10 5 4 
1 3 2 8 7 9 10 5 6 4 
1 3 2 8 7 9 10 6 5 4 
1 3 2 8 10 5 6 9 7 4 
1 3 2 8 10 5 9 6 7 4 
1 3 2 8 10 5 9 7 6 4 
1 3 2 8 10 6 5 9 7 4 
1 3 2 8 10 6 7 9 5 4 
1 3 2 8 10 6 9 7 5 4 
1 3 2 8 10 7 5 9 6 4 
1 3 2 8 10 7 6 9 5 4 
1 3 2 8 10 7 9 5 6 4 
1 3 2 8 10 7 9 6 5 4 
1 3 2 9 5 6 7 8 10 4 
1 3 2 9 5 6 8 10 7 4 
1 3 2 9 5 6 10 7 8 4 
1 3 2 9 5 6 10 8 7 4 
1 3 2 9 5 8 6 10 7 4 
1 3 2 9 5 8 7 6 10 4 
1 3 2 9 5 8 10 6 7 4 
1 3 2 9 5 8 10 7 6 4 
1 3 2 9 5 10 6 7 8 4 
1 3 2 9 5 10 6 8 7 4 
1 3 2 9 5 10 7 6 8 4 
1 3 2 9 5 10 7 8 6 4 
1 3 2 9 5 10 8 6 7 4 
1 3 2 9 5 10 8 7 6 4 
1 3 2 9 6 5 8 10 7 4 
1 3 2 9 6 5 10 7 8 4 
1 3 2 9 6 5 10 8 7 4 
1 3 2 9 6 7 5 8 10 4 
1 3 2 9 6 7 5 10 8 4 
1 3 2 9 6 7 8 10 5 4 
1 3 2 9 6 8 7 5 10 4 
1 3 2 9 6 8 10 7 5 4 
1 3 2 9 6 10 5 8 7 4 
1 3 2 9 6 10 7 5 8 4 
1 3 2 9 6 10 8 7 5 4 
1 3 2 9 7 5 6 8 10 4 
1 3 2 9 7 5 6 10 8 4 
1 3 2 9 7 5 8 6 10 4 
1 3 2 9 7 5 8 10 6 4 
1 3 2 9 7 5 10 6 8 4 
1 3 2 9 7 5 10 8 6 4 
1 3 2 9 7 6 5 8 10 4 
1 3 2 9 7 6 5 10 8 4 
1 3 2 9 7 6 8 10 5 4 
1 3 2 9 7 6 10 5 8 4 
1 3 2 9 7 8 6 5 10 4 
1 3 2 9 7 8 6 10 5 4 
1 3 2 9 7 8 10 5 6 4 
1 3 2 9 7 8 10 6 5 4 
1 3 2 9 10 5 6 7 8 4 
1 3 2 9 10 5 6 8 7 4 
1 3 2 9 10 5 8 6 7 4 
1 3 2 9 10 5 8 7 6 4 
1 3 2 9 10 6 5 8 7 4 
1 3 2 9 10 6 7 5 8 4 
1 3 2 9 10 6 8 7 5 4 
1 3 2 9 10 7 5 6 8 4 
1 3 2 9 10 7 5 8 6 4 
1 3 2 9 10 7 6 5 8 4 
1 3 2 9 10 7 8 6 5 4 
1 3 2 9 10 8 6 7 5 4 
1 3 2 9 10 8 7 5 6 4 
1 3 2 9 10 8 7 6 5 4 
1 3 5 2 7 6 9 10 8 4 
1 3 5 2 7 8 6 9 10 4 
1 3 5 2 7 9 6 8 10 4 
1 3 5 2 7 9 6 10 8 4 
1 3 5 2 7 9 10 6 8 4 
1 3 5 2 7 9 10 8 6 4 
1 3 5 2 8 6 7 9 10 4 
1 3 5 2 8 6 9 10 7 4 
1 3 5 2 8 7 6 9 10 4 
1 3 5 2 8 7 9 6 10 4 
1 3 5 2 8 7 9 10 6 4 
1 3 5 2 8 10 6 9 7 4 
1 3 5 2 8 10 7 9 6 4 
1 3 5 2 9 6 7 8 10 4 
1 3 5 2 9 6 8 10 7 4 
1 3 5 2 9 6 10 7 8 4 
1 3 5 2 9 6 10 8 7 4 
1 3 5 2 9 7 6 8 10 4 
1 3 5 2 9 7 6 10 8 4 
1 3 5 2 9 7 8 6 10 4 
1 3 5 2 9 7 8 10 6 4 
1 3 5 2 9 10 6 7 8 4 
1 3 5 2 9 10 6 8 7 4 
1 3 5 2 9 10 7 6 8 4 
1 3 5 2 9 10 7 8 6 4 
1 3 5 2 9 10 8 6 7 4 
1 3 5 2 9 10 8 7 6 4 
1 3 5 6 2 7 9 10 8 4 
1 3 5 6 2 8 7 9 10 4 
1 3 5 6 2 9 7 8 10 4 
1 3 5 6 2 9 10 7 8 4 
1 3 5 6 2 9 10 8 7 4 
1 3 5 6 7 8 2 9 10 4 
1 3 5 6 7 9 2 8 10 4 
1 3 5 6 7 9 10 8 2 4 
1 3 5 6 8 2 7 9 10 4 
1 3 5 6 8 2 9 10 7 4 
1 3 5 6 8 10 7 9 2 4 
1 3 5 6 9 2 7 8 10 4 
1 3 5 6 9 2 8 10 7 4 
1 3 5 6 9 10 7 8 2 4 
1 3 5 6 9 10 8 2 7 4 
1 3 5 6 10 7 9 2 8 4 
1 3 5 6 10 8 2 9 7 4 
1 3 5 6 10 8 7 9 2 4 
1 3 5 8 2 7 6 9 10 4 
1 3 5 8 2 7 9 6 10 4 
1 3 5 8 2 7 9 10 6 4 
1 3 5 8 2 9 6 10 7 4 
1 3 5 8 2 9 7 6 10 4 
1 3 5 8 2 9 10 6 7 4 
1 3 5 8 2 9 10 7 6 4 
1 3 5 8 6 2 7 9 10 4 
1 3 5 8 6 2 9 10 7 4 
1 3 5 8 6 10 7 9 2 4 
1 3 5 8 7 6 2 9 10 4 
1 3 5 8 7 9 10 6 2 4 
1 3 5 8 10 6 2 9 7 4 
1 3 5 8 10 6 7 9 2 4 
1 3 5 8 10 6 9 2 7 4 
1 3 5 8 10 7 6 9 2 4 
1 3 5 8 10 7 9 6 2 4 
1 3 5 9 2 7 6 8 10 4 
1 3 5 9 2 7 6 10 8 4 
1 3 5 9 2 7 8 6 10 4 
1 3 5 9 2 7 8 10 6 4 
1 3 5 9 2 8 6 10 7 4 
1 3 5 9 2 8 7 6 10 4 
1 3 5 9 2 8 10 6 7 4 
1 3 5 9 2 8 10 7 6 4 
1 3 5 9 6 2 7 8 10 4 
1 3 5 9 6 2 8 10 7 4 
1 3 5 9 6 10 7 8 2 4 
1 3 5 9 6 10 8 2 7 4 
1 3 5 9 7 6 2 8 10 4 
1 3 5 9 7 6 10 8 2 4 
1 3 5 9 7 8 10 6 2 4 
1 3 5 9 10 6 2 7 8 4 
1 3 5 9 10 6 2 8 7 4 
1 3 5 9 10 6 7 8 2 4 
1 3 5 9 10 6 8 2 7 4 
1 3 5 9 10 7 6 2 8 4 
1 3 5 9 10 7 6 8 2 4 
1 3 5 9 10 7 8 6 2 4 
1 3 5 9 10 8 2 7 6 4 
1 3 5 9 10 8 6 2 7 4 
1 3 5 9 10 8 7 6 2 4 
1 3 5 10 6 2 9 7 8 4 
1 3 5 10 6 7 9 2 8 4 
1 3 5 10 6 8 2 9 7 4 
1 3 5 10 6 8 7 9 2 4 
1 3 5 10 6 9 2 7 8 4 
1 3 5 10 6 9 2 8 7 4 
1 3 5 10 6 9 7 8 2 4 
1 3 5 10 7 6 9 2 8 4 
1 3 5 10 7 8 2 9 6 4 
1 3 5 10 7 8 6 9 2 4 
1 3 5 10 7 9 2 8 6 4 
1 3 5 10 7 9 6 2 8 4 
1 3 5 10 7 9 6 8 2 4 
1 3 5 10 8 2 7 9 6 4 
1 3 5 10 8 2 9 6 7 4 
1 3 5 10 8 2 9 7 6 4 
1 3 5 10 8 6 2 9 7 4 
1 3 5 10 8 6 7 9 2 4 
1 3 5 10 8 6 9 2 7 4 
1 3 5 10 8 7 6 9 2 4 
1 3 5 10 8 7 9 6 2 4 
1 3 6 2 7 5 9 10 8 4 
1 3 6 2 7 9 5 8 10 4 
1 3 6 2 7 9 5 10 8 4 
1 3 6 2 7 9 10 5 8 4 
1 3 6 2 8 7 5 9 10 4 
1 3 6 2 8 7 9 5 10 4 
1 3 6 2 8 7 9 10 5 4 
1 3 6 2 8 10 5 9 7 4 
1 3 6 2 8 10 7 9 5 4 
1 3 6 2 9 5 8 10 7 4 
1 3 6 2 9 5 10 7 8 4 
1 3 6 2 9 5 10 8 7 4 
1 3 6 2 9 7 5 8 10 4 
1 3 6 2 9 7 5 10 8 4 
1 3 6 2 9 7 8 10 5 4 
1 3 6 2 9 10 5 8 7 4 
1 3 6 2 9 10 7 5 8 4 
1 3 6 2 9 10 8 7 5 4 
1 3 6 5 2 7 9 10 8 4 
1 3 6 5 2 8 7 9 10 4 
1 3 6 5 2 9 7 8 10 4 
1 3 6 5 2 9 10 7 8 4 
1 3 6 5 2 9 10 8 7 4 
1 3 6 5 8 2 7 9 10 4 
1 3 6 5 8 2 9 10 7 4 
1 3 6 5 8 10 7 9 2 4 
1 3 6 5 9 2 7 8 10 4 
1 3 6 5 9 2 8 10 7 4 
1 3 6 5 9 10 7 8 2 4 
1 3 6 5 9 10 8 2 7 4 
1 3 6 5 10 7 9 2 8 4 
1 3 6 5 10 8 2 9 7 4 
1 3 6 5 10 8 7 9 2 4 
1 3 6 7 5 2 9 10 8 4 
1 3 6 7 5 8 2 9 10 4 
1 3 6 7 5 9 2 8 10 4 
1 3 6 7 5 9 10 8 2 4 
1 3 6 7 8 2 9 5 10 4 
1 3 6 7 8 2 9 10 5 4 
1 3 6 7 8 10 5 9 2 4 
1 3 6 7 9 2 8 10 5 4 
1 3 6 7 9 5 2 8 10 4 
1 3 6 7 9 5 10 8 2 4 
1 3 6 7 9 10 5 2 8 4 
1 3 6 7 9 10 5 8 2 4 
1 3 6 8 2 7 5 9 10 4 
1 3 6 8 2 7 9 5 10 4 
1 3 6 8 2 7 9 10 5 4 
1 3 6 8 2 9 5 10 7 4 
1 3 6 8 2 9 7 5 10 4 
1 3 6 8 2 9 10 7 5 4 
1 3 6 8 7 5 2 9 10 4 
1 3 6 8 7 9 10 5 2 4 
1 3 6 8 10 5 2 9 7 4 
1 3 6 8 10 5 9 2 7 4 
1 3 6 8 10 7 5 9 2 4 
1 3 6 8 10 7 9 5 2 4 
1 3 6 9 2 7 5 8 10 4 
1 3 6 9 2 7 5 10 8 4 
1 3 6 9 2 7 8 10 5 4 
1 3 6 9 2 8 7 5 10 4 
1 3 6 9 2 8 10 7 5 4 
1 3 6 9 5 2 7 8 10 4 
1 3 6 9 5 2 8 10 7 4 
1 3 6 9 5 10 7 8 2 4 
1 3 6 9 5 10 8 2 7 4 
1 3 6 9 7 5 2 8 10 4 
1 3 6 9 7 5 10 8 2 4 
1 3 6 9 7 8 10 5 2 4 
1 3 6 9 10 5 2 7 8 4 
1 3 6 9 10 5 2 8 7 4 
1 3 6 9 10 5 8 2 7 4 
1 3 6 9 10 7 5 2 8 4 
1 3 6 9 10 7 5 8 2 4 
1 3 6 9 10 8 2 7 5 4 
1 3 6 9 10 8 7 5 2 4 
1 3 6 10 5 2 9 7 8 4 
1 3 6 10 5 8 2 9 7 4 
1 3 6 10 5 8 7 9 2 4 
1 3 6 10 5 9 2 7 8 4 
1 3 6 10 5 9 2 8 7 4 
1 3 6 10 5 9 7 8 2 4 
1 3 6 10 7 5 9 2 8 4 
1 3 6 10 7 8 2 9 5 4 
1 3 6 10 7 9 5 2 8 4 
1 3 6 10 7 9 5 8 2 4 
1 3 6 10 8 2 7 9 5 4 
1 3 6 10 8 2 9 7 5 4 
1 3 6 10 8 7 5 9 2 4 
1 3 6 10 8 7 9 5 2 4 
1 3 9 2 7 5 6 8 10 4 
1 3 9 2 7 5 6 10 8 4 
1 3 9 2 7 5 8 6 10 4 
1 3 9 2 7 5 8 10 6 4 
1 3 9 2 7 5 10 6 8 4 
1 3 9 2 7 5 10 8 6 4 
1 3 9 2 7 6 5 8 10 4 
1 3 9 2 7 6 5 10 8 4 
1 3 9 2 7 6 8 10 5 4 
1 3 9 2 7 6 10 5 8 4 
1 3 9 2 7 8 6 5 10 4 
1 3 9 2 7 8 6 10 5 4 
1 3 9 2 7 8 10 5 6 4 
1 3 9 2 7 8 10 6 5 4 
1 3 9 2 8 6 5 10 7 4 
1 3 9 2 8 6 7 5 10 4 
1 3 9 2 8 6 10 7 5 4 
1 3 9 2 8 7 5 6 10 4 
1 3 9 2 8 7 5 10 6 4 
1 3 9 2 8 7 6 5 10 4 
1 3 9 2 8 7 6 10 5 4 
1 3 9 2 8 10 5 6 7 4 
1 3 9 2 8 10 6 7 5 4 
1 3 9 2 8 10 7 5 6 4 
1 3 9 2 8 10 7 6 5 4 
1 3 9 5 2 7 6 8 10 4 
1 3 9 5 2 7 6 10 8 4 
1 3 9 5 2 7 8 6 10 4 
1 3 9 5 2 7 8 10 6 4 
1 3 9 5 2 8 6 10 7 4 
1 3 9 5 2 8 7 6 10 4 
1 3 9 5 2 8 10 6 7 4 
1 3 9 5 2 8 10 7 6 4 
1 3 9 5 6 2 7 8 10 4 
1 3 9 5 6 2 8 10 7 4 
1 3 9 5 6 10 7 8 2 4 
1 3 9 5 6 10 8 2 7 4 
1 3 9 5 8 2 7 6 10 4 
1 3 9 5 8 10 6 2 7 4 
1 3 9 5 8 10 7 6 2 4 
1 3 9 5 10 6 2 7 8 4 
1 3 9 5 10 6 2 8 7 4 
1 3 9 5 10 6 7 8 2 4 
1 3 9 5 10 6 8 2 7 4 
1 3 9 5 10 7 6 2 8 4 
1 3 9 5 10 7 6 8 2 4 
1 3 9 5 10 7 8 6 2 4 
1 3 9 5 10 8 2 7 6 4 
1 3 9 5 10 8 6 2 7 4 
1 3 9 5 10 8 7 6 2 4 
1 3 9 6 2 7 5 8 10 4 
1 3 9 6 2 7 5 10 8 4 
1 3 9 6 2 7 8 10 5 4 
1 3 9 6 2 8 7 5 10 4 
1 3 9 6 2 8 10 7 5 4 
1 3 9 6 5 2 7 8 10 4 
1 3 9 6 5 2 8 10 7 4 
1 3 9 6 5 10 7 8 2 4 
1 3 9 6 5 10 8 2 7 4 
1 3 9 6 7 5 2 8 10 4 
1 3 9 6 7 5 10 8 2 4 
1 3 9 6 7 8 10 5 2 4 
1 3 9 6 8 2 7 5 10 4 
1 3 9 6 8 10 5 2 7 4 
1 3 9 6 8 10 7 5 2 4 
1 3 9 6 10 5 2 7 8 4 
1 3 9 6 10 5 2 8 7 4 
1 3 9 6 10 5 8 2 7 4 
1 3 9 6 10 7 5 2 8 4 
1 3 9 6 10 7 5 8 2 4 
1 3 9 6 10 8 2 7 5 4 
1 3 9 6 10 8 7 5 2 4 
1 3 9 7 5 2 8 6 10 4 
1 3 9 7 5 2 8 10 6 4 
1 3 9 7 5 6 2 8 10 4 
1 3 9 7 5 6 10 8 2 4 
1 3 9 7 5 8 10 6 2 4 
1 3 9 7 5 10 6 2 8 4 
1 3 9 7 5 10 6 8 2 4 
1 3 9 7 5 10 8 6 2 4 
1 3 9 7 6 2 8 10 5 4 
1 3 9 7 6 5 2 8 10 4 
1 3 9 7 6 5 10 8 2 4 
1 3 9 7 6 8 10 5 2 4 
1 3 9 7 6 10 5 2 8 4 
1 3 9 7 6 10 5 8 2 4 
1 3 9 7 8 6 10 5 2 4 
1 3 9 7 8 10 5 6 2 4 
1 3 9 7 8 10 6 5 2 4 
1 3 9 10 5 2 7 6 8 4 
1 3 9 10 5 2 7 8 6 4 
1 3 9 10 5 2 8 6 7 4 
1 3 9 10 5 2 8 7 6 4 
1 3 9 10 5 6 2 7 8 4 
1 3 9 10 5 6 2 8 7 4 
1 3 9 10 5 6 7 8 2 4 
1 3 9 10 5 6 8 2 7 4 
1 3 9 10 5 8 2 7 6 4 
1 3 9 10 5 8 6 2 7 4 
1 3 9 10 5 8 7 6 2 4 
1 3 9 10 6 2 7 5 8 4 
1 3 9 10 6 2 8 7 5 4 
1 3 9 10 6 5 2 7 8 4 
1 3 9 10 6 5 2 8 7 4 
1 3 9 10 6 5 8 2 7 4 
1 3 9 10 6 7 5 2 8 4 
1 3 9 10 6 7 5 8 2 4 
1 3 9 10 6 8 2 7 5 4 
1 3 9 10 6 8 7 5 2 4 
1 3 9 10 7 5 2 8 6 4 
1 3 9 10 7 5 6 2 8 4 
1 3 9 10 7 5 6 8 2 4 
1 3 9 10 7 5 8 6 2 4 
1 3 9 10 7 6 5 2 8 4 
1 3 9 10 7 6 5 8 2 4 
1 3 9 10 7 8 6 5 2 4 
1 3 9 10 8 2 7 5 6 4 
1 3 9 10 8 2 7 6 5 4 
1 3 9 10 8 6 2 7 5 4 
1 3 9 10 8 6 5 2 7 4 
1 3 9 10 8 6 7 5 2 4 
1 3 9 10 8 7 5 6 2 4 
1 3 9 10 8 7 6 5 2 4 
1 5 2 3 6 7 9 10 8 4 
1 5 2 3 6 8 7 9 10 4 
1 5 2 3 6 9 7 8 10 4 
1 5 2 3 6 9 10 7 8 4 
1 5 2 3 6 9 10 8 7 4 
1 5 2 3 9 6 7 8 10 4 
1 5 2 3 9 6 8 10 7 4 
1 5 2 3 9 6 10 7 8 4 
1 5 2 3 9 6 10 8 7 4 
1 5 2 3 9 7 6 8 10 4 
1 5 2 3 9 7 6 10 8 4 
1 5 2 3 9 7 8 6 10 4 
1 5 2 3 9 7 8 10 6 4 
1 5 2 3 9 10 6 7 8 4 
1 5 2 3 9 10 6 8 7 4 
1 5 2 3 9 10 7 6 8 4 
1 5 2 3 9 10 7 8 6 4 
1 5 2 3 9 10 8 6 7 4 
1 5 2 3 9 10 8 7 6 4 
1 5 2 7 6 3 9 10 8 4 
1 5 2 7 6 8 3 9 10 4 
1 5 2 7 6 9 10 8 3 4 
1 5 2 7 8 3 6 9 10 4 
1 5 2 7 8 3 9 6 10 4 
1 5 2 7 8 3 9 10 6 4 
1 5 2 7 8 6 3 9 10 4 
1 5 2 7 8 6 9 10 3 4 
1 5 2 7 8 10 3 9 6 4 
1 5 2 7 8 10 6 9 3 4 
1 5 2 7 9 3 6 8 10 4 
1 5 2 7 9 3 6 10 8 4 
1 5 2 7 9 6 8 10 3 4 
1 5 2 7 9 6 10 8 3 4 
1 5 2 7 9 10 3 6 8 4 
1 5 2 7 9 10 6 8 3 4 
1 5 2 7 9 10 8 3 6 4 
1 5 2 7 9 10 8 6 3 4 
1 5 2 8 3 6 7 9 10 4 
1 5 2 8 3 6 9 10 7 4 
1 5 2 8 3 9 6 10 7 4 
1 5 2 8 3 9 7 6 10 4 
1 5 2 8 3 9 10 6 7 4 
1 5 2 8 3 9 10 7 6 4 
1 5 2 8 6 3 9 10 7 4 
1 5 2 8 6 7 9 10 3 4 
1 5 2 8 6 10 3 9 7 4 
1 5 2 8 6 10 7 9 3 4 
1 5 2 8 7 6 3 9 10 4 
1 5 2 8 7 6 9 10 3 4 
1 5 2 8 7 9 3 6 10 4 
1 5 2 8 7 9 6 10 3 4 
1 5 2 8 7 9 10 3 6 4 
1 5 2 8 7 9 10 6 3 4 
1 5 2 8 10 3 6 9 7 4 
1 5 2 8 10 3 9 6 7 4 
1 5 2 8 10 3 9 7 6 4 
1 5 2 8 10 6 3 9 7 4 
1 5 2 8 10 6 7 9 3 4 
1 5 2 8 10 7 6 9 3 4 
1 5 2 8 10 7 9 3 6 4 
1 5 2 8 10 7 9 6 3 4 
1 5 2 9 3 6 7 8 10 4 
1 5 2 9 3 6 8 10 7 4 
1 5 2 9 3 6 10 7 8 4 
1 5 2 9 3 6 10 8 7 4 
1 5 2 9 6 7 8 10 3 4 
1 5 2 9 6 10 7 8 3 4 
1 5 2 9 7 6 8 10 3 4 
1 5 2 9 7 6 10 8 3 4 
1 5 2 9 7 8 3 6 10 4 
1 5 2 9 7 8 6 10 3 4 
1 5 2 9 7 8 10 3 6 4 
1 5 2 9 7 8 10 6 3 4 
1 5 2 9 10 3 6 7 8 4 
1 5 2 9 10 3 6 8 7 4 
1 5 2 9 10 6 7 8 3 4 
1 5 2 9 10 7 6 8 3 4 
1 5 2 9 10 7 8 3 6 4 
1 5 2 9 10 7 8 6 3 4 
1 5 2 9 10 8 3 6 7 4 
1 5 2 9 10 8 7 6 3 4 
1 5 6 2 3 9 7 8 10 4 
1 5 6 2 3 9 10 7 8 4 
1 5 6 2 3 9 10 8 7 4 
1 5 6 2 7 8 3 9 10 4 
1 5 6 2 7 9 10 8 3 4 
1 5 6 2 8 3 9 10 7 4 
1 5 6 2 8 7 9 10 3 4 
1 5 6 2 8 10 3 9 7 4 
1 5 6 2 8 10 7 9 3 4 
1 5 6 2 9 7 8 10 3 4 
1 5 6 2 9 10 7 8 3 4 
1 5 6 3 2 7 9 10 8 4 
1 5 6 3 2 8 7 9 10 4 
1 5 6 3 2 9 7 8 10 4 
1 5 6 3 2 9 10 7 8 4 
1 5 6 3 2 9 10 8 7 4 
1 5 6 3 9 2 7 8 10 4 
1 5 6 3 9 2 8 10 7 4 
1 5 6 3 9 10 7 8 2 4 
1 5 6 3 9 10 8 2 7 4 
1 5 6 7 8 2 3 9 10 4 
1 5 6 7 8 2 9 10 3 4 
1 5 6 7 8 3 2 9 10 4 
1 5 6 7 8 10 3 9 2 4 
1 5 6 7 9 2 8 10 3 4 
1 5 6 7 9 3 2 8 10 4 
1 5 6 7 9 10 3 2 8 4 
1 5 6 7 9 10 8 2 3 4 
1 5 6 7 9 10 8 3 2 4 
1 5 6 8 2 3 9 10 7 4 
1 5 6 8 2 7 9 10 3 4 
1 5 6 8 3 2 7 9 10 4 
1 5 6 8 3 2 9 10 7 4 
1 5 6 8 7 9 10 3 2 4 
1 5 6 8 10 3 2 9 7 4 
1 5 6 8 10 3 9 2 7 4 
1 5 6 8 10 7 9 2 3 4 
1 5 6 8 10 7 9 3 2 4 
1 5 6 9 2 7 8 10 3 4 
1 5 6 9 3 2 7 8 10 4 
1 5 6 9 3 2 8 10 7 4 
1 5 6 9 7 8 10 3 2 4 
1 5 6 9 10 3 2 7 8 4 
1 5 6 9 10 3 2 8 7 4 
1 5 6 9 10 7 8 2 3 4 
1 5 6 9 10 7 8 3 2 4 
1 5 6 9 10 8 3 2 7 4 
1 5 6 10 3 2 9 7 8 4 
1 5 6 10 3 9 2 7 8 4 
1 5 6 10 3 9 2 8 7 4 
1 5 6 10 3 9 7 8 2 4 
1 5 6 10 7 8 2 9 3 4 
1 5 6 10 7 8 3 9 2 4 
1 5 6 10 7 9 2 8 3 4 
1 5 6 10 7 9 3 2 8 4 
1 5 6 10 8 2 3 9 7 4 
1 5 6 10 8 2 7 9 3 4 
1 5 6 10 8 3 2 9 7 4 
1 5 6 10 8 3 9 2 7 4 
1 5 6 10 8 7 9 2 3 4 
1 5 6 10 8 7 9 3 2 4 
1 5 8 2 3 6 7 9 10 4 
1 5 8 2 3 6 9 10 7 4 
1 5 8 2 3 9 6 10 7 4 
1 5 8 2 3 9 7 6 10 4 
1 5 8 2 3 9 10 6 7 4 
1 5 8 2 3 9 10 7 6 4 
1 5 8 2 7 6 3 9 10 4 
1 5 8 2 7 6 9 10 3 4 
1 5 8 2 7 9 3 6 10 4 
1 5 8 2 7 9 6 10 3 4 
1 5 8 2 7 9 10 3 6 4 
1 5 8 2 7 9 10 6 3 4 
1 5 8 2 9 3 6 10 7 4 
1 5 8 2 9 7 6 10 3 4 
1 5 8 2 9 10 3 6 7 4 
1 5 8 2 9 10 7 6 3 4 
1 5 8 3 2 7 6 9 10 4 
1 5 8 3 2 7 9 6 10 4 
1 5 8 3 2 7 9 10 6 4 
1 5 8 3 2 9 6 10 7 4 
1 5 8 3 2 9 7 6 10 4 
1 5 8 3 2 9 10 6 7 4 
1 5 8 3 2 9 10 7 6 4 
1 5 8 3 6 2 7 9 10 4 
1 5 8 3 6 2 9 10 7 4 
1 5 8 3 6 10 7 9 2 4 
1 5 8 3 9 2 7 6 10 4 
1 5 8 3 9 10 6 2 7 4 
1 5 8 3 9 10 7 6 2 4 
1 5 8 6 2 3 9 10 7 4 
1 5 8 6 2 7 9 10 3 4 
1 5 8 6 3 2 7 9 10 4 
1 5 8 6 3 2 9 10 7 4 
1 5 8 6 7 9 10 3 2 4 
1 5 8 6 9 10 3 2 7 4 
1 5 8 6 10 3 2 9 7 4 
1 5 8 6 10 3 9 2 7 4 
1 5 8 6 10 7 9 2 3 4 
1 5 8 6 10 7 9 3 2 4 
1 5 8 7 6 2 3 9 10 4 
1 5 8 7 6 2 9 10 3 4 
1 5 8 7 6 3 2 9 10 4 
1 5 8 7 6 9 10 3 2 4 
1 5 8 7 6 10 3 9 2 4 
1 5 8 7 9 2 3 6 10 4 
1 5 8 7 9 6 10 3 2 4 
1 5 8 7 9 10 3 6 2 4 
1 5 8 7 9 10 6 2 3 4 
1 5 8 7 9 10 6 3 2 4 
1 5 8 10 3 2 7 9 6 4 
1 5 8 10 3 2 9 6 7 4 
1 5 8 10 3 2 9 7 6 4 
1 5 8 10 3 6 2 9 7 4 
1 5 8 10 3 6 7 9 2 4 
1 5 8 10 3 6 9 2 7 4 
1 5 8 10 3 9 2 7 6 4 
1 5 8 10 3 9 6 2 7 4 
1 5 8 10 3 9 7 6 2 4 
1 5 8 10 6 2 3 9 7 4 
1 5 8 10 6 2 7 9 3 4 
1 5 8 10 6 3 2 9 7 4 
1 5 8 10 6 3 9 2 7 4 
1 5 8 10 6 7 9 2 3 4 
1 5 8 10 6 7 9 3 2 4 
1 5 8 10 6 9 3 2 7 4 
1 5 8 10 7 6 2 9 3 4 
1 5 8 10 7 6 3 9 2 4 
1 5 8 10 7 6 9 2 3 4 
1 5 8 10 7 6 9 3 2 4 
1 5 8 10 7 9 2 3 6 4 
1 5 8 10 7 9 3 6 2 4 
1 5 8 10 7 9 6 2 3 4 
1 5 8 10 7 9 6 3 2 4 
1 5 9 2 3 6 7 8 10 4 
1 5 9 2 3 6 8 10 7 4 
1 5 9 2 3 6 10 7 8 4 
1 5 9 2 3 6 10 8 7 4 
1 5 9 2 7 6 8 10 3 4 
1 5 9 2 7 6 10 8 3 4 
1 5 9 2 7 8 3 6 10 4 
1 5 9 2 7 8 6 10 3 4 
1 5 9 2 7 8 10 3 6 4 
1 5 9 2 7 8 10 6 3 4 
1 5 9 2 8 3 6 10 7 4 
1 5 9 2 8 7 6 10 3 4 
1 5 9 2 8 10 3 6 7 4 
1 5 9 2 8 10 7 6 3 4 
1 5 9 3 2 7 6 8 10 4 
1 5 9 3 2 7 6 10 8 4 
1 5 9 3 2 7 8 6 10 4 
1 5 9 3 2 7 8 10 6 4 
1 5 9 3 2 8 6 10 7 4 
1 5 9 3 2 8 7 6 10 4 
1 5 9 3 2 8 10 6 7 4 
1 5 9 3 2 8 10 7 6 4 
1 5 9 3 6 2 7 8 10 4 
1 5 9 3 6 2 8 10 7 4 
1 5 9 3 6 10 7 8 2 4 
1 5 9 3 6 10 8 2 7 4 
1 5 9 6 2 7 8 10 3 4 
1 5 9 6 3 2 7 8 10 4 
1 5 9 6 3 2 8 10 7 4 
1 5 9 6 7 8 10 3 2 4 
1 5 9 6 8 10 3 2 7 4 
1 5 9 6 10 3 2 7 8 4 
1 5 9 6 10 3 2 8 7 4 
1 5 9 6 10 7 8 2 3 4 
1 5 9 6 10 7 8 3 2 4 
1 5 9 6 10 8 3 2 7 4 
1 5 9 7 6 2 8 10 3 4 
1 5 9 7 6 3 2 8 10 4 
1 5 9 7 6 8 10 3 2 4 
1 5 9 7 6 10 3 2 8 4 
1 5 9 7 6 10 8 2 3 4 
1 5 9 7 6 10 8 3 2 4 
1 5 9 7 8 2 3 6 10 4 
1 5 9 7 8 6 10 3 2 4 
1 5 9 7 8 10 3 6 2 4 
1 5 9 7 8 10 6 2 3 4 
1 5 9 7 8 10 6 3 2 4 
1 5 9 10 3 2 7 6 8 4 
1 5 9 10 3 2 7 8 6 4 
1 5 9 10 3 2 8 6 7 4 
1 5 9 10 3 2 8 7 6 4 
1 5 9 10 3 6 2 7 8 4 
1 5 9 10 3 6 2 8 7 4 
1 5 9 10 3 6 7 8 2 4 
1 5 9 10 3 6 8 2 7 4 
1 5 9 10 6 2 7 8 3 4 
1 5 9 10 6 3 2 7 8 4 
1 5 9 10 6 3 2 8 7 4 
1 5 9 10 6 7 8 2 3 4 
1 5 9 10 6 7 8 3 2 4 
1 5 9 10 6 8 3 2 7 4 
1 5 9 10 7 6 2 8 3 4 
1 5 9 10 7 6 3 2 8 4 
1 5 9 10 7 6 8 2 3 4 
1 5 9 10 7 6 8 3 2 4 
1 5 9 10 7 8 2 3 6 4 
1 5 9 10 7 8 3 6 2 4 
1 5 9 10 7 8 6 2 3 4 
1 5 9 10 7 8 6 3 2 4 
1 5 9 10 8 2 3 6 7 4 
1 5 9 10 8 2 7 6 3 4 
1 5 9 10 8 3 2 7 6 4 
1 5 9 10 8 3 6 2 7 4 
1 5 9 10 8 6 3 2 7 4 
1 5 9 10 8 7 6 2 3 4 
1 5 9 10 8 7 6 3 2 4 
1 5 10 3 2 7 9 6 8 4 
1 5 10 3 2 8 6 9 7 4 
1 5 10 3 2 8 7 9 6 4 
1 5 10 3 2 9 6 7 8 4 
1 5 10 3 2 9 6 8 7 4 
1 5 10 3 2 9 7 6 8 4 
1 5 10 3 2 9 7 8 6 4 
1 5 10 3 6 2 9 7 8 4 
1 5 10 3 6 7 9 2 8 4 
1 5 10 3 6 8 2 9 7 4 
1 5 10 3 6 8 7 9 2 4 
1 5 10 3 6 9 2 7 8 4 
1 5 10 3 6 9 2 8 7 4 
1 5 10 3 6 9 7 8 2 4 
1 5 10 3 9 2 7 6 8 4 
1 5 10 3 9 2 7 8 6 4 
1 5 10 3 9 2 8 6 7 4 
1 5 10 3 9 2 8 7 6 4 
1 5 10 3 9 6 2 7 8 4 
1 5 10 3 9 6 2 8 7 4 
1 5 10 3 9 6 7 8 2 4 
1 5 10 3 9 6 8 2 7 4 
1 5 10 3 9 7 6 2 8 4 
1 5 10 3 9 7 6 8 2 4 
1 5 10 3 9 7 8 6 2 4 
1 5 10 6 2 3 9 7 8 4 
1 5 10 6 2 8 3 9 7 4 
1 5 10 6 2 8 7 9 3 4 
1 5 10 6 2 9 7 8 3 4 
1 5 10 6 3 2 9 7 8 4 
1 5 10 6 3 9 2 7 8 4 
1 5 10 6 3 9 2 8 7 4 
1 5 10 6 3 9 7 8 2 4 
1 5 10 6 7 8 2 9 3 4 
1 5 10 6 7 8 3 9 2 4 
1 5 10 6 7 9 2 8 3 4 
1 5 10 6 7 9 3 2 8 4 
1 5 10 6 8 2 3 9 7 4 
1 5 10 6 8 2 7 9 3 4 
1 5 10 6 8 3 2 9 7 4 
1 5 10 6 8 3 9 2 7 4 
1 5 10 6 8 7 9 2 3 4 
1 5 10 6 8 7 9 3 2 4 
1 5 10 6 9 2 7 8 3 4 
1 5 10 6 9 3 2 7 8 4 
1 5 10 6 9 3 2 8 7 4 
1 5 10 6 9 7 8 2 3 4 
1 5 10 6 9 7 8 3 2 4 
1 5 10 7 6 3 9 2 8 4 
1 5 10 7 6 8 2 9 3 4 
1 5 10 7 6 8 3 9 2 4 
1 5 10 7 6 9 2 8 3 4 
1 5 10 7 6 9 3 2 8 4 
1 5 10 7 8 2 3 9 6 4 
1 5 10 7 8 2 9 3 6 4 
1 5 10 7 8 2 9 6 3 4 
1 5 10 7 8 3 2 9 6 4 
1 5 10 7 8 3 6 9 2 4 
1 5 10 7 8 3 9 6 2 4 
1 5 10 7 8 6 2 9 3 4 
1 5 10 7 8 6 3 9 2 4 
1 5 10 7 8 6 9 2 3 4 
1 5 10 7 8 6 9 3 2 4 
1 5 10 7 9 2 3 6 8 4 
1 5 10 7 9 2 8 3 6 4 
1 5 10 7 9 2 8 6 3 4 
1 5 10 7 9 3 2 8 6 4 
1 5 10 7 9 3 6 2 8 4 
1 5 10 7 9 3 6 8 2 4 
1 5 10 7 9 6 2 8 3 4 
1 5 10 7 9 6 3 2 8 4 
1 5 10 7 9 6 8 2 3 4 
1 5 10 7 9 6 8 3 2 4 
1 5 10 8 2 3 6 9 7 4 
1 5 10 8 2 3 9 6 7 4 
1 5 10 8 2 3 9 7 6 4 
1 5 10 8 2 7 6 9 3 4 
1 5 10 8 2 7 9 3 6 4 
1 5 10 8 2 7 9 6 3 4 
1 5 10 8 2 9 3 6 7 4 
1 5 10 8 2 9 7 6 3 4 
1 5 10 8 3 2 7 9 6 4 
1 5 10 8 3 2 9 6 7 4 
1 5 10 8 3 2 9 7 6 4 
1 5 10 8 3 6 2 9 7 4 
1 5 10 8 3 6 7 9 2 4 
1 5 10 8 3 6 9 2 7 4 
1 5 10 8 3 9 2 7 6 4 
1 5 10 8 3 9 6 2 7 4 
1 5 10 8 3 9 7 6 2 4 
1 5 10 8 6 2 3 9 7 4 
1 5 10 8 6 2 7 9 3 4 
1 5 10 8 6 3 2 9 7 4 
1 5 10 8 6 3 9 2 7 4 
1 5 10 8 6 7 9 2 3 4 
1 5 10 8 6 7 9 3 2 4 
1 5 10 8 6 9 3 2 7 4 
1 5 10 8 7 6 2 9 3 4 
1 5 10 8 7 6 3 9 2 4 
1 5 10 8 7 6 9 2 3 4 
1 5 10 8 7 6 9 3 2 4 
1 5 10 8 7 9 2 3 6 4 
1 5 10 8 7 9 3 6 2 4 
1 5 10 8 7 9 6 2 3 4 
1 5 10 8 7 9 6 3 2 4 
1 7 5 2 3 6 9 10 8 4 
1 7 5 2 3 9 6 8 10 4 
1 7 5 2 3 9 6 10 8 4 
1 7 5 2 3 9 10 6 8 4 
1 7 5 2 3 9 10 8 6 4 
1 7 5 2 8 3 6 9 10 4 
1 7 5 2 8 3 9 6 10 4 
1 7 5 2 8 3 9 10 6 4 
1 7 5 2 8 6 3 9 10 4 
1 7 5 2 8 6 9 10 3 4 
1 7 5 2 8 10 3 9 6 4 
1 7 5 2 8 10 6 9 3 4 
1 7 5 2 9 3 6 8 10 4 
1 7 5 2 9 3 6 10 8 4 
1 7 5 2 9 6 8 10 3 4 
1 7 5 2 9 6 10 8 3 4 
1 7 5 2 9 10 3 6 8 4 
1 7 5 2 9 10 6 8 3 4 
1 7 5 2 9 10 8 3 6 4 
1 7 5 2 9 10 8 6 3 4 
1 7 5 6 2 3 9 10 8 4 
1 7 5 6 2 8 3 9 10 4 
1 7 5 6 2 9 10 8 3 4 
1 7 5 6 3 2 9 10 8 4 
1 7 5 6 3 9 2 8 10 4 
1 7 5 6 3 9 10 8 2 4 
1 7 5 6 8 2 3 9 10 4 
1 7 5 6 8 2 9 10 3 4 
1 7 5 6 8 3 2 9 10 4 
1 7 5 6 8 10 3 9 2 4 
1 7 5 6 9 2 8 10 3 4 
1 7 5 6 9 3 2 8 10 4 
1 7 5 6 9 10 3 2 8 4 
1 7 5 6 9 10 8 2 3 4 
1 7 5 6 9 10 8 3 2 4 
1 7 5 6 10 3 9 2 8 4 
1 7 5 6 10 8 2 9 3 4 
1 7 5 6 10 8 3 9 2 4 
1 7 5 8 2 3 6 9 10 4 
1 7 5 8 2 3 9 6 10 4 
1 7 5 8 2 3 9 10 6 4 
1 7 5 8 2 9 3 6 10 4 
1 7 5 8 2 9 6 10 3 4 
1 7 5 8 2 9 10 3 6 4 
1 7 5 8 2 9 10 6 3 4 
1 7 5 8 3 2 9 6 10 4 
1 7 5 8 3 2 9 10 6 4 
1 7 5 8 3 6 2 9 10 4 
1 7 5 8 3 9 10 6 2 4 
1 7 5 8 6 2 3 9 10 4 
1 7 5 8 6 2 9 10 3 4 
1 7 5 8 6 3 2 9 10 4 
1 7 5 8 6 9 10 3 2 4 
1 7 5 8 6 10 3 9 2 4 
1 7 5 8 10 3 2 9 6 4 
1 7 5 8 10 3 6 9 2 4 
1 7 5 8 10 3 9 6 2 4 
1 7 5 8 10 6 2 9 3 4 
1 7 5 8 10 6 3 9 2 4 
1 7 5 8 10 6 9 2 3 4 
1 7 5 8 10 6 9 3 2 4 
1 7 5 9 2 3 6 8 10 4 
1 7 5 9 2 3 6 10 8 4 
1 7 5 9 2 8 3 6 10 4 
1 7 5 9 2 8 6 10 3 4 
1 7 5 9 2 8 10 3 6 4 
1 7 5 9 2 8 10 6 3 4 
1 7 5 9 3 2 8 6 10 4 
1 7 5 9 3 2 8 10 6 4 
1 7 5 9 3 6 2 8 10 4 
1 7 5 9 3 6 10 8 2 4 
1 7 5 9 6 2 8 10 3 4 
1 7 5 9 6 3 2 8 10 4 
1 7 5 9 6 8 10 3 2 4 
1 7 5 9 6 10 3 2 8 4 
1 7 5 9 6 10 8 2 3 4 
1 7 5 9 6 10 8 3 2 4 
1 7 5 9 10 3 2 8 6 4 
1 7 5 9 10 3 6 2 8 4 
1 7 5 9 10 3 6 8 2 4 
1 7 5 9 10 6 2 8 3 4 
1 7 5 9 10 6 3 2 8 4 
1 7 5 9 10 6 8 2 3 4 
1 7 5 9 10 6 8 3 2 4 
1 7 5 9 10 8 2 3 6 4 
1 7 5 9 10 8 3 6 2 4 
1 7 5 9 10 8 6 2 3 4 
1 7 5 9 10 8 6 3 2 4 
1 7 5 10 3 2 9 6 8 4 
1 7 5 10 3 6 9 2 8 4 
1 7 5 10 3 9 2 8 6 4 
1 7 5 10 3 9 6 2 8 4 
1 7 5 10 3 9 6 8 2 4 
1 7 5 10 6 3 9 2 8 4 
1 7 5 10 6 8 2 9 3 4 
1 7 5 10 6 8 3 9 2 4 
1 7 5 10 6 9 2 8 3 4 
1 7 5 10 6 9 3 2 8 4 
1 7 5 10 8 2 3 9 6 4 
1 7 5 10 8 2 9 3 6 4 
1 7 5 10 8 2 9 6 3 4 
1 7 5 10 8 3 2 9 6 4 
1 7 5 10 8 3 6 9 2 4 
1 7 5 10 8 3 9 6 2 4 
1 7 5 10 8 6 2 9 3 4 
1 7 5 10 8 6 3 9 2 4 
1 7 5 10 8 6 9 2 3 4 
1 7 5 10 8 6 9 3 2 4 
1 7 6 2 3 5 9 10 8 4 
1 7 6 2 3 9 5 8 10 4 
1 7 6 2 3 9 5 10 8 4 
1 7 6 2 3 9 10 5 8 4 
1 7 6 2 8 3 5 9 10 4 
1 7 6 2 8 3 9 5 10 4 
1 7 6 2 8 3 9 10 5 4 
1 7 6 2 8 10 3 9 5 4 
1 7 6 2 8 10 5 9 3 4 
1 7 6 2 9 3 5 8 10 4 
1 7 6 2 9 3 5 10 8 4 
1 7 6 2 9 5 8 10 3 4 
1 7 6 2 9 5 10 8 3 4 
1 7 6 2 9 10 3 5 8 4 
1 7 6 2 9 10 5 8 3 4 
1 7 6 2 9 10 8 3 5 4 
1 7 6 3 2 9 5 8 10 4 
1 7 6 3 2 9 5 10 8 4 
1 7 6 3 2 9 10 5 8 4 
1 7 6 3 5 2 9 10 8 4 
1 7 6 3 5 8 2 9 10 4 
1 7 6 3 5 9 2 8 10 4 
1 7 6 3 5 9 10 8 2 4 
1 7 6 3 9 2 8 10 5 4 
1 7 6 3 9 5 2 8 10 4 
1 7 6 3 9 5 10 8 2 4 
1 7 6 3 9 10 5 2 8 4 
1 7 6 3 9 10 5 8 2 4 
1 7 6 5 2 3 9 10 8 4 
1 7 6 5 2 8 3 9 10 4 
1 7 6 5 2 9 10 8 3 4 
1 7 6 5 8 2 3 9 10 4 
1 7 6 5 8 2 9 10 3 4 
1 7 6 5 8 3 2 9 10 4 
1 7 6 5 8 10 3 9 2 4 
1 7 6 5 9 2 8 10 3 4 
1 7 6 5 9 3 2 8 10 4 
1 7 6 5 9 10 3 2 8 4 
1 7 6 5 9 10 8 2 3 4 
1 7 6 5 9 10 8 3 2 4 
1 7 6 5 10 3 9 2 8 4 
1 7 6 5 10 8 2 9 3 4 
1 7 6 5 10 8 3 9 2 4 
1 7 6 8 2 3 5 9 10 4 
1 7 6 8 2 3 9 5 10 4 
1 7 6 8 2 3 9 10 5 4 
1 7 6 8 2 9 3 5 10 4 
1 7 6 8 2 9 5 10 3 4 
1 7 6 8 2 9 10 3 5 4 
1 7 6 8 3 2 9 5 10 4 
1 7 6 8 3 2 9 10 5 4 
1 7 6 8 3 5 2 9 10 4 
1 7 6 8 3 9 10 5 2 4 
1 7 6 8 10 3 2 9 5 4 
1 7 6 8 10 3 5 9 2 4 
1 7 6 8 10 3 9 5 2 4 
1 7 6 8 10 5 2 9 3 4 
1 7 6 8 10 5 9 2 3 4 
1 7 6 8 10 5 9 3 2 4 
1 7 6 9 2 3 5 8 10 4 
1 7 6 9 2 3 5 10 8 4 
1 7 6 9 2 8 3 5 10 4 
1 7 6 9 2 8 10 3 5 4 
1 7 6 9 3 2 8 10 5 4 
1 7 6 9 3 5 2 8 10 4 
1 7 6 9 3 5 10 8 2 4 
1 7 6 9 5 2 8 10 3 4 
1 7 6 9 5 8 10 3 2 4 
1 7 6 9 5 10 3 2 8 4 
1 7 6 9 5 10 8 2 3 4 
1 7 6 9 5 10 8 3 2 4 
1 7 6 9 10 3 5 2 8 4 
1 7 6 9 10 3 5 8 2 4 
1 7 6 9 10 5 2 8 3 4 
1 7 6 9 10 5 8 2 3 4 
1 7 6 9 10 5 8 3 2 4 
1 7 6 9 10 8 2 3 5 4 
1 7 6 9 10 8 3 5 2 4 
1 7 6 10 3 2 9 5 8 4 
1 7 6 10 3 5 9 2 8 4 
1 7 6 10 3 9 5 2 8 4 
1 7 6 10 3 9 5 8 2 4 
1 7 6 10 5 8 2 9 3 4 
1 7 6 10 5 8 3 9 2 4 
1 7 6 10 5 9 2 8 3 4 
1 7 6 10 5 9 3 2 8 4 
1 7 6 10 8 2 3 9 5 4 
1 7 6 10 8 2 9 3 5 4 
1 7 6 10 8 3 2 9 5 4 
1 7 6 10 8 3 5 9 2 4 
1 7 6 10 8 3 9 5 2 4 
1 7 8 2 3 5 6 9 10 4 
1 7 8 2 3 5 9 6 10 4 
1 7 8 2 3 5 9 10 6 4 
1 7 8 2 3 6 5 9 10 4 
1 7 8 2 3 6 9 5 10 4 
1 7 8 2 3 6 9 10 5 4 
1 7 8 2 3 9 5 6 10 4 
1 7 8 2 3 9 5 10 6 4 
1 7 8 2 3 9 6 5 10 4 
1 7 8 2 3 9 6 10 5 4 
1 7 8 2 3 9 10 5 6 4 
1 7 8 2 3 9 10 6 5 4 
1 7 8 2 9 3 5 6 10 4 
1 7 8 2 9 3 5 10 6 4 
1 7 8 2 9 3 6 5 10 4 
1 7 8 2 9 3 6 10 5 4 
1 7 8 2 9 5 6 10 3 4 
1 7 8 2 9 5 10 3 6 4 
1 7 8 2 9 5 10 6 3 4 
1 7 8 2 9 6 3 5 10 4 
1 7 8 2 9 6 5 10 3 4 
1 7 8 2 9 6 10 3 5 4 
1 7 8 2 9 10 3 5 6 4 
1 7 8 2 9 10 3 6 5 4 
1 7 8 2 9 10 5 6 3 4 
1 7 8 2 9 10 6 3 5 4 
1 7 8 3 2 9 5 6 10 4 
1 7 8 3 2 9 5 10 6 4 
1 7 8 3 2 9 6 5 10 4 
1 7 8 3 2 9 6 10 5 4 
1 7 8 3 2 9 10 5 6 4 
1 7 8 3 2 9 10 6 5 4 
1 7 8 3 5 2 9 6 10 4 
1 7 8 3 5 2 9 10 6 4 
1 7 8 3 5 6 2 9 10 4 
1 7 8 3 5 9 10 6 2 4 
1 7 8 3 5 10 6 9 2 4 
1 7 8 3 6 2 9 5 10 4 
1 7 8 3 6 2 9 10 5 4 
1 7 8 3 6 5 2 9 10 4 
1 7 8 3 6 9 10 5 2 4 
1 7 8 3 6 10 5 9 2 4 
1 7 8 3 9 5 10 6 2 4 
1 7 8 3 9 6 10 5 2 4 
1 7 8 3 9 10 5 6 2 4 
1 7 8 3 9 10 6 5 2 4 
1 7 8 6 2 3 5 9 10 4 
1 7 8 6 2 3 9 5 10 4 
1 7 8 6 2 3 9 10 5 4 
1 7 8 6 2 9 3 5 10 4 
1 7 8 6 2 9 5 10 3 4 
1 7 8 6 2 9 10 3 5 4 
1 7 8 6 3 2 9 5 10 4 
1 7 8 6 3 2 9 10 5 4 
1 7 8 6 3 5 2 9 10 4 
1 7 8 6 3 9 10 5 2 4 
1 7 8 6 5 2 3 9 10 4 
1 7 8 6 5 2 9 10 3 4 
1 7 8 6 5 9 10 3 2 4 
1 7 8 6 5 10 3 9 2 4 
1 7 8 6 9 2 3 5 10 4 
1 7 8 6 9 5 10 3 2 4 
1 7 8 6 9 10 3 5 2 4 
1 7 8 6 9 10 5 2 3 4 
1 7 8 6 10 3 2 9 5 4 
1 7 8 6 10 3 5 9 2 4 
1 7 8 6 10 3 9 5 2 4 
1 7 8 6 10 5 2 9 3 4 
1 7 8 6 10 5 9 2 3 4 
1 7 8 6 10 5 9 3 2 4 
1 7 8 10 3 2 9 5 6 4 
1 7 8 10 3 2 9 6 5 4 
1 7 8 10 3 5 2 9 6 4 
1 7 8 10 3 5 6 9 2 4 
1 7 8 10 3 5 9 6 2 4 
1 7 8 10 3 6 2 9 5 4 
1 7 8 10 3 6 5 9 2 4 
1 7 8 10 3 6 9 5 2 4 
1 7 8 10 3 9 5 6 2 4 
1 7 8 10 3 9 6 5 2 4 
1 7 8 10 5 2 3 9 6 4 
1 7 8 10 5 2 9 3 6 4 
1 7 8 10 5 2 9 6 3 4 
1 7 8 10 5 6 2 9 3 4 
1 7 8 10 5 6 3 9 2 4 
1 7 8 10 5 6 9 2 3 4 
1 7 8 10 5 6 9 3 2 4 
1 7 8 10 5 9 2 3 6 4 
1 7 8 10 5 9 3 6 2 4 
1 7 8 10 5 9 6 2 3 4 
1 7 8 10 5 9 6 3 2 4 
1 7 8 10 6 2 3 9 5 4 
1 7 8 10 6 2 9 3 5 4 
1 7 8 10 6 3 2 9 5 4 
1 7 8 10 6 3 5 9 2 4 
1 7 8 10 6 3 9 5 2 4 
1 7 8 10 6 5 2 9 3 4 
1 7 8 10 6 5 9 2 3 4 
1 7 8 10 6 5 9 3 2 4 
1 7 8 10 6 9 2 3 5 4 
1 7 8 10 6 9 3 5 2 4 
1 7 8 10 6 9 5 2 3 4 
1 7 9 2 3 5 6 8 10 4 
1 7 9 2 3 5 6 10 8 4 
1 7 9 2 3 5 8 6 10 4 
1 7 9 2 3 5 8 10 6 4 
1 7 9 2 3 5 10 6 8 4 
1 7 9 2 3 5 10 8 6 4 
1 7 9 2 3 6 5 8 10 4 
1 7 9 2 3 6 5 10 8 4 
1 7 9 2 3 6 8 10 5 4 
1 7 9 2 3 6 10 5 8 4 
1 7 9 2 8 3 5 6 10 4 
1 7 9 2 8 3 5 10 6 4 
1 7 9 2 8 3 6 5 10 4 
1 7 9 2 8 3 6 10 5 4 
1 7 9 2 8 6 3 5 10 4 
1 7 9 2 8 6 5 10 3 4 
1 7 9 2 8 6 10 3 5 4 
1 7 9 2 8 10 3 5 6 4 
1 7 9 2 8 10 3 6 5 4 
1 7 9 2 8 10 5 6 3 4 
1 7 9 2 8 10 6 3 5 4 
1 7 9 3 2 8 6 5 10 4 
1 7 9 3 2 8 6 10 5 4 
1 7 9 3 2 8 10 5 6 4 
1 7 9 3 2 8 10 6 5 4 
1 7 9 3 5 2 8 6 10 4 
1 7 9 3 5 2 8 10 6 4 
1 7 9 3 5 6 2 8 10 4 
1 7 9 3 5 6 10 8 2 4 
1 7 9 3 5 8 10 6 2 4 
1 7 9 3 5 10 6 2 8 4 
1 7 9 3 5 10 6 8 2 4 
1 7 9 3 5 10 8 6 2 4 
1 7 9 3 6 2 8 10 5 4 
1 7 9 3 6 5 2 8 10 4 
1 7 9 3 6 5 10 8 2 4 
1 7 9 3 6 8 10 5 2 4 
1 7 9 3 6 10 5 2 8 4 
1 7 9 3 6 10 5 8 2 4 
1 7 9 5 2 3 6 8 10 4 
1 7 9 5 2 3 6 10 8 4 
1 7 9 5 2 8 3 6 10 4 
1 7 9 5 2 8 6 10 3 4 
1 7 9 5 2 8 10 3 6 4 
1 7 9 5 2 8 10 6 3 4 
1 7 9 5 6 2 8 10 3 4 
1 7 9 5 6 3 2 8 10 4 
1 7 9 5 6 8 10 3 2 4 
1 7 9 5 6 10 3 2 8 4 
1 7 9 5 6 10 8 2 3 4 
1 7 9 5 6 10 8 3 2 4 
1 7 9 5 8 2 3 6 10 4 
1 7 9 5 8 6 10 3 2 4 
1 7 9 5 8 10 3 6 2 4 
1 7 9 5 8 10 6 2 3 4 
1 7 9 5 8 10 6 3 2 4 
1 7 9 5 10 3 2 8 6 4 
1 7 9 5 10 3 6 2 8 4 
1 7 9 5 10 3 6 8 2 4 
1 7 9 5 10 6 2 8 3 4 
1 7 9 5 10 6 3 2 8 4 
1 7 9 5 10 6 8 2 3 4 
1 7 9 5 10 6 8 3 2 4 
1 7 9 5 10 8 2 3 6 4 
1 7 9 5 10 8 3 6 2 4 
1 7 9 5 10 8 6 2 3 4 
1 7 9 5 10 8 6 3 2 4 
1 7 9 6 2 3 5 8 10 4 
1 7 9 6 2 3 5 10 8 4 
1 7 9 6 2 8 3 5 10 4 
1 7 9 6 2 8 10 3 5 4 
1 7 9 6 3 2 8 10 5 4 
1 7 9 6 3 5 2 8 10 4 
1 7 9 6 3 5 10 8 2 4 
1 7 9 6 5 2 8 10 3 4 
1 7 9 6 5 8 10 3 2 4 
1 7 9 6 5 10 3 2 8 4 
1 7 9 6 5 10 8 2 3 4 
1 7 9 6 5 10 8 3 2 4 
1 7 9 6 8 2 3 5 10 4 
1 7 9 6 8 10 3 5 2 4 
1 7 9 6 8 10 5 2 3 4 
1 7 9 6 10 3 5 2 8 4 
1 7 9 6 10 3 5 8 2 4 
1 7 9 6 10 5 2 8 3 4 
1 7 9 6 10 5 8 2 3 4 
1 7 9 6 10 5 8 3 2 4 
1 7 9 6 10 8 2 3 5 4 
1 7 9 6 10 8 3 5 2 4 
1 7 9 10 3 2 8 6 5 4 
1 7 9 10 3 5 2 8 6 4 
1 7 9 10 3 5 6 2 8 4 
1 7 9 10 3 5 6 8 2 4 
1 7 9 10 3 5 8 6 2 4 
1 7 9 10 3 6 5 2 8 4 
1 7 9 10 3 6 5 8 2 4 
1 7 9 10 5 2 3 6 8 4 
1 7 9 10 5 2 8 3 6 4 
1 7 9 10 5 2 8 6 3 4 
1 7 9 10 5 6 2 8 3 4 
1 7 9 10 5 6 3 2 8 4 
1 7 9 10 5 6 8 2 3 4 
1 7 9 10 5 6 8 3 2 4 
1 7 9 10 5 8 2 3 6 4 
1 7 9 10 5 8 3 6 2 4 
1 7 9 10 5 8 6 2 3 4 
1 7 9 10 5 8 6 3 2 4 
1 7 9 10 6 2 3 5 8 4 
1 7 9 10 6 2 8 3 5 4 
1 7 9 10 6 3 5 2 8 4 
1 7 9 10 6 3 5 8 2 4 
1 7 9 10 6 5 2 8 3 4 
1 7 9 10 6 5 8 2 3 4 
1 7 9 10 6 5 8 3 2 4 
1 7 9 10 6 8 2 3 5 4 
1 7 9 10 6 8 3 5 2 4 
1 7 9 10 8 2 3 5 6 4 
1 7 9 10 8 2 3 6 5 4 
1 7 9 10 8 3 5 6 2 4 
1 7 9 10 8 3 6 5 2 4 
1 7 9 10 8 6 2 3 5 4 
1 7 9 10 8 6 3 5 2 4 
1 7 9 10 8 6 5 2 3 4 
1 8 2 3 5 6 7 9 10 4 
1 8 2 3 5 6 9 10 7 4 
1 8 2 3 5 9 6 10 7 4 
1 8 2 3 5 9 7 6 10 4 
1 8 2 3 5 9 10 6 7 4 
1 8 2 3 5 9 10 7 6 4 
1 8 2 3 5 10 6 9 7 4 
1 8 2 3 5 10 7 9 6 4 
1 8 2 3 6 5 9 10 7 4 
1 8 2 3 6 7 5 9 10 4 
1 8 2 3 6 7 9 5 10 4 
1 8 2 3 6 7 9 10 5 4 
1 8 2 3 6 9 5 10 7 4 
1 8 2 3 6 9 7 5 10 4 
1 8 2 3 6 9 10 7 5 4 
1 8 2 3 6 10 5 9 7 4 
1 8 2 3 6 10 7 9 5 4 
1 8 2 3 9 5 6 10 7 4 
1 8 2 3 9 5 10 6 7 4 
1 8 2 3 9 5 10 7 6 4 
1 8 2 3 9 6 5 10 7 4 
1 8 2 3 9 6 7 5 10 4 
1 8 2 3 9 6 10 7 5 4 
1 8 2 3 9 7 5 6 10 4 
1 8 2 3 9 7 5 10 6 4 
1 8 2 3 9 7 6 5 10 4 
1 8 2 3 9 7 6 10 5 4 
1 8 2 3 9 10 5 6 7 4 
1 8 2 3 9 10 6 7 5 4 
1 8 2 3 9 10 7 5 6 4 
1 8 2 3 9 10 7 6 5 4 
1 8 2 7 5 6 3 9 10 4 
1 8 2 7 5 6 9 10 3 4 
1 8 2 7 5 9 3 6 10 4 
1 8 2 7 5 9 6 10 3 4 
1 8 2 7 5 9 10 3 6 4 
1 8 2 7 5 9 10 6 3 4 
1 8 2 7 5 10 3 9 6 4 
1 8 2 7 5 10 6 9 3 4 
1 8 2 7 6 3 5 9 10 4 
1 8 2 7 6 3 9 5 10 4 
1 8 2 7 6 3 9 10 5 4 
1 8 2 7 6 5 9 10 3 4 
1 8 2 7 6 9 3 5 10 4 
1 8 2 7 6 9 5 10 3 4 
1 8 2 7 6 9 10 3 5 4 
1 8 2 7 6 10 3 9 5 4 
1 8 2 7 6 10 5 9 3 4 
1 8 2 7 9 3 5 6 10 4 
1 8 2 7 9 3 5 10 6 4 
1 8 2 7 9 3 6 5 10 4 
1 8 2 7 9 3 6 10 5 4 
1 8 2 7 9 5 6 10 3 4 
1 8 2 7 9 5 10 3 6 4 
1 8 2 7 9 5 10 6 3 4 
1 8 2 7 9 6 3 5 10 4 
1 8 2 7 9 6 5 10 3 4 
1 8 2 7 9 6 10 3 5 4 
1 8 2 7 9 10 3 5 6 4 
1 8 2 7 9 10 3 6 5 4 
1 8 2 7 9 10 5 6 3 4 
1 8 2 7 9 10 6 3 5 4 
1 8 2 9 3 5 6 10 7 4 
1 8 2 9 3 5 10 6 7 4 
1 8 2 9 3 5 10 7 6 4 
1 8 2 9 3 6 5 10 7 4 
1 8 2 9 3 6 7 5 10 4 
1 8 2 9 3 6 10 7 5 4 
1 8 2 9 5 10 3 6 7 4 
1 8 2 9 5 10 7 6 3 4 
1 8 2 9 6 3 5 10 7 4 
1 8 2 9 6 7 5 10 3 4 
1 8 2 9 7 5 6 10 3 4 
1 8 2 9 7 5 10 3 6 4 
1 8 2 9 7 5 10 6 3 4 
1 8 2 9 7 6 3 5 10 4 
1 8 2 9 7 6 5 10 3 4 
1 8 2 9 7 6 10 3 5 4 
1 8 2 9 10 3 5 6 7 4 
1 8 2 9 10 3 6 7 5 4 
1 8 2 9 10 7 5 6 3 4 
1 8 2 9 10 7 6 3 5 4 
1 8 3 2 7 5 6 9 10 4 
1 8 3 2 7 5 9 6 10 4 
1 8 3 2 7 5 9 10 6 4 
1 8 3 2 7 6 5 9 10 4 
1 8 3 2 7 6 9 5 10 4 
1 8 3 2 7 6 9 10 5 4 
1 8 3 2 7 9 5 6 10 4 
1 8 3 2 7 9 5 10 6 4 
1 8 3 2 7 9 6 5 10 4 
1 8 3 2 7 9 6 10 5 4 
1 8 3 2 7 9 10 5 6 4 
1 8 3 2 7 9 10 6 5 4 
1 8 3 2 9 5 6 10 7 4 
1 8 3 2 9 5 10 6 7 4 
1 8 3 2 9 5 10 7 6 4 
1 8 3 2 9 6 5 10 7 4 
1 8 3 2 9 6 7 5 10 4 
1 8 3 2 9 6 10 7 5 4 
1 8 3 2 9 7 5 6 10 4 
1 8 3 2 9 7 5 10 6 4 
1 8 3 2 9 7 6 5 10 4 
1 8 3 2 9 7 6 10 5 4 
1 8 3 2 9 10 5 6 7 4 
1 8 3 2 9 10 6 7 5 4 
1 8 3 2 9 10 7 5 6 4 
1 8 3 2 9 10 7 6 5 4 
1 8 3 5 2 7 6 9 10 4 
1 8 3 5 2 7 9 6 10 4 
1 8 3 5 2 7 9 10 6 4 
1 8 3 5 2 9 6 10 7 4 
1 8 3 5 2 9 7 6 10 4 
1 8 3 5 2 9 10 6 7 4 
1 8 3 5 2 9 10 7 6 4 
1 8 3 5 6 2 7 9 10 4 
1 8 3 5 6 2 9 10 7 4 
1 8 3 5 6 10 7 9 2 4 
1 8 3 5 9 2 7 6 10 4 
1 8 3 5 9 10 6 2 7 4 
1 8 3 5 9 10 7 6 2 4 
1 8 3 5 10 6 2 9 7 4 
1 8 3 5 10 6 7 9 2 4 
1 8 3 5 10 6 9 2 7 4 
1 8 3 5 10 7 6 9 2 4 
1 8 3 5 10 7 9 6 2 4 
1 8 3 6 2 7 5 9 10 4 
1 8 3 6 2 7 9 5 10 4 
1 8 3 6 2 7 9 10 5 4 
1 8 3 6 2 9 5 10 7 4 
1 8 3 6 2 9 7 5 10 4 
1 8 3 6 2 9 10 7 5 4 
1 8 3 6 5 2 7 9 10 4 
1 8 3 6 5 2 9 10 7 4 
1 8 3 6 5 10 7 9 2 4 
1 8 3 6 7 5 2 9 10 4 
1 8 3 6 7 9 10 5 2 4 
1 8 3 6 9 2 7 5 10 4 
1 8 3 6 9 10 5 2 7 4 
1 8 3 6 9 10 7 5 2 4 
1 8 3 6 10 5 2 9 7 4 
1 8 3 6 10 5 9 2 7 4 
1 8 3 6 10 7 5 9 2 4 
1 8 3 6 10 7 9 5 2 4 
1 8 3 9 2 7 5 6 10 4 
1 8 3 9 2 7 5 10 6 4 
1 8 3 9 2 7 6 5 10 4 
1 8 3 9 2 7 6 10 5 4 
1 8 3 9 5 2 7 6 10 4 
1 8 3 9 5 10 6 2 7 4 
1 8 3 9 5 10 7 6 2 4 
1 8 3 9 6 2 7 5 10 4 
1 8 3 9 6 10 5 2 7 4 
1 8 3 9 6 10 7 5 2 4 
1 8 3 9 7 5 10 6 2 4 
1 8 3 9 7 6 10 5 2 4 
1 8 3 9 10 5 2 7 6 4 
1 8 3 9 10 5 6 2 7 4 
1 8 3 9 10 6 2 7 5 4 
1 8 3 9 10 6 5 2 7 4 
1 8 3 9 10 6 7 5 2 4 
1 8 3 9 10 7 5 6 2 4 
1 8 3 9 10 7 6 5 2 4 
1 8 6 2 3 5 9 10 7 4 
1 8 6 2 3 9 5 10 7 4 
1 8 6 2 3 9 7 5 10 4 
1 8 6 2 3 9 10 7 5 4 
1 8 6 2 7 5 9 10 3 4 
1 8 6 2 7 9 3 5 10 4 
1 8 6 2 7 9 5 10 3 4 
1 8 6 2 7 9 10 3 5 4 
1 8 6 2 9 3 5 10 7 4 
1 8 6 2 9 7 5 10 3 4 
1 8 6 3 2 7 5 9 10 4 
1 8 6 3 2 7 9 5 10 4 
1 8 6 3 2 7 9 10 5 4 
1 8 6 3 2 9 5 10 7 4 
1 8 6 3 2 9 7 5 10 4 
1 8 6 3 2 9 10 7 5 4 
1 8 6 3 5 2 7 9 10 4 
1 8 6 3 5 2 9 10 7 4 
1 8 6 3 5 10 7 9 2 4 
1 8 6 3 9 2 7 5 10 4 
1 8 6 3 9 10 5 2 7 4 
1 8 6 3 9 10 7 5 2 4 
1 8 6 5 2 3 9 10 7 4 
1 8 6 5 2 7 9 10 3 4 
1 8 6 5 9 10 3 2 7 4 
1 8 6 5 10 3 2 9 7 4 
1 8 6 5 10 3 9 2 7 4 
1 8 6 5 10 7 9 2 3 4 
1 8 6 5 10 7 9 3 2 4 
1 8 6 7 5 2 3 9 10 4 
1 8 6 7 5 2 9 10 3 4 
1 8 6 7 5 9 10 3 2 4 
1 8 6 7 5 10 3 9 2 4 
1 8 6 7 9 2 3 5 10 4 
1 8 6 7 9 5 10 3 2 4 
1 8 6 7 9 10 3 5 2 4 
1 8 6 7 9 10 5 2 3 4 
1 8 6 9 2 3 5 10 7 4 
1 8 6 9 2 7 5 10 3 4 
1 8 6 9 3 2 7 5 10 4 
1 8 6 9 5 10 3 2 7 4 
1 8 6 9 7 5 10 3 2 4 
1 8 6 9 10 3 2 7 5 4 
1 8 6 9 10 3 5 2 7 4 
1 8 6 9 10 7 5 2 3 4 
1 8 6 10 3 2 7 9 5 4 
1 8 6 10 3 2 9 7 5 4 
1 8 6 10 3 5 2 9 7 4 
1 8 6 10 3 5 9 2 7 4 
1 8 6 10 3 9 2 7 5 4 
1 8 6 10 3 9 5 2 7 4 
1 8 6 10 3 9 7 5 2 4 
1 8 6 10 5 2 3 9 7 4 
1 8 6 10 5 2 7 9 3 4 
1 8 6 10 5 9 3 2 7 4 
1 8 6 10 7 5 2 9 3 4 
1 8 6 10 7 5 9 2 3 4 
1 8 6 10 7 5 9 3 2 4 
1 8 6 10 7 9 2 3 5 4 
1 8 6 10 7 9 3 5 2 4 
1 8 6 10 7 9 5 2 3 4 
1 8 7 5 2 3 6 9 10 4 
1 8 7 5 2 3 9 6 10 4 
1 8 7 5 2 3 9 10 6 4 
1 8 7 5 2 9 3 6 10 4 
1 8 7 5 2 9 6 10 3 4 
1 8 7 5 2 9 10 3 6 4 
1 8 7 5 2 9 10 6 3 4 
1 8 7 5 6 2 3 9 10 4 
1 8 7 5 6 2 9 10 3 4 
1 8 7 5 6 3 2 9 10 4 
1 8 7 5 6 9 10 3 2 4 
1 8 7 5 6 10 3 9 2 4 
1 8 7 5 9 2 3 6 10 4 
1 8 7 5 9 6 10 3 2 4 
1 8 7 5 9 10 3 6 2 4 
1 8 7 5 9 10 6 2 3 4 
1 8 7 5 9 10 6 3 2 4 
1 8 7 5 10 3 2 9 6 4 
1 8 7 5 10 3 6 9 2 4 
1 8 7 5 10 3 9 6 2 4 
1 8 7 5 10 6 2 9 3 4 
1 8 7 5 10 6 3 9 2 4 
1 8 7 5 10 6 9 2 3 4 
1 8 7 5 10 6 9 3 2 4 
1 8 7 6 2 3 5 9 10 4 
1 8 7 6 2 3 9 5 10 4 
1 8 7 6 2 3 9 10 5 4 
1 8 7 6 2 9 3 5 10 4 
1 8 7 6 2 9 5 10 3 4 
1 8 7 6 2 9 10 3 5 4 
1 8 7 6 3 2 9 5 10 4 
1 8 7 6 3 2 9 10 5 4 
1 8 7 6 3 5 2 9 10 4 
1 8 7 6 3 9 10 5 2 4 
1 8 7 6 5 2 3 9 10 4 
1 8 7 6 5 2 9 10 3 4 
1 8 7 6 5 9 10 3 2 4 
1 8 7 6 5 10 3 9 2 4 
1 8 7 6 9 2 3 5 10 4 
1 8 7 6 9 5 10 3 2 4 
1 8 7 6 9 10 3 5 2 4 
1 8 7 6 9 10 5 2 3 4 
1 8 7 6 10 3 2 9 5 4 
1 8 7 6 10 3 5 9 2 4 
1 8 7 6 10 3 9 5 2 4 
1 8 7 6 10 5 2 9 3 4 
1 8 7 6 10 5 9 2 3 4 
1 8 7 6 10 5 9 3 2 4 
1 8 7 9 2 3 5 6 10 4 
1 8 7 9 2 3 5 10 6 4 
1 8 7 9 2 3 6 5 10 4 
1 8 7 9 2 3 6 10 5 4 
1 8 7 9 3 5 10 6 2 4 
1 8 7 9 3 6 10 5 2 4 
1 8 7 9 5 2 3 6 10 4 
1 8 7 9 5 6 10 3 2 4 
1 8 7 9 5 10 3 6 2 4 
1 8 7 9 5 10 6 2 3 4 
1 8 7 9 5 10 6 3 2 4 
1 8 7 9 6 2 3 5 10 4 
1 8 7 9 6 5 10 3 2 4 
1 8 7 9 6 10 3 5 2 4 
1 8 7 9 6 10 5 2 3 4 
1 8 7 9 10 3 5 6 2 4 
1 8 7 9 10 3 6 5 2 4 
1 8 7 9 10 5 2 3 6 4 
1 8 7 9 10 5 6 2 3 4 
1 8 7 9 10 5 6 3 2 4 
1 8 7 9 10 6 2 3 5 4 
1 8 7 9 10 6 3 5 2 4 
1 8 7 9 10 6 5 2 3 4 
1 8 10 3 2 7 5 9 6 4 
1 8 10 3 2 7 6 9 5 4 
1 8 10 3 2 7 9 5 6 4 
1 8 10 3 2 7 9 6 5 4 
1 8 10 3 2 9 5 6 7 4 
1 8 10 3 2 9 6 7 5 4 
1 8 10 3 2 9 7 5 6 4 
1 8 10 3 2 9 7 6 5 4 
1 8 10 3 5 2 7 9 6 4 
1 8 10 3 5 2 9 6 7 4 
1 8 10 3 5 2 9 7 6 4 
1 8 10 3 5 6 2 9 7 4 
1 8 10 3 5 6 7 9 2 4 
1 8 10 3 5 6 9 2 7 4 
1 8 10 3 5 9 2 7 6 4 
1 8 10 3 5 9 6 2 7 4 
1 8 10 3 5 9 7 6 2 4 
1 8 10 3 6 2 7 9 5 4 
1 8 10 3 6 2 9 7 5 4 
1 8 10 3 6 5 2 9 7 4 
1 8 10 3 6 5 9 2 7 4 
1 8 10 3 6 7 5 9 2 4 
1 8 10 3 6 7 9 5 2 4 
1 8 10 3 6 9 2 7 5 4 
1 8 10 3 6 9 5 2 7 4 
1 8 10 3 6 9 7 5 2 4 
1 8 10 3 9 2 7 5 6 4 
1 8 10 3 9 2 7 6 5 4 
1 8 10 3 9 5 2 7 6 4 
1 8 10 3 9 5 6 2 7 4 
1 8 10 3 9 6 2 7 5 4 
1 8 10 3 9 6 5 2 7 4 
1 8 10 3 9 6 7 5 2 4 
1 8 10 3 9 7 5 6 2 4 
1 8 10 3 9 7 6 5 2 4 
1 8 10 5 2 3 6 9 7 4 
1 8 10 5 2 3 9 6 7 4 
1 8 10 5 2 3 9 7 6 4 
1 8 10 5 2 7 6 9 3 4 
1 8 10 5 2 7 9 3 6 4 
1 8 10 5 2 7 9 6 3 4 
1 8 10 5 2 9 3 6 7 4 
1 8 10 5 2 9 7 6 3 4 
1 8 10 5 6 2 3 9 7 4 
1 8 10 5 6 2 7 9 3 4 
1 8 10 5 6 3 2 9 7 4 
1 8 10 5 6 3 9 2 7 4 
1 8 10 5 6 7 9 2 3 4 
1 8 10 5 6 7 9 3 2 4 
1 8 10 5 6 9 3 2 7 4 
1 8 10 5 9 2 3 6 7 4 
1 8 10 5 9 2 7 6 3 4 
1 8 10 5 9 3 2 7 6 4 
1 8 10 5 9 3 6 2 7 4 
1 8 10 5 9 6 3 2 7 4 
1 8 10 5 9 7 6 2 3 4 
1 8 10 5 9 7 6 3 2 4 
1 8 10 6 2 3 5 9 7 4 
1 8 10 6 2 3 9 7 5 4 
1 8 10 6 2 7 5 9 3 4 
1 8 10 6 2 7 9 3 5 4 
1 8 10 6 3 2 7 9 5 4 
1 8 10 6 3 2 9 7 5 4 
1 8 10 6 3 5 2 9 7 4 
1 8 10 6 3 5 9 2 7 4 
1 8 10 6 3 9 2 7 5 4 
1 8 10 6 3 9 5 2 7 4 
1 8 10 6 3 9 7 5 2 4 
1 8 10 6 5 2 3 9 7 4 
1 8 10 6 5 2 7 9 3 4 
1 8 10 6 5 9 3 2 7 4 
1 8 10 6 7 5 2 9 3 4 
1 8 10 6 7 5 9 2 3 4 
1 8 10 6 7 5 9 3 2 4 
1 8 10 6 7 9 2 3 5 4 
1 8 10 6 7 9 3 5 2 4 
1 8 10 6 7 9 5 2 3 4 
1 8 10 6 9 3 2 7 5 4 
1 8 10 6 9 3 5 2 7 4 
1 8 10 6 9 7 5 2 3 4 
1 8 10 7 5 2 3 9 6 4 
1 8 10 7 5 2 9 3 6 4 
1 8 10 7 5 2 9 6 3 4 
1 8 10 7 5 6 2 9 3 4 
1 8 10 7 5 6 3 9 2 4 
1 8 10 7 5 6 9 2 3 4 
1 8 10 7 5 6 9 3 2 4 
1 8 10 7 5 9 2 3 6 4 
1 8 10 7 5 9 3 6 2 4 
1 8 10 7 5 9 6 2 3 4 
1 8 10 7 5 9 6 3 2 4 
1 8 10 7 6 2 3 9 5 4 
1 8 10 7 6 2 9 3 5 4 
1 8 10 7 6 3 2 9 5 4 
1 8 10 7 6 3 5 9 2 4 
1 8 10 7 6 3 9 5 2 4 
1 8 10 7 6 5 2 9 3 4 
1 8 10 7 6 5 9 2 3 4 
1 8 10 7 6 5 9 3 2 4 
1 8 10 7 6 9 2 3 5 4 
1 8 10 7 6 9 3 5 2 4 
1 8 10 7 6 9 5 2 3 4 
1 8 10 7 9 2 3 5 6 4 
1 8 10 7 9 2 3 6 5 4 
1 8 10 7 9 3 5 6 2 4 
1 8 10 7 9 3 6 5 2 4 
1 8 10 7 9 5 2 3 6 4 
1 8 10 7 9 5 6 2 3 4 
1 8 10 7 9 5 6 3 2 4 
1 8 10 7 9 6 2 3 5 4 
1 8 10 7 9 6 3 5 2 4 
1 8 10 7 9 6 5 2 3 4 
1 9 2 3 5 6 7 8 10 4 
1 9 2 3 5 6 8 10 7 4 
1 9 2 3 5 6 10 7 8 4 
1 9 2 3 5 6 10 8 7 4 
1 9 2 3 5 8 6 10 7 4 
1 9 2 3 5 8 7 6 10 4 
1 9 2 3 5 8 10 6 7 4 
1 9 2 3 5 8 10 7 6 4 
1 9 2 3 5 10 6 7 8 4 
1 9 2 3 5 10 6 8 7 4 
1 9 2 3 5 10 7 6 8 4 
1 9 2 3 5 10 7 8 6 4 
1 9 2 3 5 10 8 6 7 4 
1 9 2 3 5 10 8 7 6 4 
1 9 2 3 6 5 8 10 7 4 
1 9 2 3 6 5 10 7 8 4 
1 9 2 3 6 5 10 8 7 4 
1 9 2 3 6 7 5 8 10 4 
1 9 2 3 6 7 5 10 8 4 
1 9 2 3 6 7 8 10 5 4 
1 9 2 3 6 8 7 5 10 4 
1 9 2 3 6 8 10 7 5 4 
1 9 2 3 6 10 5 8 7 4 
1 9 2 3 6 10 7 5 8 4 
1 9 2 3 6 10 8 7 5 4 
1 9 2 7 5 6 8 10 3 4 
1 9 2 7 5 6 10 8 3 4 
1 9 2 7 5 8 3 6 10 4 
1 9 2 7 5 8 6 10 3 4 
1 9 2 7 5 8 10 3 6 4 
1 9 2 7 5 8 10 6 3 4 
1 9 2 7 5 10 3 6 8 4 
1 9 2 7 5 10 6 8 3 4 
1 9 2 7 5 10 8 3 6 4 
1 9 2 7 5 10 8 6 3 4 
1 9 2 7 6 3 5 8 10 4 
1 9 2 7 6 3 5 10 8 4 
1 9 2 7 6 5 8 10 3 4 
1 9 2 7 6 5 10 8 3 4 
1 9 2 7 6 8 3 5 10 4 
1 9 2 7 6 8 10 3 5 4 
1 9 2 7 6 10 3 5 8 4 
1 9 2 7 6 10 5 8 3 4 
1 9 2 7 6 10 8 3 5 4 
1 9 2 7 8 3 5 6 10 4 
1 9 2 7 8 3 5 10 6 4 
1 9 2 7 8 3 6 5 10 4 
1 9 2 7 8 3 6 10 5 4 
1 9 2 7 8 6 3 5 10 4 
1 9 2 7 8 6 5 10 3 4 
1 9 2 7 8 6 10 3 5 4 
1 9 2 7 8 10 3 5 6 4 
1 9 2 7 8 10 3 6 5 4 
1 9 2 7 8 10 5 6 3 4 
1 9 2 7 8 10 6 3 5 4 
1 9 2 8 3 5 6 10 7 4 
1 9 2 8 3 5 10 6 7 4 
1 9 2 8 3 5 10 7 6 4 
1 9 2 8 3 6 5 10 7 4 
1 9 2 8 3 6 7 5 10 4 
1 9 2 8 3 6 10 7 5 4 
1 9 2 8 6 3 5 10 7 4 
1 9 2 8 6 7 5 10 3 4 
1 9 2 8 7 5 6 10 3 4 
1 9 2 8 7 5 10 3 6 4 
1 9 2 8 7 5 10 6 3 4 
1 9 2 8 7 6 3 5 10 4 
1 9 2 8 7 6 5 10 3 4 
1 9 2 8 7 6 10 3 5 4 
1 9 2 8 10 3 5 6 7 4 
1 9 2 8 10 3 6 7 5 4 
1 9 2 8 10 7 5 6 3 4 
1 9 2 8 10 7 6 3 5 4 
1 9 3 2 7 5 6 8 10 4 
1 9 3 2 7 5 6 10 8 4 
1 9 3 2 7 5 8 6 10 4 
1 9 3 2 7 5 8 10 6 4 
1 9 3 2 7 5 10 6 8 4 
1 9 3 2 7 5 10 8 6 4 
1 9 3 2 7 6 5 8 10 4 
1 9 3 2 7 6 5 10 8 4 
1 9 3 2 7 6 8 10 5 4 
1 9 3 2 7 6 10 5 8 4 
1 9 3 2 7 8 6 5 10 4 
1 9 3 2 7 8 6 10 5 4 
1 9 3 2 7 8 10 5 6 4 
1 9 3 2 7 8 10 6 5 4 
1 9 3 2 8 6 5 10 7 4 
1 9 3 2 8 6 7 5 10 4 
1 9 3 2 8 6 10 7 5 4 
1 9 3 2 8 7 5 6 10 4 
1 9 3 2 8 7 5 10 6 4 
1 9 3 2 8 7 6 5 10 4 
1 9 3 2 8 7 6 10 5 4 
1 9 3 2 8 10 5 6 7 4 
1 9 3 2 8 10 6 7 5 4 
1 9 3 2 8 10 7 5 6 4 
1 9 3 2 8 10 7 6 5 4 
1 9 3 5 2 7 6 8 10 4 
1 9 3 5 2 7 6 10 8 4 
1 9 3 5 2 7 8 6 10 4 
1 9 3 5 2 7 8 10 6 4 
1 9 3 5 2 8 6 10 7 4 
1 9 3 5 2 8 7 6 10 4 
1 9 3 5 2 8 10 6 7 4 
1 9 3 5 2 8 10 7 6 4 
1 9 3 5 6 2 7 8 10 4 
1 9 3 5 6 2 8 10 7 4 
1 9 3 5 6 10 7 8 2 4 
1 9 3 5 6 10 8 2 7 4 
1 9 3 5 8 2 7 6 10 4 
1 9 3 5 8 10 6 2 7 4 
1 9 3 5 8 10 7 6 2 4 
1 9 3 5 10 6 2 7 8 4 
1 9 3 5 10 6 2 8 7 4 
1 9 3 5 10 6 7 8 2 4 
1 9 3 5 10 6 8 2 7 4 
1 9 3 5 10 7 6 2 8 4 
1 9 3 5 10 7 6 8 2 4 
1 9 3 5 10 7 8 6 2 4 
1 9 3 5 10 8 2 7 6 4 
1 9 3 5 10 8 6 2 7 4 
1 9 3 5 10 8 7 6 2 4 
1 9 3 6 2 7 5 8 10 4 
1 9 3 6 2 7 5 10 8 4 
1 9 3 6 2 7 8 10 5 4 
1 9 3 6 2 8 7 5 10 4 
1 9 3 6 2 8 10 7 5 4 
1 9 3 6 5 2 7 8 10 4 
1 9 3 6 5 2 8 10 7 4 
1 9 3 6 5 10 7 8 2 4 
1 9 3 6 5 10 8 2 7 4 
1 9 3 6 7 5 2 8 10 4 
1 9 3 6 7 5 10 8 2 4 
1 9 3 6 7 8 10 5 2 4 
1 9 3 6 8 2 7 5 10 4 
1 9 3 6 8 10 5 2 7 4 
1 9 3 6 8 10 7 5 2 4 
1 9 3 6 10 5 2 7 8 4 
1 9 3 6 10 5 2 8 7 4 
1 9 3 6 10 5 8 2 7 4 
1 9 3 6 10 7 5 2 8 4 
1 9 3 6 10 7 5 8 2 4 
1 9 3 6 10 8 2 7 5 4 
1 9 3 6 10 8 7 5 2 4 
1 9 5 2 3 6 7 8 10 4 
1 9 5 2 3 6 8 10 7 4 
1 9 5 2 3 6 10 7 8 4 
1 9 5 2 3 6 10 8 7 4 
1 9 5 2 7 6 8 10 3 4 
1 9 5 2 7 6 10 8 3 4 
1 9 5 2 7 8 3 6 10 4 
1 9 5 2 7 8 6 10 3 4 
1 9 5 2 7 8 10 3 6 4 
1 9 5 2 7 8 10 6 3 4 
1 9 5 2 8 3 6 10 7 4 
1 9 5 2 8 7 6 10 3 4 
1 9 5 2 8 10 3 6 7 4 
1 9 5 2 8 10 7 6 3 4 
1 9 5 6 2 7 8 10 3 4 
1 9 5 6 3 2 7 8 10 4 
1 9 5 6 3 2 8 10 7 4 
1 9 5 6 7 8 10 3 2 4 
1 9 5 6 8 10 3 2 7 4 
1 9 5 6 10 3 2 7 8 4 
1 9 5 6 10 3 2 8 7 4 
1 9 5 6 10 7 8 2 3 4 
1 9 5 6 10 7 8 3 2 4 
1 9 5 6 10 8 3 2 7 4 
1 9 5 8 2 3 6 10 7 4 
1 9 5 8 2 7 6 10 3 4 
1 9 5 8 3 2 7 6 10 4 
1 9 5 8 6 10 3 2 7 4 
1 9 5 8 7 6 10 3 2 4 
1 9 5 8 10 3 2 7 6 4 
1 9 5 8 10 3 6 2 7 4 
1 9 5 8 10 6 3 2 7 4 
1 9 5 8 10 7 6 2 3 4 
1 9 5 8 10 7 6 3 2 4 
1 9 5 10 3 2 7 6 8 4 
1 9 5 10 3 2 7 8 6 4 
1 9 5 10 3 2 8 6 7 4 
1 9 5 10 3 2 8 7 6 4 
1 9 5 10 3 6 2 7 8 4 
1 9 5 10 3 6 2 8 7 4 
1 9 5 10 3 6 7 8 2 4 
1 9 5 10 3 6 8 2 7 4 
1 9 5 10 6 2 7 8 3 4 
1 9 5 10 6 3 2 7 8 4 
1 9 5 10 6 3 2 8 7 4 
1 9 5 10 6 7 8 2 3 4 
1 9 5 10 6 7 8 3 2 4 
1 9 5 10 6 8 3 2 7 4 
1 9 5 10 7 6 2 8 3 4 
1 9 5 10 7 6 3 2 8 4 
1 9 5 10 7 6 8 2 3 4 
1 9 5 10 7 6 8 3 2 4 
1 9 5 10 7 8 2 3 6 4 
1 9 5 10 7 8 3 6 2 4 
1 9 5 10 7 8 6 2 3 4 
1 9 5 10 7 8 6 3 2 4 
1 9 5 10 8 2 3 6 7 4 
1 9 5 10 8 2 7 6 3 4 
1 9 5 10 8 3 2 7 6 4 
1 9 5 10 8 3 6 2 7 4 
1 9 5 10 8 6 3 2 7 4 
1 9 5 10 8 7 6 2 3 4 
1 9 5 10 8 7 6 3 2 4 
1 9 6 2 3 5 8 10 7 4 
1 9 6 2 3 5 10 7 8 4 
1 9 6 2 3 5 10 8 7 4 
1 9 6 2 7 5 8 10 3 4 
1 9 6 2 7 5 10 8 3 4 
1 9 6 2 7 8 3 5 10 4 
1 9 6 2 7 8 10 3 5 4 
1 9 6 2 8 3 5 10 7 4 
1 9 6 2 8 7 5 10 3 4 
1 9 6 3 2 7 5 8 10 4 
1 9 6 3 2 7 5 10 8 4 
1 9 6 3 2 7 8 10 5 4 
1 9 6 3 2 8 7 5 10 4 
1 9 6 3 2 8 10 7 5 4 
1 9 6 3 5 2 7 8 10 4 
1 9 6 3 5 2 8 10 7 4 
1 9 6 3 5 10 7 8 2 4 
1 9 6 3 5 10 8 2 7 4 
1 9 6 5 2 7 8 10 3 4 
1 9 6 5 8 10 3 2 7 4 
1 9 6 5 10 3 2 7 8 4 
1 9 6 5 10 3 2 8 7 4 
1 9 6 5 10 7 8 2 3 4 
1 9 6 5 10 7 8 3 2 4 
1 9 6 5 10 8 3 2 7 4 
1 9 6 7 5 2 8 10 3 4 
1 9 6 7 5 8 10 3 2 4 
1 9 6 7 5 10 3 2 8 4 
1 9 6 7 5 10 8 2 3 4 
1 9 6 7 5 10 8 3 2 4 
1 9 6 7 8 2 3 5 10 4 
1 9 6 7 8 10 3 5 2 4 
1 9 6 7 8 10 5 2 3 4 
1 9 6 8 2 3 5 10 7 4 
1 9 6 8 2 7 5 10 3 4 
1 9 6 8 3 2 7 5 10 4 
1 9 6 8 7 5 10 3 2 4 
1 9 6 8 10 3 2 7 5 4 
1 9 6 8 10 3 5 2 7 4 
1 9 6 8 10 7 5 2 3 4 
1 9 6 10 3 2 7 5 8 4 
1 9 6 10 3 2 8 7 5 4 
1 9 6 10 3 5 2 7 8 4 
1 9 6 10 3 5 2 8 7 4 
1 9 6 10 3 5 8 2 7 4 
1 9 6 10 5 2 7 8 3 4 
1 9 6 10 5 8 3 2 7 4 
1 9 6 10 7 5 2 8 3 4 
1 9 6 10 7 5 8 2 3 4 
1 9 6 10 7 5 8 3 2 4 
1 9 6 10 7 8 2 3 5 4 
1 9 6 10 7 8 3 5 2 4 
1 9 6 10 8 3 2 7 5 4 
1 9 6 10 8 3 5 2 7 4 
1 9 6 10 8 7 5 2 3 4 
1 9 7 5 2 3 6 8 10 4 
1 9 7 5 2 3 6 10 8 4 
1 9 7 5 2 8 3 6 10 4 
1 9 7 5 2 8 6 10 3 4 
1 9 7 5 2 8 10 3 6 4 
1 9 7 5 2 8 10 6 3 4 
1 9 7 5 6 2 8 10 3 4 
1 9 7 5 6 3 2 8 10 4 
1 9 7 5 6 8 10 3 2 4 
1 9 7 5 6 10 3 2 8 4 
1 9 7 5 6 10 8 2 3 4 
1 9 7 5 6 10 8 3 2 4 
1 9 7 5 8 2 3 6 10 4 
1 9 7 5 8 6 10 3 2 4 
1 9 7 5 8 10 3 6 2 4 
1 9 7 5 8 10 6 2 3 4 
1 9 7 5 8 10 6 3 2 4 
1 9 7 5 10 3 2 8 6 4 
1 9 7 5 10 3 6 2 8 4 
1 9 7 5 10 3 6 8 2 4 
1 9 7 5 10 6 2 8 3 4 
1 9 7 5 10 6 3 2 8 4 
1 9 7 5 10 6 8 2 3 4 
1 9 7 5 10 6 8 3 2 4 
1 9 7 5 10 8 2 3 6 4 
1 9 7 5 10 8 3 6 2 4 
1 9 7 5 10 8 6 2 3 4 
1 9 7 5 10 8 6 3 2 4 
1 9 7 6 2 3 5 8 10 4 
1 9 7 6 2 3 5 10 8 4 
1 9 7 6 2 8 3 5 10 4 
1 9 7 6 2 8 10 3 5 4 
1 9 7 6 3 2 8 10 5 4 
1 9 7 6 3 5 2 8 10 4 
1 9 7 6 3 5 10 8 2 4 
1 9 7 6 5 2 8 10 3 4 
1 9 7 6 5 8 10 3 2 4 
1 9 7 6 5 10 3 2 8 4 
1 9 7 6 5 10 8 2 3 4 
1 9 7 6 5 10 8 3 2 4 
1 9 7 6 8 2 3 5 10 4 
1 9 7 6 8 10 3 5 2 4 
1 9 7 6 8 10 5 2 3 4 
1 9 7 6 10 3 5 2 8 4 
1 9 7 6 10 3 5 8 2 4 
1 9 7 6 10 5 2 8 3 4 
1 9 7 6 10 5 8 2 3 4 
1 9 7 6 10 5 8 3 2 4 
1 9 7 6 10 8 2 3 5 4 
1 9 7 6 10 8 3 5 2 4 
1 9 7 8 2 3 5 6 10 4 
1 9 7 8 2 3 5 10 6 4 
1 9 7 8 2 3 6 5 10 4 
1 9 7 8 2 3 6 10 5 4 
1 9 7 8 3 5 10 6 2 4 
1 9 7 8 3 6 10 5 2 4 
1 9 7 8 6 2 3 5 10 4 
1 9 7 8 6 5 10 3 2 4 
1 9 7 8 6 10 3 5 2 4 
1 9 7 8 6 10 5 2 3 4 
1 9 7 8 10 3 5 6 2 4 
1 9 7 8 10 3 6 5 2 4 
1 9 7 8 10 5 2 3 6 4 
1 9 7 8 10 5 6 2 3 4 
1 9 7 8 10 5 6 3 2 4 
1 9 7 8 10 6 2 3 5 4 
1 9 7 8 10 6 3 5 2 4 
1 9 7 8 10 6 5 2 3 4 
1 9 10 3 2 7 5 6 8 4 
1 9 10 3 2 7 5 8 6 4 
1 9 10 3 2 7 6 5 8 4 
1 9 10 3 2 7 8 6 5 4 
1 9 10 3 2 8 6 7 5 4 
1 9 10 3 2 8 7 5 6 4 
1 9 10 3 2 8 7 6 5 4 
1 9 10 3 5 2 7 6 8 4 
1 9 10 3 5 2 7 8 6 4 
1 9 10 3 5 2 8 6 7 4 
1 9 10 3 5 2 8 7 6 4 
1 9 10 3 5 6 2 7 8 4 
1 9 10 3 5 6 2 8 7 4 
1 9 10 3 5 6 7 8 2 4 
1 9 10 3 5 6 8 2 7 4 
1 9 10 3 5 8 2 7 6 4 
1 9 10 3 5 8 6 2 7 4 
1 9 10 3 5 8 7 6 2 4 
1 9 10 3 6 2 7 5 8 4 
1 9 10 3 6 2 8 7 5 4 
1 9 10 3 6 5 2 7 8 4 
1 9 10 3 6 5 2 8 7 4 
1 9 10 3 6 5 8 2 7 4 
1 9 10 3 6 7 5 2 8 4 
1 9 10 3 6 7 5 8 2 4 
1 9 10 3 6 8 2 7 5 4 
1 9 10 3 6 8 7 5 2 4 
1 9 10 5 2 3 6 7 8 4 
1 9 10 5 2 3 6 8 7 4 
1 9 10 5 2 7 6 8 3 4 
1 9 10 5 2 7 8 3 6 4 
1 9 10 5 2 7 8 6 3 4 
1 9 10 5 2 8 3 6 7 4 
1 9 10 5 2 8 7 6 3 4 
1 9 10 5 6 2 7 8 3 4 
1 9 10 5 6 3 2 7 8 4 
1 9 10 5 6 3 2 8 7 4 
1 9 10 5 6 7 8 2 3 4 
1 9 10 5 6 7 8 3 2 4 
1 9 10 5 6 8 3 2 7 4 
1 9 10 5 8 2 3 6 7 4 
1 9 10 5 8 2 7 6 3 4 
1 9 10 5 8 3 2 7 6 4 
1 9 10 5 8 3 6 2 7 4 
1 9 10 5 8 6 3 2 7 4 
1 9 10 5 8 7 6 2 3 4 
1 9 10 5 8 7 6 3 2 4 
1 9 10 6 2 3 5 8 7 4 
1 9 10 6 2 7 5 8 3 4 
1 9 10 6 2 7 8 3 5 4 
1 9 10 6 3 2 7 5 8 4 
1 9 10 6 3 2 8 7 5 4 
1 9 10 6 3 5 2 7 8 4 
1 9 10 6 3 5 2 8 7 4 
1 9 10 6 3 5 8 2 7 4 
1 9 10 6 5 2 7 8 3 4 
1 9 10 6 5 8 3 2 7 4 
1 9 10 6 7 5 2 8 3 4 
1 9 10 6 7 5 8 2 3 4 
1 9 10 6 7 5 8 3 2 4 
1 9 10 6 7 8 2 3 5 4 
1 9 10 6 7 8 3 5 2 4 
1 9 10 6 8 3 2 7 5 4 
1 9 10 6 8 3 5 2 7 4 
1 9 10 6 8 7 5 2 3 4 
1 9 10 7 5 2 3 6 8 4 
1 9 10 7 5 2 8 3 6 4 
1 9 10 7 5 2 8 6 3 4 
1 9 10 7 5 6 2 8 3 4 
1 9 10 7 5 6 3 2 8 4 
1 9 10 7 5 6 8 2 3 4 
1 9 10 7 5 6 8 3 2 4 
1 9 10 7 5 8 2 3 6 4 
1 9 10 7 5 8 3 6 2 4 
1 9 10 7 5 8 6 2 3 4 
1 9 10 7 5 8 6 3 2 4 
1 9 10 7 6 2 3 5 8 4 
1 9 10 7 6 2 8 3 5 4 
1 9 10 7 6 3 5 2 8 4 
1 9 10 7 6 3 5 8 2 4 
1 9 10 7 6 5 2 8 3 4 
1 9 10 7 6 5 8 2 3 4 
1 9 10 7 6 5 8 3 2 4 
1 9 10 7 6 8 2 3 5 4 
1 9 10 7 6 8 3 5 2 4 
1 9 10 7 8 2 3 5 6 4 
1 9 10 7 8 2 3 6 5 4 
1 9 10 7 8 3 5 6 2 4 
1 9 10 7 8 3 6 5 2 4 
1 9 10 7 8 6 2 3 5 4 
1 9 10 7 8 6 3 5 2 4 
1 9 10 7 8 6 5 2 3 4 
1 9 10 8 2 3 5 6 7 4 
1 9 10 8 2 3 6 7 5 4 
1 9 10 8 2 7 5 6 3 4 
1 9 10 8 2 7 6 3 5 4 
1 9 10 8 3 2 7 5 6 4 
1 9 10 8 3 2 7 6 5 4 
1 9 10 8 3 5 2 7 6 4 
1 9 10 8 3 5 6 2 7 4 
1 9 10 8 3 6 2 7 5 4 
1 9 10 8 3 6 5 2 7 4 
1 9 10 8 3 6 7 5 2 4 
1 9 10 8 6 3 2 7 5 4 
1 9 10 8 6 3 5 2 7 4 
1 9 10 8 6 7 5 2 3 4 
1 9 10 8 7 5 2 3 6 4 
1 9 10 8 7 5 6 2 3 4 
1 9 10 8 7 5 6 3 2 4 
1 9 10 8 7 6 2 3 5 4 
1 9 10 8 7 6 3 5 2 4 
1 9 10 8 7 6 5 2 3 4 
1 10 3 2 7 5 9 6 8 4 
1 10 3 2 7 6 9 5 8 4 
1 10 3 2 7 8 6 9 5 4 
1 10 3 2 7 9 5 6 8 4 
1 10 3 2 7 9 5 8 6 4 
1 10 3 2 7 9 6 5 8 4 
1 10 3 2 8 6 5 9 7 4 
1 10 3 2 8 6 7 9 5 4 
1 10 3 2 8 6 9 7 5 4 
1 10 3 2 8 7 5 9 6 4 
1 10 3 2 8 7 6 9 5 4 
1 10 3 2 8 7 9 5 6 4 
1 10 3 2 8 7 9 6 5 4 
1 10 3 2 9 5 6 7 8 4 
1 10 3 2 9 5 6 8 7 4 
1 10 3 2 9 5 8 6 7 4 
1 10 3 2 9 5 8 7 6 4 
1 10 3 2 9 6 5 8 7 4 
1 10 3 2 9 6 7 5 8 4 
1 10 3 2 9 6 8 7 5 4 
1 10 3 2 9 7 5 6 8 4 
1 10 3 2 9 7 5 8 6 4 
1 10 3 2 9 7 6 5 8 4 
1 10 3 2 9 7 8 6 5 4 
1 10 3 5 2 7 9 6 8 4 
1 10 3 5 2 8 6 9 7 4 
1 10 3 5 2 8 7 9 6 4 
1 10 3 5 2 9 6 7 8 4 
1 10 3 5 2 9 6 8 7 4 
1 10 3 5 2 9 7 6 8 4 
1 10 3 5 2 9 7 8 6 4 
1 10 3 5 6 2 9 7 8 4 
1 10 3 5 6 7 9 2 8 4 
1 10 3 5 6 8 2 9 7 4 
1 10 3 5 6 8 7 9 2 4 
1 10 3 5 6 9 2 7 8 4 
1 10 3 5 6 9 2 8 7 4 
1 10 3 5 6 9 7 8 2 4 
1 10 3 5 8 2 7 9 6 4 
1 10 3 5 8 2 9 6 7 4 
1 10 3 5 8 2 9 7 6 4 
1 10 3 5 8 6 2 9 7 4 
1 10 3 5 8 6 7 9 2 4 
1 10 3 5 8 6 9 2 7 4 
1 10 3 5 8 7 6 9 2 4 
1 10 3 5 8 7 9 6 2 4 
1 10 3 5 9 2 7 6 8 4 
1 10 3 5 9 2 7 8 6 4 
1 10 3 5 9 2 8 6 7 4 
1 10 3 5 9 2 8 7 6 4 
1 10 3 5 9 6 2 7 8 4 
1 10 3 5 9 6 2 8 7 4 
1 10 3 5 9 6 7 8 2 4 
1 10 3 5 9 6 8 2 7 4 
1 10 3 5 9 7 6 2 8 4 
1 10 3 5 9 7 6 8 2 4 
1 10 3 5 9 7 8 6 2 4 
1 10 3 6 2 7 9 5 8 4 
1 10 3 6 2 8 7 9 5 4 
1 10 3 6 2 9 5 8 7 4 
1 10 3 6 2 9 7 5 8 4 
1 10 3 6 5 2 9 7 8 4 
1 10 3 6 5 8 2 9 7 4 
1 10 3 6 5 8 7 9 2 4 
1 10 3 6 5 9 2 7 8 4 
1 10 3 6 5 9 2 8 7 4 
1 10 3 6 5 9 7 8 2 4 
1 10 3 6 7 5 9 2 8 4 
1 10 3 6 7 8 2 9 5 4 
1 10 3 6 7 9 5 2 8 4 
1 10 3 6 7 9 5 8 2 4 
1 10 3 6 8 2 7 9 5 4 
1 10 3 6 8 2 9 7 5 4 
1 10 3 6 8 7 5 9 2 4 
1 10 3 6 8 7 9 5 2 4 
1 10 3 6 9 2 7 5 8 4 
1 10 3 6 9 2 8 7 5 4 
1 10 3 6 9 5 2 7 8 4 
1 10 3 6 9 5 2 8 7 4 
1 10 3 6 9 5 8 2 7 4 
1 10 3 6 9 7 5 2 8 4 
1 10 3 6 9 7 5 8 2 4 
1 10 3 9 2 7 5 6 8 4 
1 10 3 9 2 7 5 8 6 4 
1 10 3 9 2 7 6 5 8 4 
1 10 3 9 2 7 8 6 5 4 
1 10 3 9 2 8 6 7 5 4 
1 10 3 9 2 8 7 5 6 4 
1 10 3 9 2 8 7 6 5 4 
1 10 3 9 5 2 7 6 8 4 
1 10 3 9 5 2 7 8 6 4 
1 10 3 9 5 2 8 6 7 4 
1 10 3 9 5 2 8 7 6 4 
1 10 3 9 5 6 2 7 8 4 
1 10 3 9 5 6 2 8 7 4 
1 10 3 9 5 6 7 8 2 4 
1 10 3 9 5 6 8 2 7 4 
1 10 3 9 5 8 2 7 6 4 
1 10 3 9 5 8 6 2 7 4 
1 10 3 9 5 8 7 6 2 4 
1 10 3 9 6 2 7 5 8 4 
1 10 3 9 6 2 8 7 5 4 
1 10 3 9 6 5 2 7 8 4 
1 10 3 9 6 5 2 8 7 4 
1 10 3 9 6 5 8 2 7 4 
1 10 3 9 6 7 5 2 8 4 
1 10 3 9 6 7 5 8 2 4 
1 10 3 9 6 8 2 7 5 4 
1 10 3 9 6 8 7 5 2 4 
1 10 3 9 7 5 2 8 6 4 
1 10 3 9 7 5 6 2 8 4 
1 10 3 9 7 5 6 8 2 4 
1 10 3 9 7 5 8 6 2 4 
1 10 3 9 7 6 5 2 8 4 
1 10 3 9 7 6 5 8 2 4 
1 10 3 9 7 8 6 5 2 4 
1 10 5 2 3 6 9 7 8 4 
1 10 5 2 3 9 6 7 8 4 
1 10 5 2 3 9 6 8 7 4 
1 10 5 2 3 9 7 6 8 4 
1 10 5 2 3 9 7 8 6 4 
1 10 5 2 7 8 3 9 6 4 
1 10 5 2 7 8 6 9 3 4 
1 10 5 2 7 9 3 6 8 4 
1 10 5 2 7 9 6 8 3 4 
1 10 5 2 8 3 6 9 7 4 
1 10 5 2 8 3 9 6 7 4 
1 10 5 2 8 3 9 7 6 4 
1 10 5 2 8 6 3 9 7 4 
1 10 5 2 8 6 7 9 3 4 
1 10 5 2 8 7 6 9 3 4 
1 10 5 2 8 7 9 3 6 4 
1 10 5 2 8 7 9 6 3 4 
1 10 5 2 9 3 6 7 8 4 
1 10 5 2 9 3 6 8 7 4 
1 10 5 2 9 6 7 8 3 4 
1 10 5 2 9 7 6 8 3 4 
1 10 5 2 9 7 8 3 6 4 
1 10 5 2 9 7 8 6 3 4 
1 10 5 6 2 3 9 7 8 4 
1 10 5 6 2 8 3 9 7 4 
1 10 5 6 2 8 7 9 3 4 
1 10 5 6 2 9 7 8 3 4 
1 10 5 6 3 2 9 7 8 4 
1 10 5 6 3 9 2 7 8 4 
1 10 5 6 3 9 2 8 7 4 
1 10 5 6 3 9 7 8 2 4 
1 10 5 6 7 8 2 9 3 4 
1 10 5 6 7 8 3 9 2 4 
1 10 5 6 7 9 2 8 3 4 
1 10 5 6 7 9 3 2 8 4 
1 10 5 6 8 2 3 9 7 4 
1 10 5 6 8 2 7 9 3 4 
1 10 5 6 8 3 2 9 7 4 
1 10 5 6 8 3 9 2 7 4 
1 10 5 6 8 7 9 2 3 4 
1 10 5 6 8 7 9 3 2 4 
1 10 5 6 9 2 7 8 3 4 
1 10 5 6 9 3 2 7 8 4 
1 10 5 6 9 3 2 8 7 4 
1 10 5 6 9 7 8 2 3 4 
1 10 5 6 9 7 8 3 2 4 
1 10 5 8 2 3 6 9 7 4 
1 10 5 8 2 3 9 6 7 4 
1 10 5 8 2 3 9 7 6 4 
1 10 5 8 2 7 6 9 3 4 
1 10 5 8 2 7 9 3 6 4 
1 10 5 8 2 7 9 6 3 4 
1 10 5 8 2 9 3 6 7 4 
1 10 5 8 2 9 7 6 3 4 
1 10 5 8 3 2 7 9 6 4 
1 10 5 8 3 2 9 6 7 4 
1 10 5 8 3 2 9 7 6 4 
1 10 5 8 3 6 2 9 7 4 
1 10 5 8 3 6 7 9 2 4 
1 10 5 8 3 6 9 2 7 4 
1 10 5 8 3 9 2 7 6 4 
1 10 5 8 3 9 6 2 7 4 
1 10 5 8 3 9 7 6 2 4 
1 10 5 8 6 2 3 9 7 4 
1 10 5 8 6 2 7 9 3 4 
1 10 5 8 6 3 2 9 7 4 
1 10 5 8 6 3 9 2 7 4 
1 10 5 8 6 7 9 2 3 4 
1 10 5 8 6 7 9 3 2 4 
1 10 5 8 6 9 3 2 7 4 
1 10 5 8 7 6 2 9 3 4 
1 10 5 8 7 6 3 9 2 4 
1 10 5 8 7 6 9 2 3 4 
1 10 5 8 7 6 9 3 2 4 
1 10 5 8 7 9 2 3 6 4 
1 10 5 8 7 9 3 6 2 4 
1 10 5 8 7 9 6 2 3 4 
1 10 5 8 7 9 6 3 2 4 
1 10 5 9 2 3 6 7 8 4 
1 10 5 9 2 3 6 8 7 4 
1 10 5 9 2 7 6 8 3 4 
1 10 5 9 2 7 8 3 6 4 
1 10 5 9 2 7 8 6 3 4 
1 10 5 9 2 8 3 6 7 4 
1 10 5 9 2 8 7 6 3 4 
1 10 5 9 3 2 7 6 8 4 
1 10 5 9 3 2 7 8 6 4 
1 10 5 9 3 2 8 6 7 4 
1 10 5 9 3 2 8 7 6 4 
1 10 5 9 3 6 2 7 8 4 
1 10 5 9 3 6 2 8 7 4 
1 10 5 9 3 6 7 8 2 4 
1 10 5 9 3 6 8 2 7 4 
1 10 5 9 6 2 7 8 3 4 
1 10 5 9 6 3 2 7 8 4 
1 10 5 9 6 3 2 8 7 4 
1 10 5 9 6 7 8 2 3 4 
1 10 5 9 6 7 8 3 2 4 
1 10 5 9 6 8 3 2 7 4 
1 10 5 9 7 6 2 8 3 4 
1 10 5 9 7 6 3 2 8 4 
1 10 5 9 7 6 8 2 3 4 
1 10 5 9 7 6 8 3 2 4 
1 10 5 9 7 8 2 3 6 4 
1 10 5 9 7 8 3 6 2 4 
1 10 5 9 7 8 6 2 3 4 
1 10 5 9 7 8 6 3 2 4 
1 10 6 2 3 5 9 7 8 4 
1 10 6 2 3 9 5 8 7 4 
1 10 6 2 3 9 7 5 8 4 
1 10 6 2 7 8 3 9 5 4 
1 10 6 2 7 9 3 5 8 4 
1 10 6 2 7 9 5 8 3 4 
1 10 6 2 8 3 5 9 7 4 
1 10 6 2 8 3 9 7 5 4 
1 10 6 2 8 7 5 9 3 4 
1 10 6 2 8 7 9 3 5 4 
1 10 6 2 9 3 5 8 7 4 
1 10 6 2 9 7 5 8 3 4 
1 10 6 2 9 7 8 3 5 4 
1 10 6 3 2 7 9 5 8 4 
1 10 6 3 2 8 7 9 5 4 
1 10 6 3 2 9 5 8 7 4 
1 10 6 3 2 9 7 5 8 4 
1 10 6 3 5 2 9 7 8 4 
1 10 6 3 5 8 2 9 7 4 
1 10 6 3 5 8 7 9 2 4 
1 10 6 3 5 9 2 7 8 4 
1 10 6 3 5 9 2 8 7 4 
1 10 6 3 5 9 7 8 2 4 
1 10 6 3 9 2 7 5 8 4 
1 10 6 3 9 2 8 7 5 4 
1 10 6 3 9 5 2 7 8 4 
1 10 6 3 9 5 2 8 7 4 
1 10 6 3 9 5 8 2 7 4 
1 10 6 3 9 7 5 2 8 4 
1 10 6 3 9 7 5 8 2 4 
1 10 6 5 2 3 9 7 8 4 
1 10 6 5 2 8 3 9 7 4 
1 10 6 5 2 8 7 9 3 4 
1 10 6 5 2 9 7 8 3 4 
1 10 6 5 8 2 3 9 7 4 
1 10 6 5 8 2 7 9 3 4 
1 10 6 5 8 3 2 9 7 4 
1 10 6 5 8 3 9 2 7 4 
1 10 6 5 8 7 9 2 3 4 
1 10 6 5 8 7 9 3 2 4 
1 10 6 5 9 2 7 8 3 4 
1 10 6 5 9 3 2 7 8 4 
1 10 6 5 9 3 2 8 7 4 
1 10 6 5 9 7 8 2 3 4 
1 10 6 5 9 7 8 3 2 4 
1 10 6 7 5 8 2 9 3 4 
1 10 6 7 5 8 3 9 2 4 
1 10 6 7 5 9 2 8 3 4 
1 10 6 7 5 9 3 2 8 4 
1 10 6 7 8 2 3 9 5 4 
1 10 6 7 8 2 9 3 5 4 
1 10 6 7 8 3 2 9 5 4 
1 10 6 7 8 3 5 9 2 4 
1 10 6 7 8 3 9 5 2 4 
1 10 6 7 9 2 3 5 8 4 
1 10 6 7 9 2 8 3 5 4 
1 10 6 7 9 3 5 2 8 4 
1 10 6 7 9 3 5 8 2 4 
1 10 6 7 9 5 2 8 3 4 
1 10 6 7 9 5 8 2 3 4 
1 10 6 7 9 5 8 3 2 4 
1 10 6 8 2 3 5 9 7 4 
1 10 6 8 2 3 9 7 5 4 
1 10 6 8 2 7 5 9 3 4 
1 10 6 8 2 7 9 3 5 4 
1 10 6 8 3 2 7 9 5 4 
1 10 6 8 3 2 9 7 5 4 
1 10 6 8 3 5 2 9 7 4 
1 10 6 8 3 5 9 2 7 4 
1 10 6 8 3 9 2 7 5 4 
1 10 6 8 3 9 5 2 7 4 
1 10 6 8 3 9 7 5 2 4 
1 10 6 8 7 5 2 9 3 4 
1 10 6 8 7 5 9 2 3 4 
1 10 6 8 7 5 9 3 2 4 
1 10 6 8 7 9 2 3 5 4 
1 10 6 8 7 9 3 5 2 4 
1 10 6 8 7 9 5 2 3 4 
1 10 6 9 2 3 5 8 7 4 
1 10 6 9 2 7 5 8 3 4 
1 10 6 9 2 7 8 3 5 4 
1 10 6 9 3 2 7 5 8 4 
1 10 6 9 3 2 8 7 5 4 
1 10 6 9 3 5 2 7 8 4 
1 10 6 9 3 5 2 8 7 4 
1 10 6 9 3 5 8 2 7 4 
1 10 6 9 5 2 7 8 3 4 
1 10 6 9 5 8 3 2 7 4 
1 10 6 9 7 5 2 8 3 4 
1 10 6 9 7 5 8 2 3 4 
1 10 6 9 7 5 8 3 2 4 
1 10 6 9 7 8 2 3 5 4 
1 10 6 9 7 8 3 5 2 4 
1 10 7 5 2 3 9 6 8 4 
1 10 7 5 2 8 3 9 6 4 
1 10 7 5 2 8 6 9 3 4 
1 10 7 5 2 9 3 6 8 4 
1 10 7 5 2 9 6 8 3 4 
1 10 7 5 6 3 9 2 8 4 
1 10 7 5 6 8 2 9 3 4 
1 10 7 5 6 8 3 9 2 4 
1 10 7 5 6 9 2 8 3 4 
1 10 7 5 6 9 3 2 8 4 
1 10 7 5 8 2 3 9 6 4 
1 10 7 5 8 2 9 3 6 4 
1 10 7 5 8 2 9 6 3 4 
1 10 7 5 8 3 2 9 6 4 
1 10 7 5 8 3 6 9 2 4 
1 10 7 5 8 3 9 6 2 4 
1 10 7 5 8 6 2 9 3 4 
1 10 7 5 8 6 3 9 2 4 
1 10 7 5 8 6 9 2 3 4 
1 10 7 5 8 6 9 3 2 4 
1 10 7 5 9 2 3 6 8 4 
1 10 7 5 9 2 8 3 6 4 
1 10 7 5 9 2 8 6 3 4 
1 10 7 5 9 3 2 8 6 4 
1 10 7 5 9 3 6 2 8 4 
1 10 7 5 9 3 6 8 2 4 
1 10 7 5 9 6 2 8 3 4 
1 10 7 5 9 6 3 2 8 4 
1 10 7 5 9 6 8 2 3 4 
1 10 7 5 9 6 8 3 2 4 
1 10 7 6 2 3 9 5 8 4 
1 10 7 6 2 8 3 9 5 4 
1 10 7 6 2 9 3 5 8 4 
1 10 7 6 2 9 5 8 3 4 
1 10 7 6 3 2 9 5 8 4 
1 10 7 6 3 5 9 2 8 4 
1 10 7 6 3 9 5 2 8 4 
1 10 7 6 3 9 5 8 2 4 
1 10 7 6 5 8 2 9 3 4 
1 10 7 6 5 8 3 9 2 4 
1 10 7 6 5 9 2 8 3 4 
1 10 7 6 5 9 3 2 8 4 
1 10 7 6 8 2 3 9 5 4 
1 10 7 6 8 2 9 3 5 4 
1 10 7 6 8 3 2 9 5 4 
1 10 7 6 8 3 5 9 2 4 
1 10 7 6 8 3 9 5 2 4 
1 10 7 6 9 2 3 5 8 4 
1 10 7 6 9 2 8 3 5 4 
1 10 7 6 9 3 5 2 8 4 
1 10 7 6 9 3 5 8 2 4 
1 10 7 6 9 5 2 8 3 4 
1 10 7 6 9 5 8 2 3 4 
1 10 7 6 9 5 8 3 2 4 
1 10 7 8 2 3 5 9 6 4 
1 10 7 8 2 3 6 9 5 4 
1 10 7 8 2 3 9 5 6 4 
1 10 7 8 2 3 9 6 5 4 
1 10 7 8 2 9 3 5 6 4 
1 10 7 8 2 9 3 6 5 4 
1 10 7 8 2 9 5 6 3 4 
1 10 7 8 2 9 6 3 5 4 
1 10 7 8 3 2 9 5 6 4 
1 10 7 8 3 2 9 6 5 4 
1 10 7 8 3 5 2 9 6 4 
1 10 7 8 3 5 6 9 2 4 
1 10 7 8 3 5 9 6 2 4 
1 10 7 8 3 6 2 9 5 4 
1 10 7 8 3 6 5 9 2 4 
1 10 7 8 3 6 9 5 2 4 
1 10 7 8 3 9 5 6 2 4 
1 10 7 8 3 9 6 5 2 4 
1 10 7 8 6 2 3 9 5 4 
1 10 7 8 6 2 9 3 5 4 
1 10 7 8 6 3 2 9 5 4 
1 10 7 8 6 3 5 9 2 4 
1 10 7 8 6 3 9 5 2 4 
1 10 7 8 6 5 2 9 3 4 
1 10 7 8 6 5 9 2 3 4 
1 10 7 8 6 5 9 3 2 4 
1 10 7 8 6 9 2 3 5 4 
1 10 7 8 6 9 3 5 2 4 
1 10 7 8 6 9 5 2 3 4 
1 10 7 9 2 3 5 6 8 4 
1 10 7 9 2 3 5 8 6 4 
1 10 7 9 2 3 6 5 8 4 
1 10 7 9 2 8 3 5 6 4 
1 10 7 9 2 8 3 6 5 4 
1 10 7 9 2 8 6 3 5 4 
1 10 7 9 3 2 8 6 5 4 
1 10 7 9 3 5 2 8 6 4 
1 10 7 9 3 5 6 2 8 4 
1 10 7 9 3 5 6 8 2 4 
1 10 7 9 3 5 8 6 2 4 
1 10 7 9 3 6 5 2 8 4 
1 10 7 9 3 6 5 8 2 4 
1 10 7 9 5 2 3 6 8 4 
1 10 7 9 5 2 8 3 6 4 
1 10 7 9 5 2 8 6 3 4 
1 10 7 9 5 6 2 8 3 4 
1 10 7 9 5 6 3 2 8 4 
1 10 7 9 5 6 8 2 3 4 
1 10 7 9 5 6 8 3 2 4 
1 10 7 9 5 8 2 3 6 4 
1 10 7 9 5 8 3 6 2 4 
1 10 7 9 5 8 6 2 3 4 
1 10 7 9 5 8 6 3 2 4 
1 10 7 9 6 2 3 5 8 4 
1 10 7 9 6 2 8 3 5 4 
1 10 7 9 6 3 5 2 8 4 
1 10 7 9 6 3 5 8 2 4 
1 10 7 9 6 5 2 8 3 4 
1 10 7 9 6 5 8 2 3 4 
1 10 7 9 6 5 8 3 2 4 
1 10 7 9 6 8 2 3 5 4 
1 10 7 9 6 8 3 5 2 4 
1 10 8 2 3 5 6 9 7 4 
1 10 8 2 3 5 9 6 7 4 
1 10 8 2 3 5 9 7 6 4 
1 10 8 2 3 6 5 9 7 4 
1 10 8 2 3 6 7 9 5 4 
1 10 8 2 3 6 9 7 5 4 
1 10 8 2 3 9 5 6 7 4 
1 10 8 2 3 9 6 7 5 4 
1 10 8 2 3 9 7 5 6 4 
1 10 8 2 3 9 7 6 5 4 
1 10 8 2 7 5 6 9 3 4 
1 10 8 2 7 5 9 3 6 4 
1 10 8 2 7 5 9 6 3 4 
1 10 8 2 7 6 3 9 5 4 
1 10 8 2 7 6 5 9 3 4 
1 10 8 2 7 6 9 3 5 4 
1 10 8 2 7 9 3 5 6 4 
1 10 8 2 7 9 3 6 5 4 
1 10 8 2 7 9 5 6 3 4 
1 10 8 2 7 9 6 3 5 4 
1 10 8 2 9 3 5 6 7 4 
1 10 8 2 9 3 6 7 5 4 
1 10 8 2 9 7 5 6 3 4 
1 10 8 2 9 7 6 3 5 4 
1 10 8 3 2 7 5 9 6 4 
1 10 8 3 2 7 6 9 5 4 
1 10 8 3 2 7 9 5 6 4 
1 10 8 3 2 7 9 6 5 4 
1 10 8 3 2 9 5 6 7 4 
1 10 8 3 2 9 6 7 5 4 
1 10 8 3 2 9 7 5 6 4 
1 10 8 3 2 9 7 6 5 4 
1 10 8 3 5 2 7 9 6 4 
1 10 8 3 5 2 9 6 7 4 
1 10 8 3 5 2 9 7 6 4 
1 10 8 3 5 6 2 9 7 4 
1 10 8 3 5 6 7 9 2 4 
1 10 8 3 5 6 9 2 7 4 
1 10 8 3 5 9 2 7 6 4 
1 10 8 3 5 9 6 2 7 4 
1 10 8 3 5 9 7 6 2 4 
1 10 8 3 6 2 7 9 5 4 
1 10 8 3 6 2 9 7 5 4 
1 10 8 3 6 5 2 9 7 4 
1 10 8 3 6 5 9 2 7 4 
1 10 8 3 6 7 5 9 2 4 
1 10 8 3 6 7 9 5 2 4 
1 10 8 3 6 9 2 7 5 4 
1 10 8 3 6 9 5 2 7 4 
1 10 8 3 6 9 7 5 2 4 
1 10 8 3 9 2 7 5 6 4 
1 10 8 3 9 2 7 6 5 4 
1 10 8 3 9 5 2 7 6 4 
1 10 8 3 9 5 6 2 7 4 
1 10 8 3 9 6 2 7 5 4 
1 10 8 3 9 6 5 2 7 4 
1 10 8 3 9 6 7 5 2 4 
1 10 8 3 9 7 5 6 2 4 
1 10 8 3 9 7 6 5 2 4 
1 10 8 6 2 3 5 9 7 4 
1 10 8 6 2 3 9 7 5 4 
1 10 8 6 2 7 5 9 3 4 
1 10 8 6 2 7 9 3 5 4 
1 10 8 6 3 2 7 9 5 4 
1 10 8 6 3 2 9 7 5 4 
1 10 8 6 3 5 2 9 7 4 
1 10 8 6 3 5 9 2 7 4 
1 10 8 6 3 9 2 7 5 4 
1 10 8 6 3 9 5 2 7 4 
1 10 8 6 3 9 7 5 2 4 
1 10 8 6 5 2 3 9 7 4 
1 10 8 6 5 2 7 9 3 4 
1 10 8 6 5 9 3 2 7 4 
1 10 8 6 7 5 2 9 3 4 
1 10 8 6 7 5 9 2 3 4 
1 10 8 6 7 5 9 3 2 4 
1 10 8 6 7 9 2 3 5 4 
1 10 8 6 7 9 3 5 2 4 
1 10 8 6 7 9 5 2 3 4 
1 10 8 6 9 3 2 7 5 4 
1 10 8 6 9 3 5 2 7 4 
1 10 8 6 9 7 5 2 3 4 
1 10 8 7 5 2 3 9 6 4 
1 10 8 7 5 2 9 3 6 4 
1 10 8 7 5 2 9 6 3 4 
1 10 8 7 5 6 2 9 3 4 
1 10 8 7 5 6 3 9 2 4 
1 10 8 7 5 6 9 2 3 4 
1 10 8 7 5 6 9 3 2 4 
1 10 8 7 5 9 2 3 6 4 
1 10 8 7 5 9 3 6 2 4 
1 10 8 7 5 9 6 2 3 4 
1 10 8 7 5 9 6 3 2 4 
1 10 8 7 6 2 3 9 5 4 
1 10 8 7 6 2 9 3 5 4 
1 10 8 7 6 3 2 9 5 4 
1 10 8 7 6 3 5 9 2 4 
1 10 8 7 6 3 9 5 2 4 
1 10 8 7 6 5 2 9 3 4 
1 10 8 7 6 5 9 2 3 4 
1 10 8 7 6 5 9 3 2 4 
1 10 8 7 6 9 2 3 5 4 
1 10 8 7 6 9 3 5 2 4 
1 10 8 7 6 9 5 2 3 4 
1 10 8 7 9 2 3 5 6 4 
1 10 8 7 9 2 3 6 5 4 
1 10 8 7 9 3 5 6 2 4 
1 10 8 7 9 3 6 5 2 4 
1 10 8 7 9 5 2 3 6 4 
1 10 8 7 9 5 6 2 3 4 
1 10 8 7 9 5 6 3 2 4 
1 10 8 7 9 6 2 3 5 4 
1 10 8 7 9 6 3 5 2 4 
1 10 8 7 9 6 5 2 3 4 
